0.0018993808,0.005605981,0.0059366524,0.0022376166,0.0030042175,0.004802844,0.00058127276,0.0060730134
1.2478457e-05,1.006336e-05,1.2023778e-05,1.2099811e-06,1.252468e-05,1.337907e-05,9.520881e-06,1.0187324e-06
1.4776297e-06,1.6366993e-06,1.5898223e-06,7.295558e-06,8.387523e-06,6.036973e-07,7.673573e-06,6.4822775e-06
6.927777e-08,1.1318262e-08,1.1066464e-06,3.3397745e-09,1.5873915e-05,3.1945797e-06,8.7134913e-07,1.4019405e-07
2.4040655e-06,4.7007048e-05,2.9931483e-05,3.3471274e-06,6.991472e-06,2.5983732e-05,1.0629365e-07,2.5734711e-05
2.8555128e-06,5.9067456e-06,2.4754186e-06,1.725186e-07,3.3859912e-06,1.3781618e-06,1.2518975e-06,1.8258456e-07
2.782378e-07,1.9385193e-07,1.8521483e-06,3.2492098e-06,2.1532037e-06,3.5058486e-07,4.537953e-06,5.349094e-07
5.6093405e-09,4.60802e-10,3.551974e-08,4.3930533e-11,6.624483e-07,3.661893e-07,5.747943e-08,5.0363482e-09
1.0303056e-06,8.0373175e-06,5.849935e-06,6.7764194e-07,1.0334871e-06,4.4059007e-06,9.510466e-09,6.025221e-06
4.80424e-07,7.210157e-06,3.01064e-07,2.3270877e-08,8.597418e-07,5.172884e-08,9.1114465e-08,1.6931489e-08
5.125624e-08,1.0699658e-08,4.124317e-08,2.4745893e-07,3.383227e-07,2.6702084e-08,2.2171524e-07,7.549373e-09
2.2396358e-10,2.0567922e-11,1.4376067e-08,2.075233e-12,3.27498e-07,2.1649345e-08,1.0552335e-08,5.94741e-10
1.0356371e-06,1.7482439e-06,1.1408978e-06,1.633216e-07,1.4525001e-07,6.3172996e-07,5.589057e-10,1.4442996e-06
6.298327e-08,1.7338452e-06,8.739089e-09,1.9782556e-10,4.4503235e-08,1.2187336e-09,1.0520925e-08,8.158706e-10
3.4967638e-09,1.4992796e-09,2.0182755e-08,3.807711e-08,1.6353102e-08,5.0876254e-09,9.693295e-08,2.7353806e-09
1.8183467e-10,9.989054e-13,6.9606806e-11,1.792384e-13,8.372284e-09,6.7050303e-09,4.751285e-10,3.071312e-11
1.1858976e-07,4.5145292e-08,8.490129e-08,1.6349171e-08,1.4640265e-09,4.6437233e-08,1.1375033e-11,6.863737e-08
6.8962778e-09,3.7793913e-07,3.1862273e-09,1.7602846e-11,5.510959e-09,2.3195917e-10,1.0010202e-09,1.4494138e-10
6.646379e-10,2.1064245e-10,9.680182e-11,2.1825417e-09,7.3711166e-09,4.3492657e-11,1.9275417e-09,6.326072e-10
3.1482277e-14,5.1985473e-17,1.3347786e-14,3.507984e-18,3.4888457e-11,2.1687697e-12,6.8170214e-14,3.0170126e-15
1.7915104e-08,4.403563e-08,7.624142e-09,2.3266293e-09,2.4136e-10,1.7020401e-08,7.5891615e-13,3.336718e-09
8.8400065e-10,4.2869566e-09,2.3294167e-10,1.6372731e-12,5.9064414e-10,1.1011805e-10,2.6533756e-10,4.788344e-12
1.8343076e-14,2.2211904e-13,1.9085899e-14,8.3778904e-13,3.1479847e-12,4.638723e-15,5.4129422e-12,7.717618e-13
1.4557679e-16,1.6914763e-20,1.2559412e-17,1.8272125e-21,1.8169537e-13,2.0990047e-14,3.0480364e-16,5.398831e-18
1.249673e-10,3.257018e-09,3.209974e-09,8.6202316e-11,2.8097366e-11,2.8451e-09,2.406204e-14,1.4090393e-09
1.4531097e-13,2.465062e-13,3.2051832e-13,2.2956062e-16,7.0376745e-13,9.522186e-14,4.5290743e-14,4.4484725e-16
9.788974e-17,5.036744e-16,2.9061707e-17,5.1100363e-15,2.0621906e-14,2.964766e-18,1.5568872e-14,5.054396e-15
6.278499e-16,3.917726e-18,9.5340665e-15,9.447953e-19,1.7591971e-11,1.8868914e-13,2.537767e-14,1.2551856e-15
2.2893283e-15,4.2006346e-12,1.1852999e-12,5.0288554e-15,4.802278e-14,2.1264201e-12,5.08265e-20,1.5703332e-12
6.1033245e-16,9.078883e-16,1.2705339e-15,2.1755897e-19,1.5970753e-15,4.4651e-16,1.3927274e-16,2.3364456e-19
1.7920748e-15,7.352279e-15,7.967075e-15,1.2460367e-13,7.542953e-13,2.149493e-15,1.5172329e-13,3.8414394e-13
6.2409646e-15,3.391987e-16,6.4031874e-12,8.7923026e-17,7.3980577e-10,8.413347e-12,1.3530896e-12,8.474411e-14
3.804773e-18,6.869767e-14,1.425055e-14,1.1787003e-17,1.3703926e-16,1.14466635e-14,1.6501302e-23,7.0273796e-15
1.3397467e-15,1.3169384e-13,2.9623358e-14,3.705018e-16,3.711578e-14,2.6620674e-15,8.4804817e-16,3.3373073e-18
1.05953075e-13,1.05922974e-13,5.945498e-12,1.0898859e-11,1.403424e-11,8.283286e-13,1.3765051e-11,3.6445035e-12
2.8673614e-19,2.6577686e-20,2.5961551e-14,1.4995314e-20,1.241466e-12,3.5636892e-14,1.313117e-15,1.0626311e-17
1.2542953e-15,1.4189402e-12,2.0664912e-13,3.997195e-16,1.10003e-14,1.3570435e-13,7.141291e-21,4.7695734e-13
3.836634e-14,4.506488e-11,3.2555458e-13,2.4089912e-14,1.0045456e-12,1.4958908e-14,1.1002356e-14,3.682965e-16
3.0943358e-16,5.070596e-16,1.1598777e-13,3.9461818e-13,2.2520536e-14,3.138214e-15,2.0828577e-13,2.2024728e-16
7.431293e-21,2.5010406e-21,6.46924e-21,2.6158245e-28,5.0360476e-14,1.7766537e-19,1.2406651e-17,1.2981881e-18
1.1034817e-12,2.3495535e-11,3.710761e-12,4.565276e-14,1.8982149e-13,2.8526868e-12,9.931631e-19,1.514196e-11
2.4775055e-17,7.797532e-13,1.6860233e-16,1.0229471e-19,9.350009e-17,5.5439614e-19,4.6110348e-18,1.3750459e-19
4.3700908e-17,2.8122313e-21,9.338369e-21,1.3885206e-16,3.727729e-16,6.5489466e-20,5.3686206e-18,2.0140457e-23
1.5794268e-22,2.4780732e-24,2.081396e-17,4.616582e-24,1.9584355e-15,5.797364e-17,1.729589e-19,1.0100883e-20
2.704212e-14,8.8808186e-14,2.0664616e-15,1.950866e-16,6.2714555e-18,1.14188825e-14,8.085311e-24,5.6591404e-16
6.9502905e-19,1.3483693e-13,4.8620187e-18,2.3372918e-27,3.0527345e-18,7.39106e-22,1.9540714e-21,4.3445203e-20
4.6463795e-20,3.7397464e-18,1.069019e-16,2.7007095e-16,2.2460745e-17,4.172832e-18,3.1272896e-16,4.8799238e-21
1.1467833e-19,1.4790334e-21,2.624698e-15,7.876777e-23,2.9384867e-14,6.1965796e-15,3.0191626e-17,2.6864024e-19
1.1148744e-15,1.3262564e-22,2.397855e-19,3.6011566e-20,1.7947278e-24,2.6053873e-21,8.0154912e-28,7.000158e-18
1.1885285e-19,3.0307512e-15,1.3832846e-19,1.2807908e-24,5.093578e-20,7.603307e-23,5.660141e-21,1.4870142e-23
3.5964514e-18,3.801018e-17,5.431516e-16,1.2501591e-14,3.5726897e-16,7.6630843e-16,3.6099824e-15,9.946489e-20
2.7701002e-21,1.1462404e-20,7.36628e-17,3.030792e-26,2.5016975e-11,4.8512333e-19,5.826118e-17,4.0355243e-18
1.0229521e-17,1.5465616e-17,1.6643396e-18,6.3788666e-20,1.3390475e-21,2.3568477e-18,1.1242027e-28,2.2352597e-19
1.1924535e-17,4.2210945e-14,2.666066e-19,1.3599418e-22,1.4754122e-18,1.3222009e-21,6.811987e-19,2.3128285e-21
2.8093393e-19,8.043372e-19,3.2657885e-17,3.3148658e-16,5.506828e-17,1.8335772e-17,1.5466732e-14,4.068273e-20
4.4371207e-22,1.5872251e-21,6.821716e-18,3.1995409e-27,1.060565e-11,5.5005637e-20,2.130178e-17,1.5843603e-18
9.770437e-16,3.5372126e-17,5.735727e-17,1.1162904e-17,3.695017e-20,3.654401e-16,1.7795582e-25,1.424156e-17
5.745404e-18,2.833197e-13,2.7616138e-16,1.0995629e-24,1.905507e-16,8.012345e-20,5.547238e-20,1.5318926e-19
9.168135e-20,5.0337372e-20,9.3531065e-18,2.2004992e-16,6.192671e-18,4.8870637e-19,2.488353e-15,2.3043652e-21
4.716451e-21,6.402843e-24,8.166854e-20,2.8715874e-26,6.541641e-17,1.2704893e-16,2.8443856e-19,2.1038228e-21
4.6527943e-15,2.303938e-18,7.858066e-19,7.014697e-19,5.0730785e-21,3.5121732e-19,1.5852727e-26,3.0509316e-17
2.6393917e-19,8.777939e-14,1.302356e-16,9.56381e-26,1.33746775e-17,3.1023532e-21,7.2751115e-22,4.8549153e-20
1.7320859e-18,1.3108221e-19,4.011148e-20,5.148656e-17,1.8044352e-16,4.2200695e-19,1.7307977e-18,3.1107878e-23
1.0281654e-20,8.992551e-21,6.2028113e-19,2.1645873e-27,1.9186473e-12,4.3432793e-19,7.09758e-17,3.3523765e-18
1.6147426e-15,4.005964e-20,8.0864996e-20,8.473087e-21,1.1308735e-21,2.2630397e-20,7.4880946e-28,4.8811783e-18
4.077737e-19,6.3506943e-15,2.7684204e-21,1.1101193e-26,4.6915112e-20,8.733906e-24,1.5157322e-20,1.19553795e-23
5.3832013e-18,3.8198648e-20,4.523279e-19,5.43591e-16,1.2558076e-16,5.024205e-19,1.6035698e-16,7.022986e-22
9.064671e-21,8.521678e-21,6.05598e-19,1.9388585e-27,2.029447e-12,3.486517e-19,6.9429305e-17,2.7156038e-18
1.4804644e-17,1.4703147e-20,5.4965593e-19,3.7338413e-20,2.1117718e-24,2.0140575e-19,8.353026e-29,2.295226e-19
1.2495369e-18,1.7743292e-13,3.8180354e-17,5.953206e-26,1.7210677e-17,5.8709948e-21,3.943269e-21,1.4992289e-19
4.3513745e-18,3.8504266e-20,4.6211045e-19,5.140494e-16,1.0628424e-16,4.461909e-19,1.8505269e-16,6.5048455e-22
6.6549685e-21,4.6377178e-21,1.6004508e-19,6.570515e-28,7.8846033e-13,2.6173936e-19,3.6642407e-17,1.5025791e-18
3.1793272e-15,3.1149114e-21,2.8710498e-19,5.308498e-20,1.4135818e-22,2.0643526e-20,2.8423132e-27,2.3041766e-17
1.1642256e-18,1.7022145e-13,4.4551617e-17,4.9330474e-26,1.5782684e-17,5.3249643e-21,3.2990885e-21,1.5146693e-19
4.3295845e-18,1.3061446e-20,1.08355956e-19,2.714115e-16,1.1688192e-16,2.1774912e-19,4.952831e-17,1.7868327e-22
5.7355373e-22,6.123151e-22,3.9959215e-20,6.331515e-29,3.3008202e-13,2.4395942e-20,6.474632e-18,2.651967e-19
2.9014326e-15,2.8687262e-21,2.1638696e-19,4.2932826e-20,1.495052e-22,1.9586096e-20,2.4419505e-27,1.7303563e-17
5.811374e-19,1.03061155e-13,1.3484874e-17,1.7166404e-26,7.488389e-18,2.2198686e-21,1.7006304e-21,5.867416e-20
5.177169e-19,3.5375154e-21,3.6080045e-20,5.58257e-17,1.2578445e-17,3.3654554e-20,2.3619431e-17,3.1188913e-23
5.22689e-22,8.4057656e-22,2.4852934e-19,2.6337976e-28,1.1906837e-12,3.22813e-20,8.539653e-18,4.684503e-19
1.7666012e-15,7.2419683e-22,1.6817811e-19,2.6988911e-20,3.3430837e-23,8.1736746e-21,1.0996702e-27,1.499545e-17
1.4597694e-19,3.8798605e-14,7.181213e-18,1.1535001e-27,1.86442e-18,3.5957997e-22,2.8566251e-22,1.492011e-20
2.2457124e-19,9.544627e-21,2.4425473e-19,8.408032e-17,9.0158534e-18,9.217756e-20,1.1690955e-16,1.164343e-22
7.8562246e-22,1.2250582e-21,2.9659975e-19,2.5032843e-28,1.3277693e-12,4.7772592e-20,1.4129709e-17,5.1133405e-19
4.011891e-16,1.8181727e-22,1.5600988e-20,2.9932165e-21,6.993144e-24,1.0166672e-21,6.695122e-29,1.2844546e-18
1.7308233e-19,5.004945e-14,1.8868802e-17,4.833757e-27,3.625931e-18,6.8770415e-22,3.6253015e-22,2.0365618e-20
3.490922e-19,1.0516126e-20,2.2882933e-19,1.2575238e-16,1.0878598e-17,1.1331418e-19,1.03995397e-16,1.6853429e-22
5.8690433e-22,1.5179592e-21,1.0333647e-18,6.3229293e-27,1.8659518e-12,2.8215276e-20,8.631356e-18,3.0367988e-18
6.060381e-16,1.0241252e-21,2.6545163e-20,4.0226387e-21,4.1246785e-23,2.9368343e-21,1.3941806e-28,2.0235696e-18
1.886835e-19,4.684944e-14,1.7121424e-17,6.4599966e-27,3.541626e-18,9.558359e-22,4.458108e-22,2.8862135e-20
3.0957718e-19,4.715428e-20,3.8381416e-18,1.329543e-16,3.6616278e-17,2.7058923e-19,2.65663e-15,1.7970932e-22
4.598646e-20,1.4522983e-20,1.5558637e-17,4.1987023e-24,5.248495e-12,1.216915e-16,2.0171044e-17,8.24556e-18
7.496342e-16,9.734173e-22,3.0104747e-20,5.8015334e-21,4.640049e-23,4.3154303e-21,1.8828432e-28,2.6294138e-18
5.298749e-19,3.5239465e-13,2.3217623e-16,1.7898374e-26,1.7637173e-17,8.642903e-22,1.0347832e-21,6.7330324e-20
3.9287876e-17,3.0219425e-15,1.3991601e-16,4.7727517e-16,8.639538e-15,5.3460437e-16,3.2769807e-14,2.899171e-18
1.7711834e-22,2.1377431e-22,1.9893091e-20,3.7795957e-29,1.9167919e-13,8.673756e-21,1.8594834e-18,1.3791381e-19
2.7090068e-15,2.060081e-20,1.5885957e-19,3.756856e-21,2.4789269e-22,7.8122984e-21,1.0626216e-27,3.0538408e-18
3.9137828e-14,1.4837737e-11,5.6337055e-15,2.5409456e-24,3.4422554e-13,1.653009e-16,2.2535079e-16,2.254606e-18
1.8693044e-19,1.5450903e-21,2.5165744e-20,1.8103084e-17,7.1743955e-18,1.8470531e-20,2.1792383e-17,1.1278051e-23
5.8633115e-23,1.3965164e-22,1.2028093e-19,3.3932334e-29,6.886682e-13,5.6151294e-21,2.0831584e-18,1.2216669e-19
5.4251825e-15,1.8122172e-15,1.7840109e-17,4.801678e-16,1.7074567e-20,1.4805363e-19,5.728987e-26,2.9228044e-16
6.640668e-20,2.8849675e-14,5.7262145e-18,4.4226593e-28,1.0988199e-18,1.4350486e-22,1.2732123e-22,4.876667e-21
3.319275e-20,2.8908512e-21,1.1328652e-19,2.8228134e-17,1.1735896e-18,2.5519275e-20,4.7889986e-17,3.8029063e-23
1.6480804e-22,4.929596e-22,1.3690484e-18,4.3940226e-27,2.2914158e-12,1.2740054e-20,3.2866076e-18,1.977855e-18
2.4402413e-16,1.6880903e-22,1.0751144e-20,1.3168249e-21,3.1181877e-24,4.402776e-22,3.1635894e-29,6.412441e-19
3.434806e-20,1.3943235e-14,6.7747e-18,7.717985e-28,8.511647e-19,1.6415486e-22,6.647324e-23,5.3134387e-21
6.386317e-20,4.496353e-20,6.654166e-18,7.27649e-17,1.2831672e-17,2.1321025e-19,3.966605e-15,1.4263544e-22
2.1408137e-20,1.5064114e-20,7.484905e-18,1.3413205e-24,2.3709357e-12,3.0535862e-17,8.092309e-18,6.973213e-18
1.678752e-16,3.6599561e-22,4.524966e-21,7.494976e-22,1.24906185e-23,7.3194836e-22,1.21174216e-29,3.945274e-19
3.3650077e-19,2.6838807e-13,1.8909886e-16,1.0887847e-26,1.7537746e-17,4.9186636e-22,5.392933e-22,2.909805e-20
4.0455604e-17,2.1656413e-15,3.9326863e-17,5.000122e-16,5.8843087e-15,1.9525634e-16,3.551753e-14,5.3637663e-19
6.913261e-22,1.2391254e-21,4.95498e-19,7.564381e-27,1.0213968e-12,5.3049355e-20,3.9716713e-18,2.1275456e-18
1.5409157e-15,3.106393e-20,8.1894396e-20,2.128817e-21,2.4720616e-22,4.561482e-21,3.1503315e-28,1.6248987e-18
9.3443845e-15,4.3049193e-12,2.9575974e-15,4.0801057e-25,1.0961411e-13,5.2276213e-17,1.27308e-16,1.4923881e-18
5.572968e-19,1.546271e-19,2.3439277e-18,8.801128e-17,8.954402e-17,4.738656e-19,2.2881759e-15,1.995159e-22
3.4410338e-21,2.7881332e-21,1.7486565e-18,2.1170295e-25,8.6265885e-13,7.832691e-18,1.7994154e-18,1.55085e-18
6.7293265e-15,5.4931516e-16,6.438917e-18,5.7490487e-16,2.4005248e-21,1.5808338e-19,1.2742349e-26,8.106619e-17
2.0049133e-18,4.8938783e-13,1.943468e-16,1.01103734e-26,6.124405e-17,2.4579486e-21,4.4381386e-21,5.472205e-20
1.167887e-17,6.690672e-16,1.0867855e-17,1.4866848e-16,1.6000816e-15,6.1573406e-17,9.202707e-15,1.3118727e-19
3.1358472e-21,2.0052928e-21,1.9513776e-18,1.6347471e-25,8.7737597e-13,6.6297153e-18,1.6002928e-18,1.3334986e-18
2.0944764e-15,4.551299e-20,1.8717376e-19,2.0811945e-20,1.112572e-22,5.7656157e-21,6.932729e-28,3.419566e-18
2.432176e-15,1.62173e-12,9.344487e-16,5.4148134e-26,3.4205315e-14,1.3989085e-17,3.1523327e-17,3.740429e-19
8.328415e-18,5.871032e-16,1.1428671e-17,1.188263e-16,1.1868093e-15,4.819255e-17,9.5566425e-15,1.2682939e-19
3.630024e-20,8.299415e-21,1.9232593e-17,2.4005854e-24,7.7707086e-12,1.381167e-16,1.4722644e-17,4.7695615e-18
1.9718914e-15,1.5840535e-16,1.4746357e-18,1.4537869e-16,4.418693e-22,3.122551e-20,1.5109124e-27,2.1970173e-17
2.468122e-15,1.5247416e-12,7.7398806e-16,4.738404e-26,3.1900074e-14,1.2718176e-17,2.8478194e-17,3.1332074e-19
1.19827195e-17,2.5324225e-15,1.6274e-16,3.0708997e-16,5.85949e-15,4.111121e-16,4.1102474e-14,2.770686e-18
4.2333695e-20,1.825019e-20,3.443549e-17,3.0481637e-24,8.918307e-12,1.1193483e-16,1.7862919e-17,7.784109e-18
1.8498573e-15,1.4123573e-16,1.1825955e-18,1.1793081e-16,3.9986928e-22,2.8535456e-20,1.2128671e-27,1.8370848e-17
5.0086407e-14,1.5170119e-11,3.9406044e-15,1.6872581e-24,3.6525256e-13,9.568963e-17,1.9727256e-16,1.1674187e-18
2.1871835e-17,3.780906e-15,1.8247931e-16,6.665071e-16,6.514827e-15,4.5442995e-16,7.756588e-14,2.6180142e-18
2.185885e-22,7.725285e-22,1.7264258e-18,6.870652e-27,2.0880257e-12,3.3547783e-20,3.3934332e-18,1.9086481e-18
3.1590051e-15,2.0804694e-15,1.5356211e-17,3.812012e-16,2.3479791e-20,1.04700993e-19,3.1519696e-26,2.087042e-16
2.9357027e-14,9.917715e-12,5.117859e-15,1.689158e-24,2.628137e-13,9.8822474e-17,2.507017e-16,2.1914335e-18
2.1278936e-19,2.0561877e-19,7.917918e-18,1.04115655e-16,2.6823912e-17,6.166713e-19,4.618259e-15,5.606586e-22
9.462685e-23,3.0401427e-22,1.966209e-19,6.8759936e-29,7.8334583e-13,1.0904798e-20,3.9183686e-18,2.5410004e-19
6.50219e-15,2.2934802e-15,1.5009358e-17,7.7430696e-16,1.8494009e-20,2.9977788e-19,3.6610243e-26,1.7607404e-16
1.3368192e-18,3.1391572e-13,2.889976e-16,1.2671869e-26,4.527893e-17,3.1231686e-21,3.627378e-21,6.334105e-20
1.2607449e-19,5.0407284e-21,1.834191e-19,6.6147887e-17,1.8518243e-18,4.3287544e-20,5.5469078e-17,1.0354696e-22
4.8804953e-23,2.5211745e-22,6.432923e-19,7.1125797e-29,1.7215022e-12,8.6018585e-21,4.2150523e-18,2.3066014e-19
1.7672954e-15,1.6906516e-19,1.3639444e-19,1.9748375e-20,2.51238e-22,8.571592e-21,4.5995396e-28,2.017696e-18
6.67605e-20,2.110832e-14,1.226997e-17,1.4720043e-27,1.1520894e-18,4.0617562e-22,2.014692e-22,1.4554816e-20
4.4018733e-20,6.366174e-21,4.97259e-19,7.283739e-17,7.486643e-19,6.79654e-20,1.123305e-16,2.3824604e-22
1.2418458e-22,4.1329655e-22,3.4473833e-19,1.1854034e-28,1.35648e-12,1.4876462e-20,5.2127628e-18,2.7645294e-19
3.3675428e-16,9.780736e-22,8.957254e-21,2.5939726e-21,1.9062565e-23,1.3511829e-21,3.112167e-29,5.374663e-19
4.395564e-20,1.5170153e-14,1.5029468e-17,2.2769906e-27,9.869842e-19,4.702436e-22,1.5670758e-22,1.364334e-20
9.355488e-20,6.7568806e-21,3.266944e-19,6.623601e-17,2.3463342e-18,7.3764206e-20,1.1715286e-16,1.6925267e-22
2.7718853e-22,1.2711796e-21,4.537002e-18,2.7883161e-27,6.4499257e-12,3.7619922e-20,1.1548709e-17,1.4629869e-18
3.392233e-16,2.3925072e-21,7.380019e-21,2.3273431e-21,4.436154e-23,2.3421365e-21,2.6920002e-29,4.452863e-19
7.86541e-20,2.6712597e-14,1.9825471e-17,2.6702487e-27,1.6496372e-18,5.770431e-22,2.3887582e-22,1.5810922e-20
1.2478453e-19,3.6405217e-20,6.7934615e-18,1.5514017e-16,5.598369e-18,4.340033e-19,1.7441625e-15,1.3883264e-21
6.676709e-21,2.5006505e-20,1.2872419e-16,4.6665106e-25,4.7289783e-11,6.4176534e-19,1.3012882e-16,3.5114803e-17
4.4089402e-16,1.9855402e-21,1.4269927e-20,3.0344206e-21,3.987845e-23,2.5737567e-21,5.870814e-29,7.939328e-19
2.3137751e-19,9.2201054e-14,1.4332365e-16,4.630105e-26,8.792869e-18,2.4620589e-21,8.3427077e-22,4.5501186e-20
9.32873e-19,1.9234489e-18,3.2859592e-16,1.8102896e-15,1.5769333e-16,1.1124137e-17,9.439726e-14,2.228932e-20
6.0544e-22,3.1252784e-21,1.606741e-17,4.1747393e-27,1.799789e-11,1.0716061e-19,3.6373623e-17,2.0780233e-18
1.7159039e-15,4.521586e-20,8.600288e-20,9.7490425e-21,5.614548e-22,1.665856e-20,7.277449e-28,3.0923268e-18
7.400271e-18,1.971086e-12,3.571152e-15,2.3652257e-24,3.493072e-16,3.7126503e-20,2.7425118e-20,1.0997676e-18
1.3538774e-19,1.0197872e-19,1.3167273e-17,4.3070376e-16,5.3311716e-18,1.0642492e-18,2.1717137e-15,5.7457015e-21
3.9518223e-21,1.2362413e-20,8.197923e-17,1.8539877e-25,2.705635e-11,6.014356e-19,5.568023e-17,1.604634e-17
2.488568e-14,2.8403643e-18,2.1667204e-18,1.2391644e-19,2.9732348e-20,4.190025e-19,5.051669e-26,4.4156036e-17
3.7396445e-19,8.39537e-14,1.7985322e-16,1.4097725e-25,1.3130505e-17,7.046578e-21,1.6029358e-21,1.0552378e-19
5.324807e-19,1.7970352e-18,1.3222244e-16,8.084758e-16,1.1987709e-16,1.3356883e-17,4.5096366e-14,1.9868138e-20
1.08358794e-20,3.061653e-20,6.237626e-17,6.392199e-25,1.6648122e-11,3.0234024e-18,6.317537e-17,2.1863494e-17
2.0480194e-15,7.3435156e-20,1.03585844e-19,2.0071841e-20,2.0635563e-21,4.4793362e-20,1.1011436e-27,5.8067678e-18
6.77607e-18,9.634601e-13,1.3051516e-15,1.3250922e-24,3.2153794e-16,5.007212e-20,3.93196e-20,4.0794485e-19
2.9761768e-18,4.0358496e-17,1.1946852e-16,1.3374232e-15,6.8087235e-16,5.2341458e-17,1.0419271e-13,8.8061196e-20
2.7267169e-21,1.1650152e-20,1.185465e-16,6.1608607e-26,5.243795e-11,3.0130152e-19,8.2799204e-17,1.0450916e-17
1.1849371e-14,3.485335e-18,1.5298846e-18,2.440554e-19,1.2474876e-20,2.7860097e-19,2.0542989e-26,3.907459e-17
9.3417014e-17,1.892753e-12,3.356822e-15,1.4159389e-24,2.8886771e-15,8.1483417e-19,1.0130065e-18,1.1248047e-18
1.3829997e-19,2.895887e-19,8.783754e-17,6.80579e-16,2.2503884e-17,7.324247e-18,1.3468983e-14,2.7724803e-20
2.3889505e-21,1.110559e-20,8.834362e-17,4.9588197e-26,4.9109664e-11,2.0792909e-19,9.8784404e-17,1.0239007e-17
2.0373335e-14,3.9238e-17,3.3249559e-18,4.800171e-18,1.392581e-20,5.0346994e-19,2.8757092e-26,5.6141986e-17
1.3990412e-18,2.4255814e-13,2.910077e-16,2.7166421e-24,8.482711e-17,1.9370765e-20,6.3124887e-21,1.2171919e-19
1.5620529e-19,2.7365774e-19,8.33837e-17,7.6797645e-16,1.881985e-17,4.6922676e-18,1.4591359e-14,2.7387795e-20
1.7173287e-18,1.7416598e-18,9.182504e-16,6.0806206e-23,1.2621486e-10,2.5840453e-15,5.2157324e-16,8.527451e-17
5.6476705e-15,4.762432e-19,7.55896e-19,8.2471865e-20,1.483979e-20,2.1836048e-19,1.5467669e-26,4.434594e-17
1.3687141e-18,2.2909514e-13,3.3449964e-16,2.2221186e-24,7.8437885e-17,1.6603937e-20,4.725762e-21,1.3264558e-19
1.3767642e-16,5.703988e-14,1.4852741e-15,1.605172e-14,1.473009e-13,3.7967036e-15,4.7193165e-12,4.5766024e-17
1.0022965e-20,4.561293e-20,2.4007505e-16,1.2166217e-25,1.2482318e-10,9.49264e-19,4.958183e-16,2.2586532e-17
5.316679e-15,3.5026733e-19,5.339228e-19,5.6963605e-20,1.4347763e-20,1.8405691e-19,1.2196974e-26,2.9792677e-17
3.439217e-13,3.0081007e-11,4.4829995e-14,4.250402e-23,1.8710912e-12,4.786353e-16,5.5319734e-15,2.4087212e-17
5.113302e-19,7.8866853e-19,1.764021e-16,3.130586e-15,4.177931e-17,1.1684752e-17,2.1966143e-14,1.5676463e-19
7.7846016e-21,3.8919375e-20,2.0779619e-16,9.489999e-26,1.0249185e-10,5.5788597e-19,4.044637e-16,1.9437783e-17
6.37345e-14,4.8297622e-14,2.6220045e-16,3.1257068e-14,8.659781e-19,1.7268285e-17,1.6410396e-24,9.76876e-16
3.520666e-18,3.4045865e-13,5.740743e-16,1.0040859e-23,1.6870526e-16,6.872564e-20,1.3672047e-20,4.902786e-19
4.6998965e-19,6.812871e-19,1.4884779e-16,2.2647296e-15,3.7151633e-17,1.0325573e-17,2.441645e-14,1.1503936e-19
9.545469e-20,2.7909986e-19,3.3225124e-16,3.4231317e-24,4.759364e-11,2.0534385e-17,4.2480992e-16,6.622919e-17
1.2068383e-14,6.5155595e-19,1.2712105e-18,1.9813579e-19,5.4782414e-20,7.047822e-19,4.001294e-26,8.685561e-17
3.274469e-18,3.2824373e-13,6.388036e-16,7.184699e-24,1.4573235e-16,5.5697134e-20,1.266374e-20,4.735873e-19
1.2692682e-17,2.391309e-16,3.151733e-16,4.120544e-15,4.2901008e-15,4.626015e-16,3.7774642e-13,1.5715688e-18
2.8837467e-21,1.5153274e-20,8.868871e-17,2.6699447e-26,5.3225847e-11,2.2626523e-19,1.789123e-16,9.147707e-18
1.0570696e-14,6.214938e-19,9.573006e-19,1.5142708e-19,4.2005052e-20,6.563481e-19,3.7294453e-26,5.9346404e-17
7.193119e-16,3.2340842e-12,5.568772e-15,2.5080697e-23,2.025651e-14,1.0217002e-17,1.3048914e-17,3.675256e-18
2.553068e-19,3.3702492e-19,6.319586e-17,1.1781575e-15,1.6445237e-17,4.4402795e-18,1.152672e-14,4.589463e-20
5.4533223e-21,2.945486e-20,1.3299945e-16,4.78328e-26,6.739937e-11,3.9031202e-19,3.0671299e-16,1.721685e-17
5.0743745e-14,2.7303043e-16,1.9059785e-17,7.602025e-17,9.194684e-20,5.0497048e-18,3.5337727e-25,3.8992714e-16
1.5662125e-18,1.7449293e-13,3.5093928e-16,2.051646e-24,6.57923e-17,2.5311313e-20,5.9296503e-21,2.486327e-19
5.042234e-19,5.2589786e-19,8.7807055e-17,2.0731491e-15,2.3721465e-17,7.415531e-18,1.2043688e-14,8.513624e-20
6.825037e-21,3.173418e-20,1.2919745e-16,5.431944e-26,7.191258e-11,4.483236e-19,3.6206823e-16,1.9641419e-17
5.1755013e-15,2.7853084e-19,3.7368636e-19,6.515457e-20,1.5177283e-20,2.577916e-19,9.963201e-27,2.40987e-17
2.4093722e-18,2.146304e-13,4.089505e-16,4.298206e-24,9.3158656e-17,4.4578576e-20,9.767468e-21,4.3048464e-19
5.2322446e-19,5.4109306e-19,9.8403404e-17,2.42532e-15,2.8010595e-17,6.773485e-18,1.41298114e-14,9.196331e-20
2.23745e-21,8.310408e-21,1.8718465e-17,8.118337e-27,1.9264004e-11,1.9029038e-19,1.01895675e-16,6.273034e-18
7.3890275e-15,3.291022e-19,6.579801e-19,1.1596021e-19,2.4666007e-20,4.090887e-19,1.9035722e-26,4.3088268e-17
2.955484e-18,2.546015e-13,4.016653e-16,4.94002e-24,1.2052131e-16,4.1981985e-20,9.695044e-21,4.0873618e-19
4.186766e-19,1.61296e-19,1.6118792e-17,8.955329e-16,1.4780098e-17,1.5971397e-18,2.7079218e-15,1.4230461e-20
3.8617807e-21,1.2107912e-20,4.1691428e-17,1.9098201e-26,3.267312e-11,3.634432e-19,1.4923214e-16,1.03470244e-17
8.787719e-15,3.160433e-19,6.958913e-19,1.242582e-19,2.7194054e-20,3.9312123e-19,2.1295343e-26,4.796732e-17
1.1533602e-18,1.4166004e-13,1.6905185e-16,5.213699e-25,3.84245e-17,1.3297989e-20,3.8216847e-21,1.7831243e-19
4.6367495e-19,2.3350913e-19,3.2093e-17,1.4477939e-15,2.2556396e-17,3.2468183e-18,3.88625e-15,2.3895353e-20
1.1837988e-21,4.9884112e-21,2.467442e-17,7.8125425e-27,2.4972397e-11,1.2952393e-19,6.930574e-17,4.221263e-18
3.469885e-15,7.4733713e-20,2.2776945e-19,4.4314925e-20,3.5583177e-21,7.0979754e-20,3.309225e-27,1.5249444e-17
1.1544739e-18,1.6231711e-13,1.7136394e-16,1.5172564e-24,5.4546232e-17,1.9134428e-20,4.117483e-21,2.0671273e-19
1.9149335e-19,1.680255e-19,2.4661904e-17,7.295561e-16,8.899367e-18,1.3969081e-18,4.233574e-15,1.2410041e-20
2.0255202e-21,6.2147182e-21,1.8056324e-17,7.3020625e-27,1.9681756e-11,1.8825143e-19,8.504483e-17,5.0772487e-18
4.6114816e-15,1.1684874e-19,4.4710415e-19,6.354725e-20,7.593749e-21,1.5764497e-19,6.0673784e-27,3.770316e-17
7.373977e-19,1.2231884e-13,2.3209566e-16,4.160229e-25,3.1608702e-17,1.0385524e-20,2.3066784e-21,1.4819038e-19
3.0915348e-19,1.3081247e-19,1.5599882e-17,8.5661225e-16,1.3740772e-17,1.3991799e-18,2.4145561e-15,9.38075e-21
4.995302e-22,1.3437244e-21,2.6938437e-18,1.1866933e-27,5.811383e-12,4.7827473e-20,1.8111096e-17,1.1938956e-18
2.6921837e-15,1.0628936e-19,1.4303124e-19,2.61957e-20,4.5512447e-21,7.106076e-20,1.9891424e-27,1.0077076e-17
6.908974e-19,1.1736998e-13,1.2817833e-16,4.574577e-25,3.000791e-17,9.514273e-21,2.1167915e-21,1.3568865e-19
1.3269214e-19,3.508663e-20,3.0243593e-18,2.0757041e-16,5.6693983e-18,2.9878922e-19,7.544826e-16,1.0545848e-21
1.5297179e-22,6.30363e-22,3.6188974e-18,1.9719244e-27,5.599092e-12,2.1330287e-20,7.215785e-18,1.1811709e-18
3.050574e-15,5.0799953e-20,1.9077007e-19,3.03382e-20,3.100224e-21,6.77552e-20,2.3257297e-27,1.6508343e-17
2.6204006e-19,7.228886e-14,6.9603536e-17,3.6119177e-26,9.282516e-18,2.1107442e-21,6.2707727e-22,4.6802677e-20
5.627956e-20,2.8405457e-20,7.261153e-18,1.0753381e-16,3.7485443e-18,2.6335986e-19,1.8338378e-15,1.0691875e-21
2.033594e-22,7.185117e-22,3.2016067e-18,6.1414723e-28,6.2232394e-12,2.5101602e-20,1.3201221e-17,8.923704e-19
1.0910734e-15,1.1360238e-20,4.478858e-20,7.053893e-21,4.2578693e-22,1.20291416e-20,3.4961163e-28,3.3974746e-18
1.4612293e-19,6.950759e-14,1.1405071e-16,4.150415e-26,8.9575405e-18,1.4828805e-21,4.1450917e-22,2.2744462e-20
5.796449e-20,2.80727e-20,3.4613398e-18,1.7958856e-16,2.1881003e-18,2.0326666e-19,6.802415e-16,1.2166104e-21
1.4214659e-22,8.490587e-22,7.901957e-18,7.1288e-28,8.6897425e-12,2.1951293e-20,1.4739052e-17,1.205382e-18
1.0394032e-15,4.058972e-20,5.1600522e-20,4.454099e-21,5.257566e-22,8.907743e-21,3.3405642e-28,2.4599878e-18
1.523768e-19,4.1000603e-14,4.889511e-17,2.7295512e-26,6.1413156e-18,1.5325692e-21,3.654836e-22,3.1503322e-20
4.5095105e-20,3.6447458e-20,5.9420226e-18,2.0701844e-16,1.326745e-18,3.5853133e-19,8.0076557e-16,2.9256193e-21
3.113045e-22,2.1110825e-21,2.2002298e-17,1.6633483e-27,1.4684044e-11,4.836043e-20,3.3648698e-17,2.014996e-18
7.086762e-16,1.07345466e-20,2.3391643e-20,4.047621e-21,4.1724575e-22,8.5634535e-21,1.3672356e-28,1.9925313e-18
1.517955e-19,3.1754682e-14,4.6596282e-17,4.930207e-26,6.0044325e-18,2.2534934e-21,5.428165e-22,3.4056328e-20
9.0177014e-20,7.52825e-20,1.1250627e-17,3.9918164e-16,2.3425958e-18,9.217198e-19,1.4718561e-15,7.975777e-21
1.7588955e-22,1.6122388e-21,1.4028525e-17,8.159689e-28,1.1252035e-11,2.6984588e-20,2.3645937e-17,1.3415548e-18
7.416274e-16,2.3074013e-20,2.769246e-20,6.1158475e-21,6.595069e-22,1.2351053e-20,1.6943755e-28,2.054699e-18
2.6944488e-19,4.5763998e-14,7.664484e-17,1.4076337e-25,9.907609e-18,5.3969278e-21,1.3945261e-21,7.834655e-20
6.158835e-20,4.272598e-20,6.5150408e-18,2.6234453e-16,1.4342743e-18,7.2244854e-19,8.699028e-16,5.4801814e-21
6.3791524e-22,2.292861e-21,6.3603336e-18,1.8335329e-27,9.628488e-12,7.502478e-20,3.175167e-17,1.74877e-18
1.4661626e-15,6.041325e-20,5.2099548e-20,1.5401772e-20,1.4555031e-21,3.6901435e-20,5.508205e-28,3.854575e-18
1.858993e-19,3.0863346e-14,5.406995e-17,7.3013976e-26,5.368866e-18,3.610756e-21,9.830674e-22,5.1430727e-20
1.9311898e-19,6.409381e-20,5.867063e-18,4.0184617e-16,5.3747057e-18,5.0475647e-19,1.1371106e-15,2.9619918e-21
2.2454604e-22,9.459983e-22,5.171309e-18,7.57547e-27,5.306495e-12,2.2026114e-20,8.603907e-18,3.3861532e-18
9.74955e-16,3.800403e-20,4.0046353e-20,1.257502e-20,8.650885e-22,2.5394295e-20,3.6507841e-28,2.265953e-18
3.6173916e-19,7.520409e-14,1.08078294e-16,7.116879e-26,1.1247881e-17,4.256475e-21,1.1496992e-21,8.9993166e-20
1.1469714e-19,6.3579015e-20,2.0609486e-17,1.6420733e-16,1.16469255e-17,4.339288e-19,7.092932e-15,8.041456e-22
2.0367581e-18,3.550755e-19,6.82693e-16,6.21227e-23,6.3040173e-10,2.8798104e-14,4.971611e-16,1.2725939e-17
1.6454791e-15,2.6703907e-20,5.9602234e-20,1.488986e-20,8.79047e-22,2.3617772e-20,6.088985e-28,4.1086868e-18
4.0829203e-19,2.948639e-13,3.9493e-16,4.1134536e-26,2.0139596e-17,1.3798734e-21,9.794327e-22,6.5686626e-20
1.0240688e-17,3.0209755e-14,5.6079964e-15,3.360871e-15,1.3973886e-13,3.3376435e-15,2.6847166e-12,2.3090084e-16
3.1405562e-18,2.2861646e-19,1.2517667e-15,1.7966124e-23,8.705114e-10,2.873276e-14,2.228996e-16,8.506425e-18
2.9128885e-15,1.3435618e-19,1.3976323e-19,5.1735704e-21,7.93971e-22,1.43325e-20,9.966844e-28,2.5038222e-18
8.832481e-12,2.8193903e-10,5.2528863e-14,7.154426e-23,1.130241e-11,2.398023e-16,5.607847e-15,4.8690903e-18
5.043198e-18,2.2326577e-14,4.0334837e-15,3.0523779e-15,9.447543e-14,1.3195595e-15,3.38847e-12,9.3943054e-17
3.2967664e-18,3.6362904e-19,1.3539215e-15,1.8954811e-23,8.2155e-10,2.773076e-14,2.826381e-16,8.7537455e-18
3.5641838e-15,1.732556e-13,8.7507164e-16,9.487773e-15,2.2752134e-17,1.1219763e-18,2.4317286e-24,1.3476762e-15
7.57716e-12,2.1862279e-10,1.8621528e-14,1.6933526e-23,7.7308515e-12,7.4496726e-17,7.779579e-15,3.1854163e-18
6.6783237e-18,2.7006453e-14,3.3437477e-15,3.8950217e-15,1.04675546e-13,1.5598291e-15,3.6947784e-12,9.3535764e-17
4.916779e-18,3.393561e-19,2.026794e-15,2.1459287e-23,1.0421737e-09,2.4555629e-14,2.4252353e-16,1.1110988e-17
4.3405386e-15,1.0147244e-13,5.9911e-16,2.043167e-14,7.633405e-18,2.2266567e-18,9.609491e-25,6.798187e-16
5.9449884e-12,1.6183573e-10,2.2936607e-14,1.8949824e-23,6.087165e-12,8.671921e-17,7.982438e-15,4.610718e-18
6.808847e-18,2.9990902e-14,3.684512e-15,3.619704e-15,9.542695e-14,1.4722323e-15,3.8555058e-12,7.633817e-17
4.6056527e-19,1.6605147e-19,3.543805e-16,1.7336339e-24,3.3292785e-10,2.6707641e-15,6.342601e-17,2.5203043e-18
4.830229e-15,9.22248e-14,5.5946606e-16,2.1455783e-14,7.891594e-18,3.0630697e-18,1.0739358e-24,6.606571e-16
5.7629704e-12,1.952711e-10,1.8951754e-14,1.5545006e-23,6.009447e-12,8.7693917e-17,1.0419841e-14,4.3021234e-18
1.9530011e-18,1.0359599e-14,3.8273988e-16,1.9452266e-15,3.1891983e-14,4.1378523e-16,2.114356e-12,1.1179054e-17
4.4194585e-19,6.501479e-20,3.2365208e-16,1.1133691e-24,2.79793e-10,3.7273753e-15,4.398959e-17,1.866569e-18
6.9066694e-15,7.838969e-14,5.418313e-16,2.8290809e-14,5.043987e-18,5.0483954e-18,1.3501914e-24,6.758754e-16
5.475868e-13,2.3153075e-11,5.73941e-15,9.796853e-25,8.9276123e-13,1.3233491e-17,2.3578765e-15,8.927892e-19
1.4269996e-18,6.1901295e-15,4.953419e-16,1.1918817e-15,2.7108173e-14,2.8890504e-16,1.6136089e-12,1.1084402e-17
3.3705705e-19,6.319793e-20,1.10067524e-16,1.7373024e-23,5.461524e-10,2.086256e-14,1.6028788e-16,1.2716761e-18
3.0907275e-15,2.1382615e-14,8.5030236e-17,1.4621168e-14,5.2136755e-19,2.13483e-18,7.247397e-26,7.49085e-17
8.931342e-13,3.2530163e-11,4.191776e-15,9.270911e-25,1.1241153e-12,1.1584979e-17,1.901304e-15,7.0971393e-19
5.8270904e-19,1.2201096e-14,2.1130465e-15,6.1653585e-16,8.1640905e-14,1.333348e-15,1.5749255e-12,8.8444434e-17
7.8499166e-19,1.5254897e-19,2.2845638e-16,5.531255e-23,8.2324086e-10,3.5526066e-14,3.326342e-16,3.189137e-18
1.8046287e-15,2.54171e-14,9.230684e-17,1.0253915e-14,5.6114304e-19,1.0334711e-18,6.1331433e-26,8.965134e-17
7.565723e-12,2.3427393e-10,2.1405917e-14,1.5882895e-23,1.2068633e-11,4.2165982e-17,1.3010706e-15,3.542705e-19
1.5317473e-18,2.283094e-14,4.6221893e-15,1.3084619e-15,1.4123406e-13,2.384533e-15,2.7337646e-12,1.9743517e-16
5.3646844e-20,2.1388138e-20,2.4893476e-17,1.1676473e-23,4.566502e-11,1.2682095e-15,6.157529e-17,2.557407e-18
3.1364055e-16,1.2256639e-13,3.3013882e-16,1.5806199e-15,2.5846241e-17,7.29051e-20,3.0745193e-25,4.5389806e-16
1.348098e-11,3.7963727e-10,4.307395e-14,4.987493e-23,2.1714694e-11,9.273601e-17,2.3819784e-15,8.770152e-19
2.493138e-18,5.4375932e-15,6.0255256e-16,3.6401262e-16,2.3941728e-14,1.1768235e-15,2.0540733e-13,1.9616633e-17
9.303955e-20,1.970969e-20,4.0512286e-17,8.747743e-24,2.64838e-10,7.1395696e-15,4.974682e-17,5.3344237e-19
6.564342e-16,2.1238251e-13,6.4085136e-16,3.0825208e-15,5.377908e-17,1.6498757e-19,1.023284e-24,8.991442e-16
4.984057e-13,5.8599375e-11,1.3397114e-14,1.06048165e-23,2.6681155e-12,1.003565e-16,2.7417535e-16,4.8678064e-19
2.7301334e-19,6.7631934e-15,1.109791e-15,2.3023854e-16,4.1679886e-14,8.074957e-16,7.841037e-13,3.78158e-17
3.0541158e-21,6.367361e-22,2.1938172e-18,3.1680883e-25,5.4839818e-12,6.486575e-17,2.2803388e-18,2.5296848e-19
6.594007e-16,2.1665886e-14,6.613275e-17,3.6784997e-16,1.176198e-18,3.7596965e-20,1.1182762e-25,3.991938e-16
3.0311084e-12,1.25177e-10,1.22782305e-14,5.152665e-24,6.0952046e-12,1.8693704e-17,4.7437096e-16,1.1734053e-19
4.669944e-19,5.616172e-16,5.860781e-17,3.3624578e-17,2.2824743e-15,1.0707537e-16,1.56873e-14,1.0380109e-18
1.5134904e-20,8.782161e-21,6.088157e-18,3.2022704e-23,1.4981238e-10,2.6705505e-15,3.657621e-17,1.1745114e-19
1.3217805e-16,7.106003e-14,1.3393932e-16,5.76662e-16,9.8611915e-18,1.9249957e-20,1.1582058e-25,2.2041033e-16
3.2313738e-14,9.1632596e-12,1.0473196e-15,1.629132e-25,2.4080553e-13,8.295154e-18,2.6730141e-17,4.2700566e-20
8.283447e-20,8.931146e-15,6.5808647e-16,5.250805e-17,4.648335e-14,2.3850152e-15,3.6714186e-13,3.2603364e-17
1.7619578e-22,5.4152794e-22,1.5458353e-18,7.4704365e-27,7.80999e-13,1.3062448e-19,8.4693157e-19,6.8980447e-19
1.4919172e-16,1.4140669e-15,3.7733502e-18,4.6017063e-17,1.7371924e-20,2.8963368e-21,2.89028e-27,4.3431346e-17
8.7272274e-13,1.1578635e-10,1.2949191e-14,2.8779397e-24,4.8798435e-12,1.2719582e-17,9.731227e-17,2.1906538e-20
2.3453574e-19,7.020402e-18,3.957259e-18,5.66819e-17,5.7578024e-17,3.4164232e-18,7.973399e-15,2.8975085e-21
7.7861425e-22,2.3702963e-21,2.214248e-18,3.883917e-26,7.360383e-13,1.8290564e-18,1.2625118e-18,7.0585576e-19
5.1304815e-17,3.8887733e-14,3.193838e-17,3.388442e-17,1.0259651e-17,1.0843524e-21,1.9714078e-25,2.3289653e-16
1.3821309e-17,1.5421285e-13,1.9559331e-16,7.0512625e-27,4.464725e-16,7.9291246e-20,1.1837053e-19,4.1403547e-20
2.18669e-18,3.392647e-16,4.3721897e-18,1.1831653e-16,5.19976e-16,4.0557125e-17,1.49671e-14,3.9280775e-20
1.2843595e-21,3.3626433e-21,2.644987e-18,1.1937138e-25,8.407039e-13,2.617615e-18,1.5183612e-18,1.3405624e-18
8.656094e-16,4.210231e-18,1.0900353e-19,7.7236465e-19,1.2042766e-22,9.415633e-21,1.1150116e-28,1.8978735e-18
3.618211e-16,2.902952e-13,5.318157e-16,1.5859562e-26,6.746496e-15,4.215438e-18,8.479664e-18,1.8091329e-19
5.1521896e-18,5.6556877e-16,9.673927e-18,1.6888557e-16,8.534061e-16,5.0639438e-17,2.4473614e-14,8.321008e-20
5.955395e-23,5.827567e-23,1.3683727e-21,3.743506e-30,2.1280248e-14,1.6150394e-21,4.2164007e-19,3.99888e-20
1.2203372e-15,9.910713e-17,3.514559e-19,5.969288e-17,2.0902147e-22,3.5381788e-20,2.948071e-28,5.4351995e-18
7.1814127e-16,5.2643035e-13,8.907086e-16,3.5860252e-26,1.5389574e-14,7.384818e-18,1.3998108e-17,2.743078e-19
1.893252e-19,2.311028e-22,1.7704345e-21,4.0055555e-18,6.1545898e-18,4.087498e-21,3.370984e-18,5.1447674e-25
2.8849475e-20,6.553342e-21,3.0469304e-17,1.6301835e-24,6.764455e-12,7.8076665e-17,6.112848e-18,3.2194384e-18
1.8950984e-15,1.7455194e-16,6.558951e-19,1.0623722e-16,3.371324e-22,4.529752e-20,7.106833e-28,8.98461e-18
2.1103588e-20,1.9760528e-14,1.80712e-18,1.7943536e-29,2.1438712e-19,1.9291611e-23,4.229828e-23,1.991677e-21
8.924082e-18,2.5186554e-15,1.4788001e-16,2.8523215e-16,2.907937e-15,3.0336874e-16,3.973725e-14,1.3903002e-18
3.9685342e-19,3.840027e-20,1.8437062e-16,9.580069e-24,4.2133816e-10,1.0098255e-14,4.8985282e-17,1.2095644e-18
1.1199806e-16,1.7883593e-23,3.6547683e-21,2.4388845e-22,1.4502849e-25,8.353912e-23,6.324343e-30,1.3208662e-19
2.1832313e-14,8.16684e-12,2.4106632e-15,6.9336126e-25,2.0200344e-13,4.626807e-17,1.4997175e-16,1.0889885e-18
7.2629224e-19,1.1078204e-14,1.7892127e-15,4.840944e-16,3.2484296e-14,7.521521e-16,9.442557e-13,3.8522248e-17
1.4768481e-18,9.74611e-20,8.075295e-16,3.9763433e-24,3.9984424e-10,7.3599675e-15,7.216009e-17,3.0731702e-18
3.4708384e-15,1.0604698e-15,6.809107e-18,3.9312485e-16,8.849893e-21,1.6213004e-19,1.7811057e-26,1.1594577e-16
4.053372e-12,1.4772934e-10,1.0410941e-14,3.7362697e-24,4.984734e-12,2.1625102e-17,1.3342129e-15,4.684467e-19
1.8477527e-18,1.0172839e-14,1.1519109e-15,9.58336e-16,3.0809705e-14,6.476663e-16,1.6150992e-12,2.0612002e-17
2.1104816e-18,2.4192347e-19,1.1408645e-15,1.0072932e-23,8.666463e-10,6.2385366e-15,1.4404388e-16,9.7250615e-18
5.660911e-16,3.4181313e-14,1.48405e-16,1.7801103e-15,5.1158602e-18,1.1954948e-19,2.038803e-25,2.558151e-16
2.4068443e-12,8.115647e-11,5.325671e-15,2.9119974e-24,2.149435e-12,2.8122265e-17,3.8094117e-15,1.2999275e-18
1.9789645e-18,1.5726696e-14,4.1729023e-15,1.6928942e-15,6.3829394e-14,1.8743994e-15,4.18841e-12,1.9633853e-17
1.828059e-18,4.0655136e-19,1.2772398e-15,1.1774834e-23,8.108487e-10,7.4396835e-15,1.755402e-16,5.8817414e-18
2.3194443e-15,2.1055726e-14,1.5361608e-16,8.582416e-15,1.1339163e-18,1.581498e-18,3.3171786e-25,2.1988042e-16
1.0102042e-12,2.6470368e-10,4.7390096e-15,3.9204793e-24,4.628001e-12,7.086056e-17,4.3786555e-15,1.973898e-18
3.5395054e-18,2.2500141e-14,1.7343825e-15,2.9011003e-15,5.670448e-14,1.4974773e-15,3.2887876e-12,4.582053e-17
2.4188209e-18,2.561272e-19,1.3268837e-15,8.144094e-24,6.029154e-10,6.4618106e-15,1.3907153e-16,8.21288e-18
3.0219425e-15,1.06079e-14,1.2116622e-16,1.1232418e-14,5.403752e-19,3.0389197e-18,2.416812e-24,7.516157e-16
1.8037952e-12,8.071727e-11,8.951884e-15,6.798912e-24,3.125966e-12,4.5211274e-17,5.5116044e-15,2.113511e-18
2.4787617e-18,1.5967137e-14,2.1287018e-15,1.452601e-15,5.573535e-14,1.7600696e-15,3.0375208e-12,2.1837985e-17
8.4068056e-19,1.1398616e-19,4.626103e-16,7.853666e-25,2.6812394e-10,1.8118371e-15,8.152734e-17,3.81006e-18
4.6023607e-15,3.1175437e-14,2.0907633e-16,2.2568265e-14,1.8022113e-18,5.094477e-18,7.798139e-25,3.1194495e-16
1.5668209e-12,1.350809e-10,5.656057e-15,4.4287795e-24,2.6994633e-12,6.410711e-17,5.6908366e-15,2.1433652e-18
9.97815e-19,4.5890894e-15,3.8908914e-16,6.586918e-16,3.457045e-14,5.594298e-16,2.5832851e-12,6.359873e-18
2.4465397e-18,5.1646826e-19,1.4139105e-15,7.44087e-24,3.8413428e-10,5.116005e-15,1.8937895e-16,1.0630609e-17
3.303557e-15,1.6437735e-14,1.6833947e-16,1.24365706e-14,8.4066454e-19,3.8309447e-18,1.5892644e-24,4.813084e-16
7.089991e-13,3.9181432e-11,2.0949558e-15,9.156961e-25,9.239335e-13,2.2833343e-17,2.569664e-15,6.2651394e-19
6.586585e-18,2.0967958e-14,1.0213115e-15,2.9386478e-15,6.2606163e-14,1.3254267e-15,3.7372262e-12,3.2417585e-17
1.1687537e-21,5.447376e-21,5.594914e-17,1.5769252e-26,2.8090131e-11,9.7513156e-20,4.8704672e-17,3.783772e-18
2.0815807e-15,9.868394e-15,7.376263e-17,8.968016e-15,2.1485624e-19,2.2648122e-18,2.2783134e-25,1.358883e-16
1.7303642e-12,4.021861e-11,8.8676955e-15,6.966333e-24,1.6804469e-12,6.085025e-17,6.933304e-15,3.458647e-18
6.71308e-20,1.5601474e-19,3.3159014e-17,3.5487835e-16,9.813758e-18,2.850361e-18,9.1894825e-15,9.899961e-21
1.356347e-21,6.4252155e-21,5.988287e-17,3.2708725e-26,3.1952368e-11,1.3174494e-19,4.7569172e-17,6.303355e-18
6.4858397e-15,2.7813707e-14,2.320992e-16,2.4687214e-14,1.2997242e-18,7.080027e-18,7.5861484e-25,2.9359456e-16
5.6938e-19,1.1760596e-13,1.5959174e-16,7.158541e-25,3.7592576e-17,7.083285e-21,2.3145586e-21,6.841202e-20
1.1054116e-19,1.7535454e-19,6.2859976e-17,4.0418758e-16,1.814595e-17,3.6687842e-18,1.4952064e-14,1.3137952e-20
1.1581641e-21,5.506418e-21,4.4516283e-17,9.231623e-27,3.3819184e-11,8.2953045e-20,6.648942e-17,3.7658005e-18
3.04389e-15,1.4350453e-19,1.7709292e-19,2.0639746e-20,5.1299035e-21,1.1617184e-19,4.1411138e-27,1.4497598e-17
7.7675837e-19,1.9431485e-13,3.2368544e-16,1.233963e-24,5.632991e-17,9.902642e-21,3.2083262e-21,9.02011e-20
5.8418216e-20,1.5225827e-19,2.760085e-17,5.9856404e-16,5.758217e-18,1.8059896e-18,5.4061344e-15,1.0429035e-20
1.1890125e-21,5.481917e-21,3.2151445e-17,1.2777396e-26,2.6666211e-11,1.0237591e-19,5.939668e-17,5.3939517e-18
4.220545e-15,3.5530587e-19,4.245112e-19,3.7067634e-20,7.977968e-21,1.3681862e-19,8.403404e-27,2.2180023e-17
4.956209e-19,6.843272e-14,1.0012515e-16,6.3514613e-25,2.7044091e-17,5.8662268e-21,1.1785809e-21,7.007311e-20
1.4210288e-19,1.9205813e-19,3.1199956e-17,7.751522e-16,8.012261e-18,1.4610572e-18,4.484904e-15,9.48029e-21
2.164718e-21,1.0754344e-20,7.2171376e-17,2.4528937e-26,4.7357028e-11,1.5581786e-19,1.0774075e-16,7.095952e-18
1.979881e-15,4.326889e-20,1.0695926e-19,1.5544197e-20,5.7824e-21,8.469278e-20,1.8295435e-27,1.1300522e-17
5.896678e-19,9.329376e-14,1.7239794e-16,5.3870646e-25,2.7959462e-17,7.662978e-21,1.4848618e-21,1.1667236e-19
1.2236818e-19,2.8819572e-19,5.0691434e-17,1.0548978e-15,1.0884783e-17,3.0475567e-18,8.654019e-15,1.9684595e-20
4.873261e-22,2.3062119e-21,1.5330693e-17,4.2808708e-27,1.738712e-11,4.298412e-20,2.9447607e-17,2.4461385e-18
2.3788637e-15,5.3340344e-20,1.3251106e-19,1.8197356e-20,5.169763e-21,6.5343236e-20,1.8499518e-27,1.151488e-17
8.581089e-19,1.06729506e-13,1.8606349e-16,1.3908103e-24,4.4911318e-17,1.1378279e-20,2.2372023e-21,1.3297186e-19
5.582008e-20,9.235953e-20,1.5296985e-17,3.696773e-16,3.8811033e-18,6.6314827e-19,2.9612327e-15,4.093568e-21
9.191587e-22,4.2088117e-21,2.5882452e-17,7.848747e-27,2.5472366e-11,6.9916116e-20,4.9796567e-17,3.4635192e-18
3.3353906e-15,8.49873e-20,2.1398676e-19,3.0517413e-20,1.12431875e-20,1.5057113e-19,4.3973094e-27,1.9896232e-17
3.3159864e-19,6.17776e-14,1.0321444e-16,1.7621097e-25,1.6288652e-17,3.2018948e-21,7.1565315e-22,5.201753e-20
7.320915e-20,1.2938961e-19,2.202455e-17,5.593551e-16,5.5512442e-18,1.0688916e-18,4.163759e-15,6.6623594e-21
6.367191e-22,2.377405e-21,2.1949903e-17,5.3710156e-26,1.39505725e-11,4.7687376e-20,1.6211165e-17,6.9595536e-18
1.2849122e-15,2.8980625e-20,5.794061e-20,8.030884e-21,2.2936747e-21,2.823649e-20,6.2854346e-28,4.860572e-18
4.467052e-19,7.16563e-14,1.1417304e-16,3.7350284e-25,2.2425642e-17,4.660934e-21,9.459946e-22,7.017584e-20
7.869971e-20,2.0776102e-19,7.2555075e-17,2.6352407e-16,2.216387e-17,1.2316343e-18,2.9030062e-14,1.9329492e-21
5.056981e-22,2.4577234e-21,2.1263134e-17,4.3271378e-27,2.1106462e-11,4.1257236e-20,3.1843975e-17,2.1039064e-18
1.8252813e-15,3.293193e-20,8.851315e-20,1.2570511e-20,3.8841635e-21,5.1371322e-20,1.2839784e-27,8.237134e-18
7.515429e-19,4.1851573e-13,5.9610537e-16,2.7079083e-25,6.230159e-17,2.5936561e-21,1.5487843e-21,7.418382e-20
3.8372007e-20,9.044056e-20,1.6361138e-17,3.3993965e-16,3.4314698e-18,7.820953e-19,3.6906454e-15,4.479317e-21
1.2746125e-21,4.319235e-21,2.5013988e-17,1.5704306e-25,1.21266885e-11,1.142831e-19,1.763825e-17,1.01152815e-17
4.5706398e-15,2.5571617e-19,2.5852822e-19,7.469121e-21,3.866468e-21,4.002451e-20,3.3016845e-27,7.7167e-18
3.2108882e-19,5.7000845e-14,8.831801e-17,2.0435529e-25,1.6443795e-17,3.0173717e-21,6.9844063e-22,4.538971e-20
2.0264576e-19,1.3202625e-18,9.1717515e-17,3.4708763e-16,7.3444784e-17,3.574104e-18,5.8534944e-14,4.537878e-21
1.8657281e-19,1.3370073e-19,1.2664297e-16,2.0388284e-23,2.3198339e-11,2.479833e-16,4.634756e-17,2.2249004e-17
1.3116552e-15,2.9349767e-20,5.350052e-20,7.976325e-21,2.5577642e-21,3.7094792e-20,7.177972e-28,4.8767674e-18
3.9245915e-18,7.992775e-13,1.0353865e-15,3.7798196e-25,2.759497e-16,1.1939492e-20,1.121051e-20,1.34605e-19
3.9326112e-17,2.0892825e-14,4.4174928e-16,2.4623385e-15,2.8902163e-14,1.0517195e-15,9.16308e-13,4.99821e-18
1.3661867e-22,6.332915e-22,7.011329e-18,4.7623217e-27,7.820757e-12,1.4224437e-20,5.730169e-18,1.3794333e-18
6.827558e-15,1.15465e-18,5.004808e-19,4.393301e-20,4.7918395e-21,7.1533455e-20,5.5067583e-27,1.1541838e-17
5.0635267e-14,1.2771693e-11,1.2492153e-14,5.6658353e-24,7.800954e-13,1.5005988e-16,7.8002274e-16,3.6732655e-18
2.19958e-20,3.4874856e-20,1.445491e-17,8.7188245e-17,3.2348761e-18,3.1807036e-19,4.476682e-15,9.273153e-22
3.4779037e-22,1.1547099e-21,9.503732e-18,3.0116025e-26,6.2921187e-12,3.7834647e-20,5.9778072e-18,3.630498e-18
2.4111105e-14,6.9001112e-15,3.0616575e-17,3.9955506e-15,5.843582e-20,2.1133739e-18,1.4060182e-25,3.048955e-16
1.4068435e-19,7.230307e-14,1.10485244e-16,6.81256e-26,1.1708981e-17,9.524908e-22,2.925004e-22,1.3949204e-20
6.4475375e-20,3.4913084e-19,3.548985e-17,1.4335319e-16,2.3935985e-17,1.0907056e-18,2.349411e-14,8.96754e-22
1.402952e-20,1.9819543e-20,1.4081819e-17,2.1084956e-24,3.3520669e-12,2.041076e-17,7.05603e-18,6.578976e-18
1.0794692e-15,4.060428e-20,5.0663898e-20,2.933621e-21,8.386101e-22,1.0178823e-20,4.419691e-28,2.5425532e-18
9.629262e-19,3.8379244e-13,4.856426e-16,6.9596317e-26,7.4229216e-17,2.676243e-21,2.3468586e-21,5.537153e-20
1.30704355e-17,4.7540194e-15,5.0095884e-17,5.445084e-16,5.38475e-15,2.7279826e-16,1.5651354e-13,4.1167176e-19
1.99926e-20,2.5975093e-20,1.9683272e-17,3.2651168e-24,4.172558e-12,2.8218334e-17,9.468631e-18,7.658752e-18
2.964793e-15,3.1232675e-19,1.5859255e-19,9.089671e-21,1.3921555e-21,2.1422677e-20,1.0303447e-27,4.0156835e-18
4.752968e-15,2.455008e-12,3.4574523e-15,4.400754e-25,1.2122813e-13,4.177055e-17,1.0691985e-16,8.115522e-19
1.6657378e-17,6.0138175e-15,7.3877803e-17,6.858828e-16,6.938914e-15,3.3921038e-16,1.9951452e-13,6.33022e-19
8.27216e-23,3.9449068e-22,5.1811227e-18,2.412663e-27,6.0757627e-12,9.2363714e-21,3.665763e-18,8.5859667e-19
8.746449e-15,1.0035004e-15,3.817596e-18,5.862148e-16,3.4111442e-21,2.9146833e-19,7.2499376e-27,5.764967e-17
6.4049726e-15,3.080721e-12,4.287516e-15,6.7976115e-25,1.5865445e-13,5.2538304e-17,1.3693945e-16,1.0564829e-18
1.2961975e-20,2.2801886e-20,8.7169575e-18,5.699695e-17,1.9152997e-18,2.363067e-19,2.7592246e-15,5.4662946e-22
1.6377115e-18,9.393431e-20,7.738197e-16,6.1342266e-24,3.9345832e-10,1.0282666e-14,7.0680214e-17,3.9957274e-18
1.0350435e-14,1.3366531e-15,4.8609058e-18,7.2728303e-16,5.0197936e-21,3.8678733e-19,1.2603942e-26,7.3671796e-17
8.7055506e-20,4.7664336e-14,6.840716e-17,3.560264e-26,6.9639095e-18,6.1365265e-22,1.8850407e-22,9.058035e-21
3.3119805e-18,1.3725154e-14,1.7762101e-15,1.2734064e-15,3.9010905e-14,7.1636e-16,1.5054208e-12,2.9118524e-17
5.3698005e-21,1.4592232e-20,7.676476e-18,8.426719e-25,2.178126e-12,4.717664e-18,6.24498e-18,5.5441545e-18
7.060534e-16,2.4078446e-20,3.1488543e-20,1.8682688e-21,4.917744e-22,6.928868e-21,2.2623572e-28,1.6918717e-18
2.9964746e-12,9.2788846e-11,9.56266e-15,4.799113e-24,2.587161e-12,4.1127973e-17,3.957144e-15,2.3349677e-18
6.872964e-18,1.1145002e-15,2.3868785e-17,3.79576e-16,2.1801967e-15,1.0535943e-16,1.0537286e-13,1.136202e-19
2.7263764e-19,2.4627175e-20,1.8431084e-16,6.0133538e-24,5.724062e-11,1.026761e-15,2.0374665e-17,4.3880463e-18
2.5601634e-15,2.6879162e-14,2.205609e-16,8.749519e-15,2.0008182e-18,1.4560663e-18,3.4527687e-25,3.3308882e-16
7.806807e-16,1.1392376e-12,2.8837336e-15,2.166068e-25,2.299535e-14,1.0647087e-17,1.986476e-17,5.074536e-19
7.544358e-18,8.03894e-15,7.993556e-16,6.762416e-16,1.2202727e-14,4.775355e-16,2.7952637e-13,8.234904e-18
5.8306705e-19,4.8521197e-20,3.1745024e-16,9.288226e-24,1.7734489e-10,4.014771e-15,3.9625783e-17,3.5088807e-18
7.866599e-15,2.6387715e-16,1.8910153e-18,8.599809e-17,1.9263316e-21,1.8741165e-19,3.7966947e-27,2.469137e-17
3.1030582e-13,3.726985e-11,6.0271383e-15,2.5611872e-24,9.599529e-13,5.559406e-17,9.625458e-16,1.9798553e-18
3.8464813e-18,1.1816104e-14,1.475814e-15,8.3736274e-16,2.412417e-14,6.515097e-16,7.382682e-13,1.8802626e-17
4.8322284e-19,4.6125074e-20,2.2806367e-16,1.0469078e-23,3.0774822e-10,7.474417e-15,4.4307724e-17,1.71079e-18
3.8199767e-15,6.199417e-15,4.7804564e-17,2.0567724e-15,1.5710287e-19,5.8332063e-19,1.1347691e-25,2.4481854e-16
1.3390257e-12,7.7117396e-11,9.621241e-15,4.3262363e-24,2.2202173e-12,4.6545648e-17,1.781503e-15,1.6970555e-18
1.2213087e-18,1.2521065e-14,1.597392e-15,6.0187943e-16,2.965824e-14,7.0156436e-16,9.555632e-13,2.3980768e-17
6.818951e-20,9.911221e-21,5.574951e-17,1.1948077e-24,1.1237128e-11,1.374235e-16,9.666586e-18,4.1898352e-18
2.2360403e-15,1.6292747e-14,1.1628819e-16,3.5064242e-15,9.517985e-19,6.235741e-19,2.2069289e-25,2.8699485e-16
2.8101852e-12,1.1429343e-10,1.0744863e-14,4.236317e-24,3.8295755e-12,2.9400014e-17,1.4751216e-15,7.7763296e-19
8.018957e-18,2.798734e-15,1.637732e-16,3.5138002e-16,4.9874367e-15,2.4252075e-16,1.01096886e-13,1.6914457e-18
3.1764718e-19,4.2674674e-20,1.5024546e-16,1.354846e-23,2.2878806e-10,5.655518e-15,4.8425115e-17,1.7843636e-18
8.3364014e-16,2.3452248e-14,1.3869168e-16,2.3813605e-15,2.9014504e-18,2.530698e-19,1.8882191e-25,2.5310112e-16
4.7072833e-14,9.3370225e-12,2.3749468e-15,7.7259514e-25,2.3890606e-13,4.502007e-17,3.0567227e-16,1.189282e-18
1.424753e-18,1.2384636e-14,1.4148439e-15,5.5334693e-16,2.9063083e-14,8.900327e-16,7.1027e-13,2.4911237e-17
1.2129651e-18,8.1022167e-20,5.6558174e-16,1.0228631e-23,3.9103507e-10,9.472655e-15,6.506203e-17,3.640317e-18
4.4085393e-15,1.7310844e-15,1.2373897e-17,8.696141e-16,1.4229919e-20,3.2292278e-19,2.3964291e-26,1.1622077e-16
2.0657868e-12,1.08032264e-10,1.2632706e-14,5.5934857e-24,3.81005e-12,4.0499305e-17,1.0785554e-15,7.456489e-19
3.1219823e-18,1.5525904e-14,2.2631319e-15,1.1566003e-15,3.9005027e-14,7.518595e-16,1.4677036e-12,3.2718732e-17
1.567215e-20,5.6990095e-21,1.7324699e-17,8.466964e-25,3.824422e-12,3.0507685e-17,4.656054e-18,3.4891264e-18
8.069937e-16,2.334042e-14,1.2132441e-16,1.5933693e-15,2.7957098e-18,1.782961e-19,1.888745e-25,2.957235e-16
3.0567408e-12,1.15468336e-10,1.1879332e-14,5.7669704e-24,3.4292296e-12,4.3746443e-17,3.0744528e-15,1.9393704e-18
9.783555e-18,1.9229897e-15,6.8528354e-17,2.6066068e-16,2.2254035e-15,1.8541093e-16,3.460218e-14,6.205154e-19
2.3211355e-22,1.0587285e-21,1.552289e-17,6.784807e-27,9.443319e-12,2.678951e-20,7.78696e-18,1.7257148e-18
2.1333435e-15,2.766773e-14,2.062696e-16,6.397623e-15,2.443294e-18,9.538522e-19,3.6217294e-25,3.4883713e-16
9.123049e-15,4.112518e-12,1.8673625e-15,3.300202e-25,9.83255e-14,3.8207016e-17,1.034257e-16,9.049858e-19
3.9371988e-20,5.331268e-20,1.894294e-17,1.042488e-16,5.4664934e-18,9.29151e-19,5.8134035e-15,1.3668494e-21
2.0967415e-20,5.974359e-20,4.0742897e-17,1.2668499e-24,6.932522e-12,1.5951435e-17,3.7303305e-17,1.3381873e-17
4.2870578e-15,5.9894547e-16,4.0251618e-18,3.3471664e-16,3.1239074e-21,1.492433e-19,7.6461645e-27,6.5813137e-17
2.115825e-19,1.033527e-13,1.6043529e-16,9.39584e-26,1.2453736e-17,1.9450948e-21,8.145967e-22,3.1637122e-20
1.4417958e-17,1.0611739e-15,5.1172486e-17,1.338148e-15,3.476417e-15,2.993201e-16,1.3015508e-13,3.3013453e-19
8.2048784e-22,4.1730006e-21,3.6871377e-17,1.5603143e-26,2.212647e-11,8.6571334e-20,3.4755115e-17,3.9919947e-18
1.82945e-15,1.0512963e-19,1.0125116e-19,7.19914e-21,1.0778981e-21,3.1025797e-20,1.178182e-27,4.0686185e-18
1.0288115e-15,1.7999839e-12,4.7862092e-15,9.208032e-25,1.8110537e-14,1.8560545e-17,3.6842555e-17,2.1784809e-18
1.1159742e-19,1.3728655e-19,3.4433256e-17,3.3429045e-16,9.394443e-18,2.1205288e-18,7.640875e-15,9.283032e-21
6.5693317e-22,3.2477054e-21,2.2219995e-17,4.041069e-26,1.400261e-11,7.8607e-20,1.7299142e-17,6.4135205e-18
1.9247079e-14,4.3630974e-16,5.348772e-18,1.6467215e-16,7.864775e-21,9.600178e-19,2.3712128e-26,7.0646254e-17
6.077665e-19,1.2873151e-13,2.6286543e-16,4.770145e-25,2.7346394e-17,8.616013e-21,2.5841853e-21,8.297646e-20
2.0207141e-19,1.8306818e-19,5.195217e-17,3.0772085e-16,1.6614035e-17,1.6881711e-18,1.1098508e-14,3.5849814e-21
1.7163144e-17,1.2805797e-18,6.1062618e-15,8.109161e-23,1.6690553e-09,3.999777e-14,7.0579216e-16,4.348904e-17
3.0546265e-15,2.1942095e-19,2.2917354e-19,2.772089e-20,4.228461e-21,8.85922e-20,4.14826e-27,1.0297881e-17
7.016704e-19,2.9737557e-13,6.8807096e-16,2.7199796e-25,3.319825e-17,6.245447e-21,2.6210478e-21,1.2333121e-19
2.1640453e-17,6.135966e-14,9.912309e-15,7.828521e-15,2.3413465e-13,4.6208493e-15,9.602336e-12,1.7550671e-16
1.7005591e-21,8.258957e-21,6.176961e-17,2.0184419e-26,4.1432097e-11,1.4826331e-19,8.259069e-17,5.7249038e-18
4.3597218e-15,3.2721696e-19,3.5725344e-19,1.9463576e-20,3.363785e-21,5.3299664e-20,4.6075147e-27,8.714829e-18
9.737304e-12,3.4334222e-10,3.3442534e-14,5.786718e-23,9.094777e-12,3.2913408e-16,2.7163606e-14,1.3489968e-17
8.565093e-20,2.1448774e-19,3.9381808e-17,8.29472e-16,7.408209e-18,2.3986337e-18,5.816664e-15,1.4971135e-20
2.9809617e-17,6.6210717e-18,7.604701e-15,6.4764213e-22,5.517301e-09,9.257057e-14,4.077761e-15,1.5908117e-16
1.7732965e-14,1.1911307e-13,1.2837708e-15,7.7169214e-14,8.939448e-18,2.2151781e-17,1.1425496e-23,1.9662428e-15
8.330222e-19,9.441293e-14,1.2232822e-16,8.80603e-25,3.2903852e-17,8.821783e-21,2.1164605e-21,8.833809e-20
2.2104428e-17,1.6139066e-13,7.349843e-14,1.611814e-14,1.1609694e-12,4.3239734e-14,3.498902e-11,3.3516893e-16
1.1220587e-16,3.7015972e-17,3.1119828e-14,4.8478806e-21,1.6580302e-08,4.634642e-13,6.9848853e-15,1.8917316e-16
3.0472707e-15,6.342133e-20,1.9339173e-19,3.171736e-20,7.806876e-21,9.629514e-20,3.5609004e-27,1.4872115e-17
4.861839e-12,2.7737281e-09,5.1363932e-14,2.8892948e-22,5.1447454e-11,2.9553757e-15,3.2158426e-14,3.1497727e-17
1.4147622e-16,1.5187915e-12,6.207786e-14,1.1649438e-13,2.33254e-12,6.607649e-14,6.00316e-11,4.5172182e-15
3.379259e-20,1.2347149e-19,1.2065523e-15,1.5569566e-24,1.1928945e-10,5.376839e-18,4.4422156e-16,4.1515583e-17
1.5096231e-14,6.808861e-14,1.4180263e-15,5.5517636e-14,1.236847e-17,3.110477e-17,2.8679262e-22,2.5849585e-14
1.8467446e-11,7.881352e-10,2.2575165e-13,2.210514e-21,8.795903e-11,3.798862e-15,1.8816836e-13,6.249654e-17
7.990952e-19,2.45122e-18,8.68116e-16,5.6731065e-15,2.6208446e-16,7.079625e-17,1.1462816e-13,2.7245256e-19
7.108361e-18,9.4519935e-18,2.9142221e-15,2.8053083e-22,2.7032326e-10,5.3379152e-15,2.0626182e-15,2.3438048e-16
2.2316881e-13,7.9253574e-13,1.0366675e-14,1.3312967e-12,1.7486785e-16,5.6003616e-16,8.562139e-23,2.3550279e-14
5.8837386e-18,5.672744e-13,6.581367e-16,8.6294574e-23,4.103256e-16,1.03843795e-19,3.980343e-20,8.428512e-19
2.8610724e-16,1.7375599e-13,2.589512e-15,3.2704247e-14,3.5710193e-13,1.887794e-14,9.5447435e-12,1.699247e-16
2.5462917e-17,4.0004857e-18,8.904713e-15,1.3406109e-22,2.385969e-09,5.2733252e-14,2.3796986e-15,7.696096e-17
3.268772e-14,2.5068424e-18,7.300759e-18,7.5245513e-19,1.6996916e-19,3.624493e-18,3.0530847e-25,5.1078315e-16
5.6903755e-13,4.0625534e-11,7.031325e-14,3.112748e-22,3.7566512e-12,2.0104232e-15,1.7228306e-14,5.0042028e-17
3.6697243e-17,9.76415e-14,1.6094671e-14,1.4756374e-14,4.8107053e-13,1.2124958e-14,1.7366273e-11,3.832118e-16
2.8482494e-20,1.4146629e-19,7.1958636e-16,6.4932827e-25,1.9393821e-10,1.7688643e-18,9.720621e-16,5.679337e-17
1.9331451e-13,7.223442e-14,6.932798e-16,8.9866164e-14,2.8281036e-18,1.0652251e-16,9.5795206e-24,3.5972663e-15
7.611039e-12,4.8150184e-10,4.374768e-14,1.4782485e-22,1.3805885e-11,8.50955e-16,3.973801e-14,2.96271e-17
1.231545e-18,2.280739e-18,4.68814e-16,5.5860264e-15,1.0573064e-16,3.281448e-17,6.525115e-14,3.2519613e-19
3.5995087e-20,1.8069258e-19,8.1971137e-16,6.5111914e-25,2.1539431e-10,2.1006504e-18,1.2973486e-15,7.046162e-17
2.3152909e-14,1.317946e-13,1.4522077e-15,8.449603e-14,1.28470025e-17,4.7638542e-17,4.3344155e-23,4.5942915e-15
8.331942e-18,6.556832e-13,1.413452e-15,3.8642822e-23,3.7354582e-16,1.6183159e-19,3.6387304e-20,1.3195826e-18
1.5020003e-18,2.7970968e-18,5.2399025e-16,8.124986e-15,1.0679471e-16,3.5766287e-17,6.8217946e-14,4.5156927e-19
5.8047904e-20,7.447615e-20,3.0125026e-16,7.6024867e-25,2.914556e-11,1.1208304e-17,6.4503555e-16,2.797824e-17
2.6187884e-14,1.5120147e-18,2.8766974e-18,4.0551516e-19,1.5139243e-19,2.0651581e-18,2.069662e-25,1.9649522e-16
9.9491936e-18,6.505273e-13,1.3648788e-15,4.8752667e-23,4.5032803e-16,1.8274861e-19,4.037676e-20,1.711645e-18
3.8548982e-18,2.479083e-18,1.7525715e-16,7.5828016e-15,2.3484947e-16,3.5958497e-17,1.2808707e-14,2.3452501e-19
1.0558372e-20,3.6090643e-20,1.03376394e-16,9.112736e-26,5.900753e-11,8.055315e-19,3.3277e-16,2.5275943e-17
2.8462435e-14,1.4275876e-18,2.9656935e-18,4.682806e-19,1.9458611e-19,2.3788238e-18,2.080435e-25,2.234726e-16
8.93638e-18,4.5031234e-13,1.9617018e-16,3.3011876e-23,1.7579954e-16,8.484186e-20,6.8159863e-20,4.6461515e-19
1.2330635e-18,6.925915e-19,8.966399e-17,3.2504421e-15,5.5643705e-17,7.282957e-18,1.0664215e-14,6.199094e-20
1.0573729e-20,4.3518182e-20,1.4236246e-16,1.2304183e-25,7.752887e-11,7.2339995e-19,3.9175803e-16,2.7088491e-17
1.6167126e-14,1.335433e-18,6.458572e-18,9.34704e-19,5.46159e-20,2.955732e-18,1.4206831e-25,2.0195538e-16
3.0123275e-18,3.1223892e-13,4.6204774e-16,5.2070235e-24,1.2095379e-16,5.137916e-20,1.0781248e-20,6.0035823e-19
9.787022e-19,9.153044e-19,1.3610255e-16,3.4640266e-15,5.0693363e-17,7.9280125e-18,1.834703e-14,8.633389e-20
4.6036636e-21,1.8686903e-20,1.0061447e-16,3.3791343e-25,4.7858356e-11,3.9304177e-19,1.10528244e-16,2.6267686e-17
1.0162948e-14,2.784979e-19,1.0603549e-18,1.596134e-19,2.3015026e-20,4.230918e-19,2.4561052e-26,7.580856e-17
4.013019e-18,3.6415348e-13,6.9272467e-16,6.500374e-24,1.542132e-16,5.7236976e-20,1.25661975e-20,6.74517e-19
7.1047246e-19,7.4087703e-19,2.77109e-16,1.2416085e-15,7.8273785e-17,5.932216e-18,5.866012e-14,3.276265e-20
1.15814705e-20,3.701747e-20,1.3100643e-16,1.4630382e-24,3.400151e-11,1.2417819e-18,1.1178421e-16,4.5997062e-17
1.1240606e-14,3.855602e-19,1.0008037e-18,1.6049505e-19,3.6247798e-20,4.741043e-19,3.1627612e-26,6.5533047e-17
3.184153e-18,8.414595e-13,2.0701934e-15,4.2630655e-24,2.0998593e-16,3.1642192e-20,1.0253375e-20,3.9328473e-19
2.245448e-18,1.0372909e-17,4.4331079e-16,2.0543024e-15,4.5201124e-16,2.3584948e-17,2.0301348e-13,5.0757334e-20
2.4034387e-21,1.3644225e-20,7.7756546e-17,2.5107364e-26,4.2654526e-11,1.8751823e-19,1.3302533e-16,8.215889e-18
1.5684279e-14,1.5217996e-18,1.4804242e-18,9.191387e-20,2.6853559e-20,2.7218768e-19,4.63983e-26,4.6772226e-17
2.951891e-17,2.785483e-12,5.789458e-15,3.7669962e-24,1.4224147e-15,1.4776305e-19,1.2721704e-19,1.5056603e-18
2.5235742e-19,3.6632867e-19,5.41769e-17,1.1271903e-15,1.21528615e-17,3.3592508e-18,9.256858e-15,3.1386845e-20
4.0326715e-21,2.7177045e-20,1.9021591e-16,4.9633054e-26,5.8155553e-11,4.0839641e-19,2.4191092e-16,1.7243667e-17
3.0375408e-14,1.0852484e-17,3.2975965e-18,5.2931934e-19,3.3984822e-20,5.624739e-19,8.1747455e-26,6.392835e-17
1.488448e-18,1.5254944e-13,3.271975e-16,1.3253045e-24,5.1000992e-17,2.0206439e-20,5.1255415e-21,2.5798047e-19
6.576589e-19,6.6647307e-19,9.958995e-17,2.1813614e-15,1.9150232e-17,8.32219e-18,1.0838311e-14,8.890367e-20
2.9270814e-21,2.0184249e-20,1.2571114e-16,3.1561206e-26,4.5211754e-11,3.168037e-19,1.8228243e-16,1.24356025e-17
4.671753e-15,1.6939372e-19,2.5476879e-19,5.0997213e-20,1.1091026e-20,1.754529e-19,7.013063e-27,1.6554187e-17
2.1400972e-18,2.0225327e-13,4.2560309e-16,3.693713e-24,7.62273e-17,5.1453293e-20,1.2915432e-20,5.8269125e-19
5.941543e-19,5.336601e-19,6.6672035e-17,1.8311815e-15,1.4937444e-17,5.9644603e-18,7.637582e-15,6.103103e-20
3.6077547e-21,2.2477168e-20,9.479948e-17,3.2139035e-26,4.483776e-11,3.5704907e-19,1.8575145e-16,1.15072395e-17
8.464423e-15,4.516796e-19,5.5260566e-19,1.3089134e-19,1.9397828e-20,4.0863172e-19,1.6795185e-26,3.619189e-17
1.9031587e-18,1.7295383e-13,4.1997926e-16,2.0049608e-24,5.2775936e-17,4.1539915e-20,1.14273014e-20,5.157969e-19
6.466754e-19,5.204733e-19,5.5748876e-17,1.8067022e-15,1.6873029e-17,5.8008563e-18,7.161391e-15,5.0776895e-20
7.392671e-21,2.567639e-20,1.2325756e-16,7.5455403e-25,3.767129e-11,5.628152e-19,1.0692841e-16,4.773896e-17
6.5582885e-15,3.9286638e-19,4.1272526e-19,1.2023459e-19,1.3292511e-20,2.799561e-19,1.1622151e-26,2.25644e-17
2.1584873e-18,1.8797682e-13,5.0795984e-16,1.6555897e-24,4.9553442e-17,4.2626355e-20,1.1338936e-20,5.6660223e-19
1.3968121e-18,2.405864e-18,4.0391478e-16,1.8657603e-15,1.8409863e-16,1.1306775e-17,1.1396347e-13,2.1168815e-20
1.8636012e-19,4.389752e-19,1.8370088e-16,2.818447e-23,2.344866e-11,8.5012065e-17,2.199123e-16,1.1877598e-16
6.2532135e-15,3.3660094e-19,4.702228e-19,1.3055324e-19,1.3485778e-20,2.8692983e-19,1.3345514e-26,2.2006493e-17
9.900128e-18,2.4689404e-12,4.7934446e-15,2.456773e-24,4.1737596e-16,3.9469278e-20,3.262272e-20,1.3189786e-18
9.603227e-17,5.689599e-15,4.6635606e-16,6.682436e-15,1.9627519e-14,1.0924937e-15,8.6586006e-13,2.8719057e-18
2.7367161e-17,1.9727989e-18,9.217182e-15,1.379899e-22,2.0731001e-09,8.749039e-14,9.526355e-16,5.512587e-17
2.8586207e-14,3.585889e-18,2.544688e-18,1.3930547e-19,2.8037704e-20,4.0554303e-19,7.296859e-26,4.1757963e-17
7.511145e-15,9.646209e-12,2.9746845e-14,1.7171803e-23,1.5151654e-13,1.0863052e-16,1.8544135e-16,1.1934364e-17
4.4373697e-17,1.0629597e-13,1.4007984e-14,1.57174e-14,3.0660703e-13,5.2752035e-15,1.0897009e-11,3.4517702e-16
1.5139548e-17,2.6193028e-18,5.8146898e-15,1.1877381e-22,2.3021607e-09,3.065016e-14,1.1777621e-15,7.748413e-17
1.0184356e-13,2.5588355e-15,3.940555e-17,8.183398e-16,8.486354e-20,4.5852325e-18,4.2761586e-25,4.183403e-16
1.5131424e-11,3.814409e-10,6.357108e-14,1.1149344e-22,1.2482836e-11,3.9205852e-16,4.3618453e-14,2.964485e-17
1.7173492e-17,7.337461e-14,1.8366497e-14,1.0270122e-14,3.6442512e-13,1.134966e-14,1.7121507e-11,1.224767e-16
3.5138788e-17,2.2682364e-18,1.2291398e-14,3.0024094e-22,3.0453335e-09,1.2684285e-13,9.495878e-16,5.3852164e-17
3.124592e-14,2.287179e-13,2.2560807e-15,1.2361961e-13,2.1396984e-17,3.1683307e-17,1.21814615e-23,2.6172793e-15
3.5207239e-12,7.273657e-10,2.8219989e-14,5.858304e-23,1.3597834e-11,5.5027363e-16,2.3317414e-14,1.8304953e-17
4.34985e-17,1.7134395e-13,2.1990037e-14,1.7772073e-14,3.2543786e-13,7.409464e-15,1.06187255e-11,4.8251073e-16
1.37192446e-17,1.2748527e-18,5.5602385e-15,9.161932e-23,2.1874305e-09,4.8709114e-14,6.5525087e-16,2.6175561e-17
1.5248333e-14,5.835459e-14,7.960995e-16,5.6181063e-14,4.436825e-18,2.5112368e-17,4.1444723e-23,4.2558387e-15
1.6987457e-11,5.0618565e-10,7.1225984e-14,1.6426636e-22,1.8799743e-11,4.919955e-16,4.7443657e-14,3.061751e-17
1.464445e-17,8.062345e-14,8.360258e-15,8.072897e-15,1.9486192e-13,4.9744974e-15,6.3562055e-12,2.2880962e-16
1.4289169e-18,2.8093178e-19,8.973693e-16,5.5544682e-24,5.8809463e-10,5.1468348e-15,1.3484315e-16,6.467596e-18
3.2857994e-14,2.1946137e-13,2.4070519e-15,1.3058327e-13,2.9406072e-17,3.665219e-17,1.673771e-23,3.7783683e-15
8.473401e-12,2.971073e-10,3.0546163e-14,6.159295e-23,1.0632102e-11,2.6836513e-16,2.4536949e-14,1.0139543e-17
2.9950026e-18,1.6049055e-14,1.0988886e-15,2.2629159e-15,5.5505778e-14,1.0038335e-15,3.2452125e-12,2.5744102e-17
3.3120564e-18,2.4383485e-19,1.3057194e-15,1.5485228e-23,8.1128043e-10,2.4357285e-14,2.2627593e-16,6.8199726e-18
1.4812631e-14,1.06852515e-13,1.1216014e-15,6.6662726e-14,1.1660707e-17,1.8901653e-17,6.617769e-24,1.899441e-15
1.3868825e-12,6.527913e-11,7.0892e-15,3.426358e-24,2.1053257e-12,3.7729346e-17,5.22366e-15,1.5678324e-18
5.10617e-18,2.4362165e-14,3.2221095e-15,2.6789272e-15,8.507676e-14,1.4191466e-15,2.8769094e-12,8.106495e-17
4.8546424e-18,4.8850873e-19,1.5245968e-15,6.952796e-23,1.1139575e-09,5.029587e-14,4.7478007e-16,1.2619297e-17
4.647933e-15,3.087777e-14,1.887097e-16,2.211631e-14,1.0114273e-18,4.2723742e-18,4.467993e-25,2.3043185e-16
5.7490054e-12,1.8757702e-10,1.813629e-14,1.438177e-23,5.611868e-12,8.3732396e-17,7.969871e-15,3.662618e-18
9.553421e-18,4.6543942e-14,7.606645e-15,4.5049833e-15,1.6705391e-13,3.0615324e-15,4.6116383e-12,2.1494675e-16
8.11026e-19,1.8081117e-19,3.2109423e-16,7.5310544e-23,2.0516959e-10,7.4043495e-15,2.2330046e-16,1.306286e-17
4.0554845e-15,7.545351e-14,4.6280626e-16,1.74823e-14,5.889532e-18,2.8613096e-18,1.1013259e-24,6.146314e-16
1.27490345e-11,3.6457168e-10,5.0732134e-14,6.365998e-23,1.4072921e-11,1.8502021e-16,1.03850805e-14,6.7253895e-18
1.6483298e-17,2.7965745e-14,3.069929e-15,2.18251e-15,7.467722e-14,3.478208e-15,9.426883e-13,8.538844e-17
2.1303219e-19,3.7911216e-20,9.526023e-17,2.2729945e-23,8.3697535e-11,1.9999132e-15,5.020742e-17,5.2295136e-18
4.7577023e-15,1.7367017e-13,1.0496834e-15,1.8818836e-14,2.566184e-17,2.758684e-18,3.0830944e-24,1.3713504e-15
1.88348e-12,1.5972682e-10,4.327513e-14,5.302277e-23,6.0907885e-12,3.1974723e-16,2.5095443e-15,5.058419e-18
6.525935e-18,1.1694447e-14,1.3428933e-15,7.227915e-16,2.977568e-14,1.1097826e-15,3.8965337e-13,2.236601e-17
5.619994e-21,1.6758429e-21,5.271273e-18,3.8395776e-25,1.5002612e-12,1.108026e-17,1.7260703e-18,1.9251959e-18
4.904704e-15,6.160663e-14,3.2755841e-16,3.780012e-15,4.7102733e-18,8.3225986e-19,1.3358467e-24,1.3097651e-15
7.675764e-13,8.4776255e-11,1.7125402e-14,1.11140065e-23,3.1863984e-12,1.0902658e-16,7.8271133e-16,1.4244379e-18
8.7188195e-18,9.396854e-16,3.624412e-17,1.3265743e-16,1.3623768e-15,6.5567815e-17,1.4475874e-14,2.9745293e-19
1.3159067e-20,2.4204048e-21,1.05726164e-17,9.859953e-25,2.9895216e-12,3.3005807e-17,3.1625691e-18,2.5625826e-18
2.0640507e-15,1.9741954e-14,9.97896e-17,1.3478614e-15,9.819894e-19,2.0228428e-19,2.4061214e-25,5.0580387e-16
4.411954e-15,2.668197e-12,1.1263993e-15,1.3408134e-25,6.2956056e-14,2.0628991e-17,4.4568955e-17,4.1512374e-19
9.8395475e-18,1.4357272e-15,8.004812e-17,1.5498224e-16,1.9551284e-15,1.5468161e-16,1.5584739e-14,7.287066e-19
3.901406e-20,7.599632e-21,2.1596579e-17,4.883324e-24,4.6179872e-11,7.4082724e-16,1.244462e-17,8.557259e-19
2.3261428e-15,3.2797605e-16,1.8707178e-18,1.43351e-16,9.212052e-22,4.418394e-20,2.6533019e-27,3.495149e-17
1.25018785e-14,6.920447e-12,1.7727713e-15,3.9301055e-25,1.4112768e-13,4.000458e-17,8.601187e-17,6.746045e-19
8.965947e-19,4.451972e-15,3.9679502e-16,1.5535041e-16,1.0381555e-14,4.7605867e-16,1.3490612e-13,6.0810307e-18
3.091875e-20,6.6022717e-21,1.7425513e-17,4.0259942e-24,1.0013576e-10,1.4114531e-15,1.2751549e-17,2.5002702e-19
2.6347394e-15,6.2910863e-16,4.2613553e-18,1.9041846e-16,3.149958e-21,6.320034e-20,8.220365e-27,8.3032e-17
3.2172247e-13,4.3785225e-11,6.0261727e-15,1.4930783e-24,1.3652975e-12,2.3395695e-17,2.0306391e-16,2.1855965e-19
2.1769264e-19,4.780917e-15,3.8917074e-16,9.093089e-17,1.29355145e-14,5.375368e-16,2.0280916e-13,8.926704e-18
2.2815471e-19,2.9821515e-20,1.426756e-16,8.259984e-24,1.618132e-10,3.4259296e-15,3.24114e-17,1.6357136e-18
4.0404885e-16,7.112874e-15,2.6521619e-17,2.690221e-16,3.683549e-19,2.5026067e-20,3.7549693e-26,1.4645519e-16
5.106261e-13,5.486799e-11,5.5275015e-15,7.710493e-25,1.5141694e-12,9.192378e-18,1.9196244e-16,7.640156e-20
1.7525163e-18,9.831684e-15,1.0177568e-15,4.7363504e-16,1.9638938e-14,9.223226e-16,3.9695986e-13,1.8860454e-17
3.1222547e-19,7.819249e-20,3.1232956e-16,1.0260554e-24,2.086185e-10,1.9406018e-15,2.311131e-17,1.5434665e-18
1.499563e-16,1.17762355e-14,2.6251157e-17,1.7012122e-16,1.0716555e-18,9.455477e-21,4.17463e-26,9.816459e-17
9.15948e-13,7.3142215e-11,9.238584e-15,3.178755e-24,1.9489323e-12,3.4753663e-17,9.350727e-16,8.020331e-19
1.3221676e-18,7.738674e-15,2.7950944e-16,1.1025501e-15,1.7640398e-14,2.864611e-16,1.3689587e-12,4.0812095e-18
5.0699885e-19,6.959042e-20,3.8635735e-16,5.240081e-24,1.688107e-10,3.854095e-15,4.1011572e-17,3.7206505e-18
1.0151898e-15,1.7682438e-14,8.313056e-17,1.3313149e-15,1.2458719e-18,1.8277999e-19,1.5766856e-25,2.6492914e-16
3.7385934e-13,1.6792333e-11,3.562716e-15,3.7401042e-25,4.982574e-13,7.248091e-18,1.5459261e-15,6.993295e-19
4.8459644e-18,1.1284687e-14,9.007785e-16,1.2182859e-15,2.0525567e-14,8.447968e-16,5.4302705e-13,1.5472106e-17
8.9922824e-20,2.5734145e-20,1.0532286e-16,3.0937452e-24,5.666856e-11,8.1200856e-16,1.386075e-17,2.3292296e-18
1.8945779e-15,1.1401037e-14,5.1619697e-17,9.436805e-15,2.4096746e-19,1.3120485e-18,3.5951612e-26,4.864748e-17
6.8287113e-13,4.536837e-11,8.522809e-15,2.9448061e-24,1.0820827e-12,4.2383527e-17,2.126778e-15,2.4201222e-18
3.892936e-18,6.1195767e-15,4.0866973e-16,7.404967e-16,7.835811e-15,4.487845e-16,2.0806342e-13,5.3012794e-18
1.7398206e-18,1.335524e-19,1.0072013e-15,9.497869e-24,5.902669e-10,8.722293e-15,8.277141e-17,5.612825e-18
2.7199829e-15,1.7245435e-14,1.2010092e-16,5.1094908e-15,6.9762696e-19,1.0610509e-18,1.6798014e-25,2.523501e-16
1.5386147e-13,2.1544681e-11,5.664068e-15,9.581196e-25,5.014455e-13,2.2664037e-17,6.265818e-16,1.1198468e-18
3.0914302e-18,1.6073074e-14,2.5178865e-15,1.6566585e-15,4.519582e-14,9.681579e-16,2.507964e-12,2.247163e-17
1.3014507e-18,1.4920573e-19,5.100413e-16,5.1691263e-23,7.586177e-10,2.6770744e-14,1.3597023e-16,4.442499e-18
1.8527738e-15,8.333608e-15,3.772877e-17,1.9960871e-15,1.5222633e-19,3.297884e-19,4.342386e-26,1.0342097e-16
1.934828e-12,1.5780664e-10,8.780078e-15,3.367259e-24,2.9329293e-12,4.1529364e-17,4.7658038e-15,2.0818875e-18
2.115011e-18,2.7763887e-14,4.648997e-15,1.5734129e-15,8.0018166e-14,1.7760813e-15,2.4721542e-12,7.300457e-17
2.2355675e-18,2.7625366e-19,1.2021328e-15,1.2889671e-23,6.958905e-10,7.872363e-15,1.6131164e-16,1.17222536e-17
3.3879416e-15,3.04052e-14,1.9245445e-16,1.2584369e-14,1.1418294e-18,2.4221449e-18,7.7042306e-25,3.328411e-16
9.056401e-12,3.248188e-10,2.6112222e-14,1.8918836e-23,1.2305257e-11,6.110403e-17,3.7668406e-15,1.4458159e-18
3.1157123e-18,1.6514068e-14,2.7604357e-15,1.862546e-15,7.209637e-14,1.777559e-15,3.985586e-12,2.7679617e-17
4.9275757e-18,7.279148e-19,2.0408912e-15,8.808289e-23,1.8092561e-09,2.4698944e-14,5.336956e-16,2.5269387e-17
1.4137811e-15,8.877787e-14,4.9390226e-16,6.2007885e-15,1.4881763e-17,4.943237e-19,8.170541e-25,6.27139e-16
2.1926066e-12,1.9736085e-10,8.116188e-15,6.146524e-24,4.0207546e-12,6.9963704e-17,6.6286126e-15,2.150392e-18
5.677319e-18,4.091803e-14,1.536564e-14,4.243712e-15,1.7128905e-13,5.6842844e-15,7.6811725e-12,1.07811465e-16
1.0616749e-17,3.2955591e-18,4.0497336e-15,5.636437e-22,3.780903e-09,6.344583e-14,1.9136594e-15,5.40747e-17
4.1459916e-15,3.2689404e-14,2.8259608e-16,1.69932e-14,1.289954e-18,3.4322555e-18,1.6991103e-24,5.3612585e-16
3.7840863e-12,8.659176e-10,1.8522166e-14,3.3505523e-23,1.6625465e-11,2.7724013e-16,1.0217563e-14,5.488747e-18
1.29402075e-17,1.2652437e-13,3.582779e-14,1.1318875e-14,5.1579254e-13,2.3287856e-14,1.6384703e-11,3.96447e-16
1.1486364e-17,1.2615345e-18,4.65615e-15,1.3346e-22,1.9821165e-09,3.919901e-14,8.4099614e-16,3.453112e-17
5.42806e-15,4.627202e-14,4.921513e-16,2.008094e-14,4.3717393e-18,4.6799153e-18,1.396505e-23,2.4921242e-15
6.2909786e-12,1.3895669e-09,4.865415e-14,2.240737e-22,4.506376e-11,9.413251e-16,1.8873763e-14,1.1994839e-17
1.4082677e-17,6.276626e-14,1.6391055e-14,6.5777813e-15,2.1399964e-13,6.6892974e-15,8.585097e-12,2.6721692e-16
4.3738747e-18,4.408698e-19,1.4505856e-15,2.6821372e-23,7.0433254e-10,3.0619194e-14,4.2182574e-16,1.06577325e-17
9.0530195e-15,1.1052105e-13,1.2190809e-15,4.0458136e-14,1.9196455e-17,1.1878272e-17,6.196814e-23,8.2386245e-15
8.257861e-12,6.1297556e-10,2.9349465e-14,8.1800603e-23,1.6210318e-11,3.805401e-16,2.0931915e-14,1.0721836e-17
7.690047e-18,2.9561382e-14,3.6585877e-15,3.2045808e-15,1.1999554e-13,2.431499e-15,3.791036e-12,1.2701066e-16
1.8616919e-17,1.8362431e-18,5.8701615e-15,1.6316284e-22,1.3705831e-09,7.8199884e-14,1.1754461e-15,4.2837844e-17
1.1087886e-14,9.2317016e-14,9.937596e-16,4.074187e-14,1.0314708e-17,1.2248225e-17,1.9827224e-23,2.7607514e-15
8.0645985e-12,2.1251818e-10,2.5622848e-14,3.3291738e-23,7.352248e-12,1.4894947e-16,1.0572752e-14,5.54223e-18
3.9023347e-17,9.507051e-14,1.2845674e-14,1.2019638e-14,3.0149104e-13,7.0217524e-15,9.110664e-12,4.55645e-16
6.9487194e-21,3.9252764e-20,2.455031e-16,6.1422984e-26,9.278159e-11,5.115018e-19,3.7062615e-16,1.600611e-17
5.1594945e-15,1.0148754e-13,6.9109355e-16,1.7308871e-14,1.060493e-17,3.3747664e-18,2.200675e-24,9.565063e-16
1.5436104e-11,3.7885534e-10,6.6473804e-14,1.8477137e-22,1.5479859e-11,4.9009046e-16,3.2873606e-14,2.7064733e-17
3.6963726e-19,6.6971226e-19,1.02641964e-16,2.2409417e-15,2.4271593e-17,1.3011089e-17,1.5398353e-14,1.0408176e-19
4.8827774e-19,1.1571059e-18,3.6396543e-16,8.4258265e-23,3.0138784e-11,2.919751e-16,4.1622482e-16,1.8246608e-16
1.886196e-14,2.4398032e-13,2.0457237e-15,5.9919524e-14,3.0296036e-17,1.8123813e-17,1.4902283e-23,3.145813e-15
2.2684698e-18,2.072143e-13,3.776032e-16,6.219309e-24,9.8551046e-17,5.1568643e-20,1.1143316e-20,4.870462e-19
3.1276715e-16,2.4631337e-14,8.580938e-16,1.3769888e-14,5.849187e-14,3.3831498e-15,1.7155071e-12,1.2755052e-17
3.5502503e-21,9.940984e-21,1.6693064e-17,1.11790465e-26,1.895048e-11,2.7437793e-19,1.1363772e-16,6.146566e-18
7.977323e-15,3.8996817e-19,7.2846203e-19,1.2084063e-19,3.5251914e-20,7.4862146e-19,2.573505e-26,5.9541877e-17
2.546558e-14,1.3593945e-11,5.2115406e-14,5.729849e-23,5.309641e-13,5.4509233e-16,8.274115e-16,3.3814693e-17
6.2735104e-19,1.8020661e-19,1.456917e-17,1.0983227e-15,2.3631779e-17,1.6705924e-18,2.673384e-15,9.577781e-21
8.514135e-22,1.4323078e-23,1.4372773e-16,1.2083624e-23,3.4526808e-15,2.43932e-16,1.0629267e-18,1.52804e-20
1.4413671e-13,9.813437e-15,8.57161e-17,3.825153e-15,1.8866983e-19,1.21559675e-17,1.2402207e-24,1.1095836e-15
1.1156768e-18,1.632056e-13,1.8176095e-16,5.2845023e-25,3.757122e-17,1.334627e-20,3.3510674e-21,2.3123102e-19
1.9121305e-19,4.858811e-18,1.5962827e-16,8.68169e-16,2.7748758e-17,1.8444649e-17,3.6422795e-16,1.6683997e-20
3.504902e-21,9.881157e-24,6.0523805e-18,6.579931e-25,8.06369e-16,3.092377e-16,6.021633e-19,5.795672e-21
3.946531e-15,5.060827e-20,2.495068e-19,4.3783772e-20,3.38691e-21,8.779721e-20,3.9073648e-27,2.0046391e-17
2.1677199e-19,5.6845656e-15,1.2151737e-19,3.8663146e-24,4.2494032e-20,1.6325124e-22,1.783348e-20,6.187343e-23
2.671095e-19,1.5938472e-18,3.0055436e-18,1.9788758e-16,5.6520186e-17,3.0773702e-18,4.612462e-17,7.531978e-22
7.942319e-21,1.8498384e-20,1.6325228e-17,2.1940172e-26,1.7558482e-11,5.705606e-19,1.6169732e-16,1.00441845e-17
6.979231e-17,2.7954556e-17,3.4373656e-18,3.015522e-19,2.0355356e-21,1.5075117e-17,1.5847882e-27,3.868818e-19
6.030575e-19,7.5794465e-15,1.387459e-20,2.8655375e-25,1.4402716e-19,2.9639896e-23,2.673744e-20,2.0092955e-23
1.79888e-18,2.7760057e-19,1.4696215e-17,1.6517871e-15,5.4900483e-17,2.3891913e-18,2.6572078e-15,1.11378335e-20
3.009371e-21,7.094995e-21,8.5395885e-18,7.753017e-27,1.2758352e-11,2.4338973e-19,7.6480994e-17,4.430568e-18
2.988431e-17,6.2385724e-19,1.110395e-18,6.479418e-20,1.1369548e-22,2.0786972e-18,2.7083582e-28,4.0459885e-19
1.9683261e-18,2.5741602e-13,2.6619138e-16,7.5521633e-25,5.3706306e-17,2.2939208e-20,6.849764e-21,4.2816727e-19
5.584204e-19,1.3026721e-19,8.255065e-18,8.4083897e-16,2.3794514e-17,1.0541842e-18,1.7267908e-15,4.57237e-21
8.959094e-22,1.9707877e-21,1.4611966e-18,1.16367865e-27,3.4968317e-12,6.7957876e-20,2.3077305e-17,1.6301013e-18
6.3049033e-15,6.4402615e-20,4.818074e-19,8.5477594e-20,3.831202e-21,1.2183578e-19,8.6866435e-27,3.511132e-17
8.290689e-19,1.399309e-13,1.3287064e-16,2.7360682e-25,2.8565018e-17,8.44408e-21,2.2542931e-21,1.5251813e-19
3.6914266e-19,3.2522448e-20,1.531502e-18,2.83449e-16,1.1032348e-17,2.5789193e-19,3.6621604e-16,7.817391e-22
3.8781654e-22,1.2251798e-21,2.3412735e-18,1.0665975e-27,4.9535896e-12,3.734069e-20,1.472753e-17,1.0688671e-18
3.1962178e-15,2.7318406e-20,1.9106942e-19,3.1321662e-20,1.845693e-21,4.9291874e-20,2.3734922e-27,1.658225e-17
3.2697992e-19,7.315089e-14,4.503106e-17,3.4514372e-26,8.781539e-18,2.2398322e-21,7.933745e-22,5.776979e-20
1.0870248e-19,3.521294e-20,2.4832005e-18,1.9879326e-16,4.3293202e-18,2.4439545e-19,6.2778525e-16,7.8296876e-22
7.915638e-22,2.8877647e-21,1.2991301e-17,8.173182e-27,1.5792218e-11,8.716151e-20,3.029673e-17,2.833849e-18
1.227003e-15,5.0391904e-21,5.9571997e-20,9.288063e-21,2.5312158e-22,9.603281e-21,4.1358233e-28,4.9461827e-18
2.1383337e-19,5.5105348e-14,5.570296e-17,2.7085678e-26,7.155181e-18,1.6223133e-21,4.869972e-22,4.0878432e-20
1.1484556e-19,1.0712382e-19,1.7143905e-17,3.7482052e-16,8.122495e-18,8.3521765e-19,4.0122905e-15,3.6745915e-21
5.847835e-22,2.0966363e-21,3.7033753e-18,9.4960056e-27,5.189843e-12,5.4024513e-20,1.36684706e-17,3.247463e-18
8.94338e-16,7.0671985e-21,3.3266148e-20,5.1993108e-21,3.4874026e-22,8.809273e-21,2.389088e-28,2.6645932e-18
4.3203106e-19,1.1840023e-13,1.8516778e-16,1.960077e-25,2.3219119e-17,4.564772e-21,1.1083069e-21,7.472601e-20
2.6369864e-19,6.297052e-20,9.848861e-18,1.9205253e-16,2.0126232e-17,5.546373e-19,3.375557e-15,1.2364717e-21
1.3631636e-20,3.396616e-20,1.1234116e-17,2.2188999e-24,3.0775378e-12,1.31994575e-17,1.3222691e-17,1.1892191e-17
2.3023075e-15,5.4067397e-20,1.1260791e-19,1.2264524e-20,2.2810923e-21,3.533067e-20,1.3167507e-27,7.716494e-18
4.3349038e-19,1.9699387e-13,2.6363265e-16,9.0272774e-26,2.1260133e-17,2.9223843e-21,1.2965282e-21,6.119818e-20
3.2984912e-17,2.2415486e-15,5.2084327e-17,9.330238e-16,5.158196e-15,1.8702843e-16,1.2074814e-13,4.3350693e-19
2.0624378e-22,2.9027398e-22,4.326394e-20,5.173431e-29,3.3771252e-13,1.0970931e-20,3.0708967e-18,1.9129768e-19
2.6712736e-15,6.639985e-20,1.9969588e-19,1.0621796e-20,8.0650806e-22,1.7654312e-20,1.7456028e-27,6.217858e-18
2.5890972e-15,2.3781775e-12,5.85491e-15,6.1870055e-25,5.868777e-14,3.1486673e-17,5.662809e-17,1.6533479e-18
1.913663e-19,2.5926868e-21,5.1604264e-20,3.138163e-17,5.9813658e-18,2.5709321e-20,3.3868523e-17,2.5600751e-23
8.994395e-23,3.7235393e-22,1.8325973e-18,7.4963544e-28,3.673235e-12,1.1274626e-20,4.275097e-18,5.8568187e-19
1.2079991e-14,6.19341e-16,5.042448e-18,3.0235204e-16,3.9839716e-21,3.1313915e-19,1.4177102e-26,5.6042056e-17
8.23744e-20,3.0874297e-14,8.087526e-18,8.252e-28,1.4481561e-18,2.2252004e-22,1.5725073e-22,8.127596e-21
2.8037494e-20,1.723325e-20,2.899824e-18,7.008979e-17,1.793727e-18,1.3690998e-19,8.3289316e-16,3.6054828e-22
8.575835e-23,3.3198922e-22,1.5958059e-18,3.1527362e-28,3.8646425e-12,1.0463026e-20,5.2463773e-18,4.3914936e-19
2.981532e-16,2.7581205e-22,1.0825427e-20,1.6534211e-21,6.689292e-24,7.3287036e-22,3.8426323e-29,7.4266814e-19
8.149519e-20,3.848698e-14,4.998307e-17,1.2902588e-26,4.2404368e-18,6.1937456e-22,1.7732587e-22,1.3557062e-20
2.0359482e-20,1.5024172e-20,1.7032494e-18,8.076862e-17,1.1013545e-18,1.0514325e-19,4.3750305e-16,3.5139906e-22
1.279846e-20,2.0228419e-20,9.570235e-18,1.8325637e-24,2.663778e-12,2.0751091e-17,8.228529e-18,7.706786e-18
5.4689185e-16,8.616736e-21,1.9213863e-20,1.8005113e-21,2.173413e-22,4.199093e-21,1.019802e-28,1.1983582e-18
7.5503676e-20,2.5258099e-14,2.5373515e-17,8.806323e-27,3.1884196e-18,5.2886846e-22,1.4360397e-22,1.2318068e-20
3.446322e-17,3.0240298e-15,5.0980958e-17,7.009384e-16,5.1472473e-15,2.2345555e-16,7.1603564e-14,5.9939715e-19
1.3883491e-19,2.5722761e-20,5.8009475e-17,9.273249e-24,1.3705503e-11,3.110526e-16,2.9512378e-17,1.2914268e-17
3.7686788e-16,3.747166e-21,1.09528245e-20,1.5037006e-21,1.7453077e-22,3.3938813e-21,4.7316418e-29,9.419164e-19
5.297507e-15,2.8932581e-12,4.091707e-15,4.5105144e-25,9.768322e-14,4.8644325e-17,1.00367594e-16,1.5063326e-18
4.8801568e-17,6.162564e-15,4.3462693e-16,8.972906e-16,1.3373396e-14,7.480203e-16,8.739733e-14,6.8777644e-18
6.758163e-23,1.8971171e-22,1.6208551e-19,3.188026e-28,5.6024e-13,4.9917616e-21,1.4926956e-18,4.1108953e-19
7.938648e-15,8.4812906e-16,5.078334e-18,5.8016807e-16,2.91725e-21,2.1479559e-19,1.07371765e-26,6.144295e-17
9.014755e-14,2.6795354e-11,8.1988385e-15,5.3772534e-24,7.0559406e-13,2.008023e-16,5.302599e-16,4.0565926e-18
6.5904484e-20,5.110528e-21,4.682859e-19,2.4268536e-17,5.156456e-18,4.5567186e-20,3.0757534e-16,3.711398e-23
1.1204637e-23,4.3147675e-23,1.2503087e-19,7.2312037e-29,4.821628e-13,1.4479717e-21,4.513368e-19,1.3487948e-19
9.555914e-15,3.8706267e-15,3.5075442e-17,1.2414854e-15,4.4591336e-20,4.436637e-19,1.4405585e-25,4.7476017e-16
6.541755e-20,5.5762784e-14,3.366732e-17,1.858227e-27,2.4833236e-18,1.8416268e-22,1.3949191e-22,7.234324e-21
1.1047871e-20,1.8217423e-21,3.3186564e-19,9.012931e-18,8.1448923e-19,1.8995085e-20,1.6816234e-16,2.1929079e-23
1.2665432e-20,3.984169e-21,1.1350162e-17,5.0278513e-25,2.6603305e-12,2.4668021e-17,4.256287e-18,3.478017e-18
4.955706e-16,3.0236858e-21,2.260434e-20,9.170888e-22,2.3690646e-23,1.0703097e-21,7.147339e-29,6.4799406e-19
1.6293162e-20,1.8184612e-14,1.35747825e-17,6.5077043e-28,8.687143e-19,7.0407136e-23,3.5072257e-23,1.8670363e-21
9.9983116e-18,1.2870608e-15,5.094655e-17,2.075712e-16,2.1888384e-15,1.4255157e-16,2.85485e-14,5.431632e-19
3.001679e-20,2.5617102e-20,2.49371e-17,3.4354806e-24,5.131434e-12,4.672693e-17,1.2860191e-17,1.12373735e-17
1.7829707e-16,1.719896e-21,6.1778917e-21,3.1131756e-22,1.142602e-23,3.905065e-22,1.1651609e-29,2.2852141e-19
8.898465e-15,3.8498913e-12,1.5078814e-15,2.789734e-25,9.0591895e-14,3.6557522e-17,9.274415e-17,7.4223206e-19
3.5174595e-17,4.6592237e-15,1.164671e-16,8.7414414e-16,6.6212587e-15,3.796542e-16,1.0804836e-13,1.2470846e-18
2.1135551e-22,8.2087604e-22,3.0645425e-18,7.006565e-27,3.8089965e-12,1.9406488e-20,5.686032e-18,2.8923665e-18
3.7080735e-15,6.2545945e-16,4.0936838e-18,2.9332592e-16,2.328453e-21,1.0609572e-19,5.9393896e-27,6.1935724e-17
1.1942352e-14,5.3096035e-12,5.164831e-15,1.0866448e-24,1.8321824e-13,8.1705744e-17,1.901361e-16,2.2969968e-18
9.954232e-20,7.046581e-20,1.3428254e-17,1.2912206e-16,1.4735511e-17,3.8614456e-19,6.092348e-15,3.722758e-22
1.491065e-22,3.0321627e-22,6.596585e-20,3.4579154e-29,4.3302569e-13,1.0966036e-20,3.663917e-18,1.534191e-19
1.0938995e-14,1.4890922e-15,9.108603e-18,9.015106e-16,7.072943e-21,3.9646004e-19,2.4493031e-26,1.2113896e-16
4.379499e-19,3.1495143e-13,3.2832024e-16,2.2292568e-26,2.1032093e-17,9.675199e-22,9.058549e-22,5.736725e-20
1.7080374e-19,2.7063851e-21,5.487339e-20,4.3252454e-17,3.1132293e-18,2.969913e-20,2.8399757e-17,3.9240725e-23
5.4451055e-23,1.8678473e-22,3.4282888e-19,5.164873e-29,1.3665194e-12,7.338835e-21,3.1076648e-18,1.6554359e-19
2.3312242e-15,7.86142e-20,1.2701968e-19,4.074934e-21,5.110622e-22,1.0062041e-20,6.274845e-28,2.1683493e-18
6.4794925e-20,2.1358607e-14,7.45453e-18,6.9087315e-28,9.29073e-19,2.6492734e-22,1.6272774e-22,1.0723619e-20
3.6111025e-20,4.2449944e-21,2.952361e-19,4.598004e-17,9.294027e-19,4.7906543e-20,9.196136e-17,1.1080781e-22
9.0231936e-23,3.442056e-22,8.788672e-19,1.6403292e-28,2.378137e-12,1.2499168e-20,5.176757e-18,3.3920984e-19
2.913398e-16,3.1634554e-22,7.72034e-21,2.1551682e-21,7.337116e-24,9.979429e-22,2.8953308e-29,5.181674e-19
4.0170892e-20,1.6402283e-14,1.1896683e-17,1.4434176e-27,9.792624e-19,3.0316654e-22,1.0693951e-22,9.03743e-21
4.2159648e-20,1.08668446e-20,7.8173143e-19,8.061072e-17,1.1879535e-18,8.491794e-20,1.972989e-16,2.7986493e-22
3.9742242e-22,1.5667178e-21,6.5372473e-18,1.6701013e-26,6.0825576e-12,3.9651126e-20,9.595239e-18,4.6839698e-18
2.7694732e-16,1.2849377e-21,6.512919e-21,1.5705657e-21,2.740761e-23,1.7440839e-21,2.1026509e-29,4.3243994e-19
7.164515e-20,2.2114077e-14,2.1063886e-17,4.4858344e-27,1.9567894e-18,5.952151e-22,1.8776129e-22,1.5436122e-20
1.6526724e-19,1.5878869e-19,2.5036325e-17,2.1274424e-16,2.2339493e-17,8.1846647e-19,1.0466891e-14,8.673156e-22
4.997654e-19,1.3393657e-19,2.7644808e-16,1.6214518e-23,1.3807368e-10,2.853107e-15,1.293528e-16,1.13706604e-17
3.9734636e-16,2.7596373e-21,1.0542313e-20,2.1537055e-21,8.332207e-23,2.8394067e-21,4.332832e-29,7.617257e-19
9.112143e-19,4.7930296e-13,5.2500267e-16,4.7598724e-26,3.9475663e-17,2.2645931e-21,2.2387647e-21,1.0976547e-19
2.1742146e-17,1.433036e-14,1.4510228e-15,2.6224161e-15,3.2127956e-14,1.2285626e-15,5.911651e-13,3.841102e-17
2.2641019e-20,1.880066e-20,1.1493158e-17,1.6245715e-24,4.276179e-12,4.607802e-17,1.29275765e-17,6.7818363e-18
3.922442e-15,1.8434221e-19,2.2225992e-19,1.0051221e-20,1.0228836e-21,2.1599923e-20,1.4316549e-27,3.5585132e-18
7.1461294e-13,6.8786934e-11,2.130417e-14,1.0650995e-23,1.7915443e-12,1.4996945e-16,1.9816569e-15,5.7795854e-18
3.6478255e-17,2.4374887e-15,6.794165e-17,7.016982e-16,6.026908e-15,2.4293373e-16,4.8357995e-14,1.0745252e-18
1.8181972e-18,1.2979895e-19,8.881334e-16,6.688247e-24,6.4991307e-10,1.6982377e-14,1.1554267e-16,4.8064744e-18
7.284524e-15,2.3920686e-14,1.5325261e-16,5.1807356e-15,8.973371e-19,1.1619982e-18,4.473621e-25,4.48901e-16
1.2447533e-14,5.7008404e-12,3.6918283e-15,5.8641114e-25,1.472113e-13,5.901207e-17,1.4127991e-16,1.769249e-18
3.5635123e-18,1.4369909e-14,2.2473194e-15,2.017368e-15,5.0138597e-14,7.695748e-16,1.9045045e-12,5.074831e-17
1.1999959e-18,1.4647788e-19,7.35393e-16,3.5470503e-24,4.6163423e-10,8.111051e-15,8.174065e-17,4.610683e-18
7.587634e-15,8.587848e-16,7.591096e-18,7.035959e-16,4.6486464e-21,1.9712408e-19,1.642986e-26,8.978482e-17
4.470699e-12,1.34696e-10,1.1821469e-14,5.8547044e-24,3.5973956e-12,4.2166948e-17,5.6482524e-15,2.4327754e-18
3.680152e-18,1.2760912e-14,1.1610209e-15,2.3352474e-15,3.8445162e-14,5.1069353e-16,2.1901068e-12,2.293312e-17
7.0560264e-19,1.4866147e-19,5.2659927e-16,4.398054e-24,3.9622602e-10,6.208979e-15,6.651175e-17,3.9058774e-18
3.100162e-15,5.487419e-14,3.559562e-16,1.5209236e-14,3.517511e-18,1.6294421e-18,4.0088585e-25,3.4552615e-16
1.9332014e-12,6.560542e-11,8.7814515e-15,2.2618096e-24,1.7627936e-12,2.5358904e-17,4.501719e-15,2.2244578e-18
4.0977614e-18,1.461102e-14,1.1045917e-15,2.6919783e-15,3.3903476e-14,5.088578e-16,1.8789768e-12,2.215364e-17
3.7157124e-19,8.153997e-20,1.56622e-16,1.9666924e-23,1.8451683e-10,5.945977e-15,1.277975e-16,5.40122e-18
4.043081e-15,3.4806254e-14,2.0239961e-16,1.8628775e-14,1.2877367e-18,2.1752505e-18,1.9634372e-25,1.723815e-16
1.1944893e-12,5.063814e-11,1.0724635e-14,1.9957506e-24,1.506472e-12,2.2709471e-17,3.2458948e-15,2.1702694e-18
4.703414e-18,1.3078037e-14,1.5735869e-15,1.0915813e-15,4.339018e-14,1.6259675e-15,6.1351147e-13,5.044952e-17
1.164913e-20,4.5022552e-21,9.5761144e-18,7.608202e-25,4.3893487e-12,5.105024e-17,7.842946e-18,2.8444415e-18
3.4398764e-15,3.4002494e-14,1.597172e-16,1.5131515e-14,1.2121464e-18,1.7353728e-18,1.4947017e-25,1.4172956e-16
2.0423114e-12,1.1553178e-10,2.2464162e-14,1.5407272e-23,3.774283e-12,1.1934279e-16,1.530926e-15,1.6909618e-18
7.389045e-18,1.2422055e-15,7.573399e-17,2.1978485e-16,2.8951527e-15,2.152405e-16,2.4477023e-14,1.2632392e-18
3.5877605e-20,2.5575214e-20,6.0543434e-18,5.7236005e-23,5.7843702e-11,2.2364581e-15,1.1525301e-16,1.1575917e-18
1.6026166e-15,4.6973367e-14,2.3197882e-16,2.2890926e-15,3.9102606e-18,2.523786e-19,4.0985286e-25,5.47844e-16
1.9541714e-14,6.707655e-12,2.3607022e-15,5.625731e-25,1.5238746e-13,4.81468e-17,8.6620024e-17,6.3469274e-19
1.4897147e-18,8.317728e-15,5.2771736e-16,1.7505004e-16,7.3003696e-14,3.6314043e-15,1.8678453e-13,3.774763e-17
5.1278097e-21,2.7557871e-21,6.385931e-19,1.3457224e-25,4.2062447e-13,7.264754e-18,1.5677128e-18,1.304055e-18
1.9148643e-15,1.2326279e-15,6.884904e-18,2.408006e-16,8.5694676e-21,5.424775e-20,9.466998e-27,8.560924e-17
9.144015e-13,1.409923e-10,2.2882732e-14,1.2875714e-23,4.9773523e-12,9.932929e-17,2.0949948e-16,1.496315e-19
2.2218639e-17,4.1663311e-16,3.7786222e-18,1.1102647e-16,2.8887982e-15,3.6392496e-17,5.065997e-15,5.833448e-20
4.2581358e-19,1.6325772e-19,1.184213e-16,2.6287769e-22,1.2063328e-09,4.0329858e-14,3.809119e-16,1.312474e-18
3.106648e-16,3.5575635e-14,8.3801105e-17,1.1283428e-16,4.614607e-18,4.535957e-21,4.5699373e-25,6.312168e-16
2.784443e-15,1.6381945e-12,5.6980457e-16,2.722075e-26,2.9449055e-14,1.07280544e-17,3.232916e-17,2.9253434e-19
7.136151e-19,5.0620004e-14,5.230619e-15,6.1641356e-16,2.723251e-13,9.103233e-15,3.3494084e-12,3.399176e-16
6.517396e-20,6.391411e-20,6.096779e-18,5.168774e-22,1.2562643e-10,6.2898655e-15,2.6345372e-16,8.3669417e-19
2.0782089e-15,6.1145767e-17,1.3646684e-18,1.4847862e-16,1.5481159e-22,2.174568e-20,1.3403109e-27,2.0081905e-17
1.0563658e-11,5.386797e-10,6.965996e-14,4.3438506e-23,2.3866171e-11,7.45061e-17,1.732333e-15,3.3807435e-19
1.4936696e-18,2.6054013e-14,1.0810804e-15,1.7413426e-16,3.2400528e-13,1.5876154e-14,4.462306e-13,1.0942741e-16
2.2934482e-20,3.1313895e-20,3.4441119e-18,3.7458496e-22,9.55916e-11,3.517342e-15,1.486203e-16,4.228546e-19
4.1310077e-16,3.4394793e-13,5.108143e-16,8.2731995e-16,1.556173e-16,3.6785623e-20,3.7443886e-24,1.2033486e-15
1.6770368e-12,3.4374384e-10,5.2636884e-14,3.290877e-23,1.3009937e-11,1.2538402e-16,2.966828e-16,1.1668883e-19
5.5345373e-19,2.0655994e-14,8.0678443e-16,9.311638e-17,1.896489e-13,1.4539297e-14,3.26066e-13,7.204293e-17
2.7925506e-21,4.475847e-22,6.540038e-19,8.7144614e-26,4.9720075e-13,9.944299e-18,8.234617e-19,4.5899554e-19
3.1726741e-16,7.915911e-14,1.3345991e-16,7.8085294e-17,2.412298e-17,2.847922e-21,3.7522958e-24,1.6438793e-15
9.248873e-13,2.3302166e-10,4.016918e-14,1.9429275e-23,9.6042774e-12,8.113085e-17,1.3733546e-16,5.018877e-20
5.4672862e-18,2.276543e-16,6.5713763e-18,3.1925224e-17,1.159861e-15,4.1014384e-17,1.6594796e-15,1.00058933e-19
9.778093e-21,7.086014e-21,3.1135856e-18,2.9045546e-23,2.9102568e-11,6.3228437e-16,2.4285115e-17,3.041887e-19
1.5335496e-16,6.485187e-14,7.0625237e-17,3.1708453e-17,1.9956586e-17,1.1170889e-21,1.6474625e-24,1.0725937e-15
4.2678526e-15,2.8423618e-12,3.4008105e-16,3.2769797e-26,3.8603215e-14,1.1149626e-17,2.0664987e-17,1.2780267e-19
4.90563e-19,6.21827e-15,2.3272336e-16,5.5245653e-17,2.4517111e-14,2.7216642e-15,7.2914365e-14,9.914866e-18
5.338187e-20,2.2301313e-20,2.2224065e-17,4.408488e-23,2.3298077e-10,4.701036e-15,5.1933942e-17,3.1603366e-19
6.47207e-16,8.431126e-17,1.1985365e-18,4.6601966e-17,2.7199836e-22,6.643503e-21,9.935868e-28,2.7914487e-17
1.6907663e-13,6.1243066e-11,8.735811e-15,2.3255558e-24,1.7877077e-12,3.2948066e-17,7.170952e-17,5.539963e-20
2.5932037e-19,1.5741552e-14,9.053325e-16,1.2839561e-16,4.7770913e-14,3.2595935e-15,4.5208344e-13,3.947958e-17
1.5865358e-20,1.805175e-20,4.881234e-18,1.3091061e-22,2.1144106e-10,4.155096e-15,8.923032e-17,1.2217087e-19
1.8376255e-16,9.106498e-15,1.6583072e-17,2.7231466e-17,9.050273e-19,1.7690235e-21,1.3489963e-25,2.9517237e-16
1.1209743e-12,1.4126876e-10,1.5778193e-14,3.9671925e-24,4.45791e-12,2.2941606e-17,3.1714886e-16,9.1891785e-20
1.0791129e-19,1.848578e-14,7.716354e-16,5.658361e-17,9.7704105e-14,8.857655e-15,4.3816096e-13,6.995117e-17
1.1084216e-20,1.3401624e-20,2.940572e-18,1.080042e-22,2.0493844e-10,3.966802e-15,7.118133e-17,7.425488e-20
1.8395614e-16,3.8105112e-14,6.068844e-17,1.2553096e-16,9.127246e-18,7.0981346e-21,3.6548305e-25,3.4031592e-16
8.524427e-13,1.8605271e-10,2.6064056e-14,5.9388316e-24,6.461882e-12,2.428456e-17,1.244396e-16,2.3904287e-20
5.719899e-20,1.5356851e-14,6.21618e-16,3.7162267e-17,9.7401925e-14,7.929418e-15,3.9555254e-13,5.820632e-17
2.78212e-21,4.322878e-21,8.0935404e-19,4.154461e-23,7.321312e-11,1.363994e-15,3.0844113e-17,3.1091196e-20
6.847897e-17,7.0425856e-14,4.4604163e-17,2.2728973e-17,2.839196e-17,8.0591146e-22,7.7396386e-25,4.6325847e-16
9.853301e-13,1.8876971e-10,2.2695912e-14,3.7019227e-24,6.2045365e-12,1.5466618e-17,9.1428975e-17,1.17041396e-20
2.8469786e-20,7.209743e-15,2.1689969e-16,1.4240637e-17,4.691096e-14,5.541985e-15,1.1880923e-13,2.1587849e-17
8.590737e-22,2.6400622e-22,2.1835467e-19,2.1543584e-25,9.265169e-13,1.4923718e-17,9.160343e-19,9.331714e-20
3.8035707e-17,6.5990216e-14,3.7698558e-17,1.5430199e-17,3.2269037e-17,3.6396984e-22,5.991781e-25,3.4115692e-16
3.1087098e-13,9.0949206e-11,1.0064259e-14,1.19233555e-24,2.6255432e-12,9.6111745e-18,3.0534816e-17,4.283563e-21
5.245754e-19,3.0048361e-16,6.973665e-18,9.1273855e-18,1.4471534e-15,1.02080076e-16,1.8832435e-15,1.5101865e-19
1.0602082e-20,3.3514763e-21,6.481551e-18,3.1781486e-24,2.5134403e-10,2.6882634e-15,1.06993645e-17,2.3190756e-20
1.9177865e-17,2.4201732e-14,1.3084154e-17,4.3243853e-18,9.073992e-18,9.2900375e-23,1.7285746e-25,1.9628171e-16
5.892755e-15,4.979489e-12,4.3783363e-16,3.2779174e-26,7.557163e-14,6.0277954e-18,8.401167e-18,1.8570573e-20
1.2351242e-20,4.578563e-15,2.5557612e-16,2.4120681e-17,1.5332675e-14,6.54861e-16,2.7196902e-13,1.05919915e-17
1.0304309e-20,7.097782e-21,4.265112e-18,2.567635e-23,3.3938938e-10,4.207444e-15,2.884633e-17,2.906266e-20
1.1686273e-16,1.5201998e-16,8.702301e-19,7.314111e-18,1.6257889e-21,5.471719e-22,1.2095127e-27,2.8026626e-17
7.663213e-13,6.793564e-11,3.8185194e-15,2.2361142e-25,1.6869982e-12,1.7440865e-18,9.626481e-17,7.6857244e-21
1.4514398e-20,1.08259976e-14,4.6364736e-16,2.4931108e-17,4.495029e-14,2.5778817e-15,4.2883627e-13,2.9269984e-17
2.2758946e-21,4.1405737e-21,3.7914563e-19,5.886844e-23,1.4038451e-10,3.2354981e-15,4.154806e-17,1.3522871e-20
1.7934338e-17,1.8814423e-14,1.6564737e-17,3.4636266e-17,5.0624157e-18,7.98972e-22,3.158156e-26,4.7775027e-17
1.1323464e-12,1.3306609e-10,1.0928527e-14,8.709282e-25,3.961697e-12,3.8816066e-18,8.881161e-17,6.542951e-21
7.150695e-21,7.6107376e-15,2.688067e-16,9.187189e-18,8.82853e-14,5.2514713e-15,2.0733015e-13,3.5543365e-17
8.4611004e-22,1.6547021e-21,1.8792926e-19,2.2588188e-23,8.4635854e-11,1.5337259e-15,1.8279343e-17,5.881261e-21
1.7012245e-17,4.1665974e-14,2.521912e-17,1.6930668e-17,2.3906876e-17,3.287341e-22,1.628759e-25,1.198204e-16
1.1292148e-12,1.8405671e-10,1.37290564e-14,1.28318225e-24,6.7746685e-12,5.445389e-18,2.4855236e-17,1.2095072e-21
3.033159e-21,4.294391e-15,1.3836402e-16,4.4189043e-18,4.4141533e-14,3.0914352e-15,1.1640707e-13,1.5943526e-17
3.2471233e-21,1.1138678e-21,1.8375745e-18,1.6175526e-24,1.683339e-10,1.21797e-15,4.793437e-18,7.6242845e-21
5.1744664e-18,4.7438677e-14,1.9689506e-17,2.5908715e-18,4.8705235e-17,2.1974549e-23,1.6373559e-25,1.6890746e-16
5.5756756e-13,1.0500906e-10,7.3524755e-15,4.35832e-25,3.5564206e-12,2.6577915e-18,1.1716085e-17,5.151747e-22
3.5396214e-21,2.4400285e-15,1.3632286e-16,8.611721e-18,8.742179e-15,2.9314024e-16,1.6738627e-13,4.9876195e-18
3.2708186e-21,2.2548778e-21,1.7659516e-18,6.2383412e-24,2.583815e-10,2.4965966e-15,1.2534044e-17,6.972165e-21
2.5905554e-18,2.6010867e-14,8.872284e-18,1.2180796e-18,2.1370145e-17,9.293081e-24,5.274631e-26,8.205275e-17
5.534174e-13,5.619412e-11,2.3076447e-15,7.160968e-26,1.3971495e-12,6.521279e-19,3.343936e-17,1.9473146e-21
3.3041516e-21,5.0755337e-15,1.9384405e-16,9.267974e-18,2.0649377e-14,1.2659136e-15,2.2561648e-13,1.3948055e-17
4.153514e-21,1.4097431e-21,2.8074016e-18,9.628204e-25,1.7772075e-10,1.9021747e-15,6.2665053e-18,1.0403843e-20
6.161896e-18,9.2982305e-15,6.5742094e-18,9.733226e-18,2.9608103e-18,1.4535771e-22,9.972858e-27,2.0487676e-17
6.106698e-13,8.140731e-11,4.5132567e-15,1.9679288e-25,2.1050687e-12,1.2313194e-18,3.931816e-17,1.841944e-21
4.6901848e-21,2.0787876e-15,1.3500784e-16,1.4043944e-17,8.310402e-15,2.8693463e-16,1.4634176e-13,5.7414164e-18
1.5399473e-21,8.030911e-22,9.900235e-19,1.3958545e-24,1.6237804e-10,1.216447e-15,4.650179e-18,3.8111155e-21
5.7939564e-18,2.3236479e-14,1.0147242e-17,6.0284166e-18,1.25512225e-17,9.3214184e-23,3.9211786e-26,4.7721118e-17
6.47865e-13,5.1429302e-11,2.246428e-15,1.0643103e-25,1.3613398e-12,9.113847e-19,4.850443e-17,3.2385135e-21
1.633323e-21,2.1359249e-15,1.02251554e-16,5.374829e-18,8.982088e-15,3.9669361e-16,1.287276e-13,5.4305363e-18
6.9099646e-22,9.564632e-22,2.681181e-19,8.204745e-24,8.7689e-11,8.941777e-16,8.431957e-18,3.4390656e-21
6.448503e-18,1.3846581e-14,1.0888022e-17,2.038197e-17,3.409146e-18,3.0273316e-22,7.348758e-27,2.3307152e-17
4.262878e-13,4.969652e-11,2.2165412e-15,6.008601e-26,1.2390011e-12,5.078913e-19,2.1584226e-17,9.012122e-22
1.832315e-21,3.301831e-15,9.897489e-17,3.2194877e-18,1.8983335e-14,1.6353044e-15,9.6744824e-14,8.279064e-18
7.305815e-22,3.6927589e-22,5.5324264e-19,6.529921e-25,9.415321e-11,5.8140654e-16,2.1830064e-18,1.7542661e-21
2.7895634e-18,1.29056955e-14,5.565302e-18,4.8797444e-18,4.497181e-18,5.2619575e-23,8.262462e-27,1.8664277e-17
2.8519507e-13,6.352403e-11,4.01376e-15,1.428623e-25,1.7468984e-12,1.1930899e-18,1.01328144e-17,4.773283e-22
9.163475e-22,1.3985152e-15,5.1112784e-17,2.4574086e-18,5.1172543e-15,3.1213543e-16,7.020764e-14,2.6898902e-18
2.1242257e-21,4.3872006e-22,2.0457283e-18,1.7387326e-25,1.1239707e-10,7.165677e-16,1.6396744e-18,3.4984768e-21
2.493823e-18,1.3698819e-14,4.3436292e-18,1.1047334e-18,8.197511e-18,1.1822904e-23,2.5299846e-26,4.1062758e-17
1.7277512e-13,2.8314495e-11,1.10444e-15,1.8393133e-26,5.5023667e-13,2.704231e-19,1.2408166e-17,4.51965e-22
1.9925434e-21,1.0376838e-15,5.230114e-17,5.6811972e-18,3.0964155e-15,1.1823035e-16,7.410513e-14,1.7549249e-18
2.655639e-21,7.214973e-22,1.8626925e-18,5.7593606e-25,1.3381461e-10,9.767046e-16,3.0153052e-18,6.4903737e-21
2.1052632e-18,6.1224723e-15,2.3952963e-18,2.197712e-18,1.6237336e-18,2.6076616e-23,4.435248e-27,1.1115186e-17
2.0219038e-13,2.1145872e-11,6.64996e-16,1.2713799e-26,3.7805997e-13,2.4436004e-19,2.8667413e-17,1.4767782e-21
2.8582182e-21,1.502742e-15,9.786248e-17,8.3425325e-18,5.341766e-15,1.5578005e-16,1.236984e-13,3.000217e-18
6.4436713e-22,1.1173575e-21,2.2696373e-19,1.26328895e-23,1.0029843e-10,1.176644e-15,1.0769672e-17,3.4042933e-21
4.852976e-18,4.209804e-15,3.2063121e-18,1.1422439e-17,6.033452e-19,2.0069677e-22,2.1020275e-27,8.495627e-18
4.4355424e-13,3.922458e-11,1.4502536e-15,4.3312522e-26,1.0064596e-12,4.525229e-19,2.9143303e-17,1.8259653e-21
1.6586706e-21,3.6725146e-15,1.1574868e-16,3.3297413e-18,2.5833566e-14,2.0672735e-15,1.1431137e-13,1.098833e-17
2.721416e-22,2.450551e-22,1.9074242e-19,7.470416e-25,1.0689999e-10,7.0432097e-16,2.2385972e-18,7.110435e-22
4.8558277e-18,7.300408e-15,5.4804405e-18,1.2341746e-17,1.5932756e-18,1.7437637e-22,3.8793244e-27,1.3564533e-17
3.941044e-13,8.139567e-11,5.2959308e-15,2.1945795e-25,2.5326484e-12,1.3632896e-18,9.94517e-18,4.0362244e-22
2.728276e-22,1.1685967e-15,4.3596514e-17,1.3396116e-18,6.033602e-15,3.5917934e-16,5.903028e-14,3.2859433e-18
4.111908e-22,6.348779e-23,5.0170034e-19,2.0868405e-26,4.410247e-11,1.7368712e-16,2.7583878e-19,8.954995e-22
1.9216446e-18,2.1217186e-14,5.8263823e-18,1.047354e-18,1.4970187e-17,8.8646114e-24,3.1629424e-26,4.846448e-17
2.4350332e-13,3.61822e-11,1.2679434e-15,1.6681211e-26,7.8299324e-13,1.8119646e-19,6.4427497e-18,1.2711741e-22
4.4054133e-22,2.668543e-16,1.59961e-17,1.5578227e-18,7.6563054e-16,2.001407e-17,2.4369926e-14,3.196809e-19
5.7709595e-22,1.2746459e-22,6.1342654e-19,6.865154e-26,7.1145305e-11,3.310809e-16,6.1732096e-19,1.0154425e-21
5.594716e-19,9.942152e-15,2.34765e-18,8.752606e-19,4.3012374e-18,4.654921e-24,3.056426e-27,8.668047e-18
8.681914e-14,9.417508e-12,1.892663e-16,1.4426302e-27,1.5595332e-13,4.9719235e-20,7.335627e-18,2.9985062e-22
5.196096e-22,5.177829e-16,2.5690048e-17,2.0484615e-18,1.5638388e-15,5.059252e-17,4.0237958e-14,7.3214216e-19
2.2727886e-21,6.58388e-23,3.5636752e-18,1.2708556e-27,2.1534902e-11,8.411144e-17,1.2993716e-19,6.1684017e-21
1.2386123e-18,1.12037e-15,8.1379967e-19,3.7772673e-18,1.0173238e-19,3.977347e-23,1.5751681e-28,1.7661942e-18
1.2371113e-13,1.4796109e-11,3.4697776e-16,3.5453266e-27,2.6455387e-13,8.338198e-20,9.862847e-18,3.6999922e-22
3.3977805e-21,9.3728636e-17,9.306164e-18,5.9246398e-18,2.598912e-16,2.6843752e-18,1.8702542e-14,5.8905153e-20
4.0801741e-22,1.188563e-22,4.0323987e-19,9.4532536e-26,6.974475e-11,3.0964375e-16,6.225093e-19,9.625319e-22
1.4777836e-18,2.1495998e-15,1.2577335e-18,3.4840856e-18,3.1492045e-19,4.0705642e-23,5.002476e-28,3.386024e-18
4.8513663e-14,3.4818173e-12,4.7079944e-17,5.6759043e-28,4.6027404e-14,5.968254e-20,2.574911e-17,2.4070168e-21
4.1200574e-22,5.271982e-16,2.6359733e-17,1.7230769e-18,1.6275623e-15,5.606408e-17,3.548212e-14,7.675712e-19
2.8546332e-21,9.704734e-22,2.7118047e-18,3.5574146e-25,9.7832915e-11,1.1365164e-15,3.8186884e-18,7.758957e-21
1.1323307e-17,2.8478643e-16,9.093323e-19,7.7168215e-17,3.3017704e-21,2.1180436e-21,2.9908187e-29,1.0225029e-18
1.4122705e-13,1.7570577e-11,4.4712873e-16,4.225336e-27,3.3623104e-13,8.352906e-20,7.545884e-18,2.6510932e-22
5.170414e-21,1.2004098e-15,8.080622e-17,1.2094405e-17,5.0397635e-15,2.030949e-16,8.451473e-14,3.0639694e-18
9.6475384e-26,5.2056507e-25,4.5142442e-20,2.2415293e-32,2.4657346e-13,2.950396e-23,3.0876323e-20,6.937433e-22
9.775343e-19,2.5239837e-15,1.2875108e-18,2.4585338e-18,4.4418193e-19,2.0446621e-23,4.9266106e-28,3.3109068e-18
3.4139304e-13,2.5820696e-11,1.3170149e-15,5.6304084e-26,5.8550723e-13,7.5926857e-19,3.553469e-17,3.4945953e-21
1.347126e-23,2.682649e-23,4.673004e-21,3.5834123e-19,1.7876516e-21,1.6809391e-21,2.0283842e-18,1.3576701e-24
1.4196898e-20,2.4361428e-21,1.2396433e-17,3.3277483e-25,9.387598e-11,1.4214005e-15,5.2125245e-18,4.4071495e-20
5.8383074e-18,7.780321e-15,7.002134e-18,2.0223744e-17,1.2323297e-18,4.0381648e-22,3.6444272e-27,1.514336e-17
1.6624452e-22,1.2624552e-16,4.829517e-20,4.3004725e-30,5.3910636e-21,1.6701603e-24,5.331173e-25,1.7378857e-23
3.4553864e-20,1.553825e-15,1.1414342e-16,4.2124825e-17,4.7591546e-15,1.6942178e-16,1.0203488e-13,2.8407328e-18
6.957446e-21,5.854177e-21,3.636084e-18,1.2267358e-23,1.6994596e-10,2.940229e-15,2.726712e-17,4.899848e-20
2.212939e-18,2.279185e-23,3.0904203e-23,1.2529991e-23,2.442186e-25,3.4586518e-23,1.524258e-32,4.2816024e-21
4.0925463e-13,2.3803117e-11,1.4599229e-15,1.1152473e-25,4.843981e-13,2.0338932e-18,1.2404007e-16,2.58128e-20
2.4687283e-20,5.4830636e-15,3.4363727e-16,3.2706506e-17,2.5642552e-14,1.6410346e-15,2.1597612e-13,1.9718894e-17
1.6713882e-19,1.7265755e-20,9.247601e-17,2.1761485e-24,2.476182e-10,5.121062e-15,2.3457894e-17,4.195255e-19
3.164852e-17,5.8437976e-15,1.4730058e-17,1.2707123e-16,5.7575116e-19,5.5616005e-21,5.338697e-27,2.524636e-17
1.1065715e-12,1.036126e-10,1.0748265e-14,1.2377724e-24,3.0507472e-12,6.862092e-18,7.520169e-17,1.09033e-20
2.599136e-19,4.855002e-15,5.835129e-16,2.5329522e-16,1.6024617e-14,3.369367e-16,5.1097006e-13,9.5857635e-18
3.544325e-20,2.8606083e-20,1.1803653e-17,1.3574333e-22,8.579115e-10,1.485156e-14,1.1706039e-16,7.554747e-20
1.4988988e-17,3.9697256e-14,3.1421283e-17,2.3946305e-17,1.4321046e-17,4.9357116e-22,6.620742e-26,1.0091275e-16
2.0568738e-12,7.046708e-11,4.78068e-15,1.0461967e-24,1.8951626e-12,9.050967e-18,6.6241857e-16,2.0533816e-19
3.452751e-20,2.5092965e-14,1.3785255e-15,6.6059133e-17,1.1632341e-13,6.323595e-15,1.1638473e-12,1.1233778e-16
1.9463287e-19,1.16295495e-20,9.954627e-17,3.229341e-25,2.125733e-10,1.1804609e-15,1.8482472e-17,8.151854e-19
2.0539723e-16,1.5294647e-14,6.969973e-17,1.1640898e-15,1.8589517e-18,7.2629185e-20,4.7699057e-26,9.1636736e-17
4.2467713e-12,3.2982012e-10,2.8590625e-14,4.8997255e-24,1.10137515e-11,1.1272278e-17,2.336868e-16,1.7977326e-20
1.9612424e-19,1.7764676e-15,3.9886805e-16,1.6625708e-16,1.3330993e-14,1.324678e-16,8.790377e-13,2.0138279e-18
1.0349072e-18,9.669748e-20,3.6458654e-16,4.744396e-24,7.4084505e-10,5.589928e-15,1.2146378e-16,5.199358e-18
3.4221905e-17,1.1387308e-13,8.4408765e-17,4.3333375e-17,1.2761044e-16,8.609306e-22,9.466755e-25,3.0728569e-16
4.3799464e-13,7.169537e-11,1.0793128e-15,1.8055215e-25,8.940955e-13,8.032061e-18,6.6324787e-16,1.5728876e-19
8.20727e-19,8.587983e-15,2.712388e-15,8.0283927e-16,5.804708e-14,9.209936e-16,3.1008293e-12,1.2092559e-17
4.984158e-18,2.0541504e-18,1.6604168e-15,2.9126893e-22,4.938616e-09,6.1819676e-14,1.10348e-15,1.2540262e-17
3.6625514e-16,3.2143755e-15,2.3439647e-17,1.4233212e-15,9.108837e-20,2.0028255e-19,5.1344124e-26,7.285656e-17
1.0227576e-12,3.343393e-10,4.187557e-15,2.2732619e-24,4.508119e-12,6.0126184e-17,2.4726266e-15,8.789243e-19
5.2685995e-18,1.4832937e-13,9.881805e-15,8.332941e-15,4.186307e-13,1.090034e-14,1.0085008e-11,4.334464e-16
9.286089e-19,2.8030768e-19,4.852537e-16,3.5113335e-24,8.156792e-10,3.7902924e-15,2.8750985e-16,8.314511e-18
1.2993892e-15,8.6813965e-15,9.2484126e-17,4.6075602e-15,5.3577946e-19,9.059737e-19,9.698945e-25,5.7731574e-16
4.2426423e-12,4.5060258e-10,4.0620048e-14,1.3719734e-22,3.7752208e-11,4.5484097e-16,1.2440697e-14,2.7201448e-18
9.404622e-19,8.547456e-15,3.9651527e-15,1.1275472e-15,9.237092e-14,3.2886319e-15,4.636218e-12,7.7392226e-18
2.0004433e-19,9.106822e-20,1.3752052e-16,2.9457484e-25,2.2282123e-10,9.144263e-16,5.733736e-17,1.0691892e-18
8.6603935e-15,1.1977146e-13,9.161755e-16,5.249681e-14,2.4687318e-17,1.1145587e-17,4.6938825e-24,3.8044015e-15
2.2084876e-13,4.2086426e-10,2.8548921e-15,1.8001652e-24,3.2432945e-12,1.4117593e-16,1.9657403e-15,2.0990645e-18
6.123767e-19,4.569385e-15,1.2415464e-16,7.339162e-16,2.1477115e-14,2.6472204e-16,1.4367017e-12,4.3969104e-18
5.8299396e-18,1.131104e-18,1.924039e-15,5.231296e-23,1.8844961e-09,2.0125496e-14,1.1254545e-15,4.091859e-17
8.8062707e-16,2.766381e-15,4.19742e-17,2.9253155e-15,1.6196747e-19,1.4725614e-18,5.463329e-24,1.3572155e-15
1.8796497e-13,1.4645025e-11,1.9453456e-15,2.3979572e-25,3.9761835e-13,9.222092e-18,1.375101e-15,3.3229763e-19
5.041159e-18,3.379366e-14,1.88258e-14,4.0511705e-15,3.2309255e-13,9.9668715e-15,1.3306043e-11,6.078645e-17
3.0294415e-17,3.4232857e-18,8.768932e-15,1.5374754e-22,2.7325748e-09,6.454608e-14,2.738985e-15,8.3129296e-17
1.5101839e-15,6.512491e-15,2.8162952e-17,5.635984e-15,1.2629205e-19,1.411844e-18,3.3035384e-26,4.0145983e-17
1.7082811e-12,1.2572692e-09,1.3735108e-14,2.8469416e-23,1.5482544e-11,6.181184e-16,8.56969e-15,8.519415e-18
3.156171e-17,8.5144125e-14,1.9414619e-14,1.269936e-14,5.147675e-13,1.1400733e-14,1.8597738e-11,5.0678304e-16
4.7762725e-21,2.1134686e-20,1.2661785e-16,1.2877616e-25,5.3569274e-11,5.4808563e-19,1.3570752e-16,1.6035568e-17
3.558437e-15,1.8985618e-14,3.1458835e-16,1.15641554e-14,1.9684764e-18,5.4838286e-18,4.2649705e-23,5.8204818e-15
1.3801198e-11,7.018034e-10,4.5130352e-14,2.205005e-22,2.1203301e-11,9.259926e-16,4.320412e-14,2.657955e-17
5.350177e-19,8.768379e-19,1.5074377e-16,8.6362066e-16,8.174565e-17,1.3935078e-17,4.0639733e-14,7.186084e-20
6.8445626e-22,2.780974e-21,1.8782698e-17,3.429166e-26,1.4787673e-11,7.3346964e-20,2.4816866e-17,6.5274787e-18
2.1129025e-14,1.609293e-13,2.0413193e-15,7.902017e-14,2.005098e-17,3.9278738e-17,4.9635018e-23,5.7549324e-15
6.852388e-18,7.591188e-13,9.15208e-16,3.8962223e-24,3.491926e-16,6.800222e-20,3.448526e-20,3.290156e-19
1.9484683e-19,1.4871874e-19,6.2111755e-17,3.2622042e-16,2.2566637e-17,1.1238869e-18,1.8738036e-14,4.8384395e-21
3.8100395e-21,1.5668442e-20,8.368961e-17,1.2303808e-25,4.9526192e-11,3.6011448e-19,1.3155179e-16,1.5754293e-17
1.1995864e-14,2.7661342e-18,1.5677368e-18,3.5938855e-19,1.8957514e-20,4.3668534e-19,4.153979e-26,5.3625034e-17
7.52636e-19,3.7007365e-13,7.150305e-16,3.8862747e-25,5.335141e-17,5.682186e-21,2.1823036e-21,1.0693274e-19
5.499307e-19,5.1587165e-19,1.4794546e-16,1.2954051e-15,4.633713e-17,4.523609e-18,2.951203e-14,3.7194263e-20
3.023804e-19,2.1209648e-19,2.09837e-16,5.5487744e-23,2.6394577e-11,4.0962807e-16,1.1428677e-16,6.0488754e-17
5.1686353e-15,4.2873603e-19,3.4989073e-19,1.5338098e-20,3.961527e-21,4.99085e-20,4.527455e-27,9.7238e-18
2.1907897e-18,4.4685826e-13,1.1266443e-15,3.3379087e-24,1.3014174e-16,3.122765e-20,7.463994e-21,3.3691178e-19
2.386279e-16,2.365089e-14,1.2213478e-15,5.7784698e-15,3.789485e-14,2.0257195e-15,5.6371075e-13,1.8951255e-17
5.10449e-20,1.3723575e-19,7.7852115e-17,8.59499e-24,1.1583224e-11,2.8704616e-17,7.8770113e-17,4.4239154e-17
9.698514e-15,8.4415115e-19,8.676015e-19,7.937386e-20,2.1798836e-20,2.5897833e-19,2.3140759e-26,3.8756165e-17
7.467224e-14,2.5570357e-11,3.0676186e-14,2.429959e-23,1.0907796e-12,5.447743e-16,1.1399292e-15,1.8449928e-17
5.289263e-17,2.2765876e-15,2.4424671e-16,3.1518788e-15,8.901724e-15,4.2671506e-16,4.1935875e-13,1.2638176e-18
2.500604e-19,2.2128534e-19,2.0216657e-16,3.4886783e-23,2.6300002e-11,3.4714192e-16,9.526096e-17,4.2564997e-17
5.1344342e-14,1.2184074e-14,6.6886784e-17,5.1976407e-15,1.0894533e-19,3.511773e-18,6.21608e-25,8.594369e-16
2.9243004e-15,4.6889454e-12,1.5162603e-14,5.1985685e-24,6.660617e-14,4.3049655e-17,6.1959587e-17,5.6652905e-18
1.3258255e-16,2.201782e-14,8.220537e-16,4.905658e-15,3.4225284e-14,1.7438431e-15,7.7724383e-13,1.1635603e-17
2.7957057e-21,1.289874e-20,9.906063e-17,8.806328e-26,4.230467e-11,2.9799696e-19,9.445403e-17,1.2232396e-17
4.1267435e-14,1.1876789e-15,1.4702103e-17,2.9680392e-16,2.7179223e-20,1.7062344e-18,1.2173738e-25,1.7254335e-16
5.8674115e-14,1.7862873e-11,2.2654132e-14,1.3816891e-23,8.5096936e-13,3.3245535e-16,9.908638e-16,1.2151378e-17
3.9547066e-19,3.4560076e-19,1.3139331e-16,7.288272e-16,4.0760307e-17,6.502601e-18,2.7224913e-14,3.2287208e-20
2.703808e-19,5.4734184e-19,2.307661e-16,5.336e-23,2.3838057e-11,2.8519846e-16,1.8578193e-16,7.517071e-17
4.4130928e-14,1.0184875e-14,4.8494443e-17,5.3679324e-15,8.505119e-20,3.539357e-18,3.7835559e-25,5.503009e-16
1.891867e-18,4.4016456e-13,9.042074e-16,2.672872e-24,1.0286814e-16,2.8049688e-20,9.351594e-21,2.6167347e-19
2.782806e-16,2.937702e-14,6.818991e-16,9.280937e-15,4.3028295e-14,2.76171e-15,9.449531e-13,1.2477943e-17
1.3436285e-19,3.4141937e-19,1.3081766e-16,2.2445174e-23,1.6477217e-11,9.338566e-17,1.4912401e-16,7.270276e-17
9.449089e-15,1.1936818e-18,9.991596e-19,9.476751e-20,1.5431823e-20,2.9299443e-19,2.9085308e-26,3.6319965e-17
3.5394176e-14,1.32472176e-11,3.825206e-14,2.0492145e-23,5.775071e-13,5.351165e-16,1.0669865e-15,2.3536953e-17
1.5274893e-16,8.826153e-15,4.000246e-16,6.0322447e-15,2.1183259e-14,1.1418703e-15,6.685312e-13,4.478982e-18
3.1426298e-18,8.4476647e-19,1.1283003e-15,2.4779247e-22,5.928145e-10,2.7767968e-14,8.1945816e-16,3.4090307e-17
8.327972e-14,1.1333262e-14,5.2209847e-17,6.1825778e-15,9.11558e-20,6.837713e-18,6.1406377e-25,5.954622e-16
1.1492254e-14,8.191676e-12,2.877093e-14,1.1497771e-23,2.0017432e-13,1.893674e-16,3.036049e-16,1.3830486e-17
4.6837577e-17,6.5874145e-14,9.162424e-15,7.791786e-15,1.8740866e-13,7.5319466e-15,2.7423402e-12,3.4754474e-16
1.581354e-17,1.4059965e-18,5.3228275e-15,9.6394966e-23,2.0375523e-09,5.558778e-14,1.0228048e-15,3.9266154e-17
6.9221816e-14,3.9779695e-15,3.1942522e-17,1.5879507e-15,5.3896882e-20,3.7140848e-18,3.226718e-25,3.3014006e-16
6.0479334e-12,3.3613026e-10,1.1678026e-13,1.8430958e-22,1.1818872e-11,6.919825e-16,8.68895e-15,1.7435619e-17
2.4479135e-17,6.524766e-14,1.1957669e-14,1.0650759e-14,2.919243e-13,4.5393635e-15,1.1108607e-11,2.8874527e-16
1.5722832e-17,1.0595059e-18,5.2108827e-15,1.1971633e-22,2.1539937e-09,9.43726e-14,7.799037e-16,2.8418723e-17
1.1568347e-14,2.0404379e-13,1.1818308e-15,1.5331974e-14,2.2174525e-17,3.3545898e-18,7.265869e-24,2.5590797e-15
1.2210173e-11,4.520807e-10,4.7630892e-14,8.396372e-23,1.3849323e-11,3.327256e-16,2.7039387e-14,1.5000371e-17
2.2024633e-17,7.9724144e-14,1.401627e-14,1.018134e-14,2.5541667e-13,4.236514e-15,7.740988e-12,3.7751396e-16
2.3402199e-18,8.755979e-19,1.1679326e-15,2.77328e-23,1.3534712e-09,8.529509e-15,4.542393e-16,2.7225649e-17
1.9411212e-14,2.0277898e-13,1.5517519e-15,7.786367e-14,1.5411316e-17,1.9511182e-17,1.1207458e-23,2.1309278e-15
1.6613166e-11,4.7552196e-10,5.1809458e-14,1.0080665e-22,1.6968706e-11,3.0528192e-16,2.728938e-14,1.530872e-17
3.5288414e-18,2.8151125e-14,9.443107e-15,3.9593035e-15,2.0647062e-13,6.5242776e-15,1.1004723e-11,2.3403729e-17
1.024311e-17,1.3698946e-18,4.30543e-15,7.529906e-23,2.1882858e-09,2.8361694e-14,6.6522685e-16,3.746345e-17
1.5963512e-14,2.1792968e-13,1.840292e-15,6.7749205e-14,2.6267185e-17,1.2683341e-17,7.555971e-24,2.4500926e-15
5.685049e-13,6.0866834e-10,1.0390152e-14,8.105261e-24,7.772753e-12,2.2659206e-16,5.2524534e-15,4.9172103e-18
1.0908683e-17,6.194621e-14,1.05964135e-14,7.467206e-15,2.3342835e-13,6.187934e-15,9.652871e-12,1.208044e-16
9.866196e-18,9.852539e-19,4.351016e-15,6.56765e-23,1.70592e-09,5.1794737e-14,4.9092685e-16,1.7234328e-17
3.4924606e-15,1.4627834e-14,1.6279652e-16,1.268203e-14,7.070118e-19,4.7343765e-18,1.28036645e-23,2.2214847e-15
3.99015e-12,4.5657464e-10,2.2070041e-14,3.9211698e-23,1.1470964e-11,2.8823134e-16,1.8892023e-14,9.164437e-18
1.4426707e-17,7.2193655e-14,6.6029966e-15,8.23479e-15,1.7330518e-13,3.732697e-15,5.2447326e-12,1.904359e-16
7.6040765e-19,1.713199e-19,5.5194705e-16,1.993947e-24,3.280327e-10,3.2100867e-15,7.026488e-17,3.652739e-18
1.2550713e-14,6.2894846e-14,7.182426e-16,5.2796455e-14,4.784942e-18,1.7625134e-17,1.1177272e-23,2.3902522e-15
7.312586e-12,2.2294194e-10,3.2851417e-14,4.6312954e-23,8.482619e-12,1.8815695e-16,1.9107244e-14,1.0514938e-17
2.3548976e-18,1.04312954e-14,4.900157e-16,1.7275813e-15,3.5425113e-14,5.1122954e-16,2.3735736e-12,1.2781207e-17
1.2417061e-18,2.2129462e-19,3.9963872e-16,5.191734e-23,8.107962e-10,3.683397e-14,3.4520997e-16,4.4977474e-18
1.17743035e-14,1.1736148e-13,9.63387e-16,5.582589e-14,1.1932133e-17,1.33764634e-17,3.6945023e-24,1.4274102e-15
9.0464344e-13,2.9550945e-11,5.484695e-15,1.3823316e-24,1.0088947e-12,1.7940975e-17,3.3330503e-15,1.1689382e-18
3.1869846e-18,3.015035e-14,4.623353e-15,1.9394105e-15,1.3357115e-13,2.8580306e-15,2.4442382e-12,1.9411637e-16
1.8693837e-18,4.349729e-19,5.05609e-16,2.5981706e-22,1.1774312e-09,5.965462e-14,6.4151173e-16,8.068205e-18
3.36232e-15,2.4739583e-14,1.234533e-16,1.7307385e-14,6.0095395e-19,2.730333e-18,1.3100033e-25,1.0356269e-16
1.0087548e-11,3.3417352e-10,4.859785e-14,4.5494e-23,1.3946422e-11,1.2713671e-16,4.068795e-15,2.066679e-18
4.9146034e-18,6.136364e-14,9.914088e-15,2.8303314e-15,2.7429767e-13,6.4034344e-15,4.569697e-12,3.9783324e-16
2.1838143e-18,2.8386515e-19,8.2630436e-16,7.6086455e-23,7.0890416e-10,2.8406681e-14,2.7505955e-16,8.8819015e-18
1.2884856e-15,1.9150416e-13,7.2605504e-16,5.2694314e-15,3.6686324e-17,4.7428696e-19,1.3397966e-24,9.653367e-16
1.8485066e-11,6.211032e-10,1.0876607e-13,1.5418333e-22,3.282635e-11,2.4187587e-16,5.1084184e-15,2.779207e-18
8.3213964e-18,3.942764e-14,5.997414e-15,2.7799638e-15,1.2955175e-13,3.1785998e-15,2.7330714e-12,1.6448068e-16
1.8925805e-19,3.6880326e-20,6.992556e-17,2.4051146e-23,9.5436374e-11,2.330735e-15,5.615184e-17,3.8421994e-18
1.6678758e-15,3.826996e-13,1.2839568e-15,5.8497527e-15,1.1009734e-16,4.947708e-19,4.3624805e-24,1.9847282e-15
6.955913e-12,2.7960412e-10,4.7525352e-14,5.0533338e-23,1.0684591e-11,1.6780414e-16,5.8568983e-15,4.4652318e-18
4.9256393e-18,1.127978e-14,1.1769402e-15,5.8051345e-16,3.237747e-14,1.3177938e-15,3.3359478e-13,2.6001205e-17
1.0521909e-19,2.5947955e-20,3.0456406e-17,3.3124522e-23,8.647997e-11,2.0917138e-15,4.6853475e-17,2.0830712e-18
3.3462231e-15,1.4094342e-13,7.322578e-16,9.309623e-15,1.8056324e-17,1.3683069e-18,2.1719106e-24,1.2437227e-15
8.5829315e-13,1.01761766e-10,1.7398108e-14,9.698617e-24,3.407005e-12,9.4124915e-17,7.259055e-16,1.0422524e-18
2.321388e-18,1.0582518e-14,1.1029034e-15,3.405406e-16,4.1781286e-14,1.1894879e-15,4.0615574e-13,2.2360977e-17
2.74952e-20,5.053378e-21,8.540728e-18,3.3800773e-24,7.097585e-12,1.420061e-16,8.661436e-18,2.5617912e-18
1.6180539e-15,2.096372e-14,9.9188054e-17,9.955771e-16,1.2991095e-18,1.1942412e-19,2.845039e-25,5.0933166e-16
1.072174e-12,1.2221013e-10,1.8608958e-14,8.9275965e-24,5.1620912e-12,6.5118146e-17,4.0690105e-16,4.18683e-19
8.26581e-18,2.348899e-15,1.4452657e-16,1.8562395e-16,6.8113773e-15,3.0687448e-16,2.8623252e-14,1.994653e-18
1.3489491e-19,2.107776e-20,5.429794e-17,9.253109e-24,3.3412126e-10,6.5417227e-15,3.5817897e-17,5.575817e-19
7.374945e-16,2.1749397e-14,8.118069e-17,4.792802e-16,1.8935492e-18,3.929411e-20,2.2321256e-25,4.2373363e-16
6.41931e-14,2.3071652e-11,3.7041716e-15,1.2600492e-24,5.985295e-13,5.8351934e-17,1.3012038e-16,5.573542e-19
2.7151464e-19,8.891305e-15,1.1199041e-15,2.5107973e-16,2.9032776e-14,5.8642727e-16,7.7255113e-13,2.4328695e-17
5.871647e-20,5.792157e-21,2.98285e-17,1.5377084e-24,1.8751407e-10,2.3862707e-15,9.545188e-18,2.2067672e-19
1.7079756e-15,1.494829e-15,1.22886605e-17,2.3188594e-16,2.1935722e-20,3.8347276e-20,2.3580251e-26,1.8629999e-16
3.183774e-12,1.501972e-10,1.1802995e-14,2.9351611e-24,5.902607e-12,1.4094931e-17,5.817327e-16,1.6115517e-19
1.1104537e-19,3.4113236e-15,4.7911386e-16,1.1712516e-16,9.931613e-15,1.445718e-16,4.0868597e-13,6.4681144e-18
2.4330062e-19,3.815525e-20,1.2544239e-16,1.19393364e-23,2.704816e-10,6.3412287e-15,5.3020302e-17,1.1972798e-18
1.986871e-16,3.530774e-14,1.0083271e-16,6.575846e-16,6.289736e-18,2.993035e-20,9.2845323e-26,1.6664696e-16
1.4750593e-12,7.543032e-11,3.9392063e-15,4.8399067e-25,2.5728313e-12,4.0445244e-18,2.7762855e-16,6.854969e-20
9.803202e-19,1.1911277e-14,1.2646441e-15,4.5710043e-16,3.1526925e-14,1.1421665e-15,6.259234e-13,3.1397437e-17
6.233311e-20,2.6048221e-20,7.660538e-17,2.6138137e-25,5.6099552e-11,4.0960774e-16,8.4398735e-18,8.608432e-19
1.09738426e-16,1.1362266e-14,3.422608e-17,4.1686835e-16,1.2146553e-18,1.7350268e-20,1.5369503e-26,5.133985e-17
1.7929836e-12,1.05796934e-10,1.22958996e-14,4.6881558e-24,3.3644999e-12,3.2466346e-17,9.544615e-16,5.3803446e-19
9.535321e-19,3.1532021e-15,8.2576825e-17,5.40205e-16,6.3181937e-15,1.1907404e-16,4.605263e-13,1.0888806e-18
2.7239695e-23,2.0054371e-22,1.6400059e-18,4.663105e-28,2.5637246e-12,5.324984e-21,1.5786711e-18,3.582948e-19
5.939966e-16,3.004478e-14,1.1505972e-16,1.112228e-15,3.8161254e-18,1.0810081e-19,2.1296819e-25,3.022863e-16
8.488113e-14,5.928049e-12,1.9243839e-15,9.554074e-26,1.612596e-13,3.9991126e-18,4.3937957e-16,3.8598406e-19
1.8915184e-20,9.316237e-21,2.4534839e-18,3.3036796e-17,1.0139228e-18,1.4336118e-19,7.048612e-16,2.1718716e-22
2.3445592e-21,4.3437726e-21,4.5023135e-18,8.986498e-25,2.302008e-12,1.246543e-17,2.2525772e-18,1.5403961e-18
1.1860898e-15,3.5333588e-15,1.4252866e-17,2.8525084e-15,4.4931123e-20,3.7554698e-19,6.258163e-27,1.9037625e-17
3.443005e-20,2.804357e-14,5.6484405e-17,5.6141913e-27,1.7850173e-18,4.2569115e-22,1.4401157e-22,9.6280035e-21
9.396451e-18,1.651661e-15,4.0407333e-17,2.8605703e-16,1.1939112e-15,1.7061644e-16,1.36964414e-14,4.0907623e-19
1.9722947e-18,1.8088915e-19,8.687686e-16,2.635925e-23,4.3004508e-10,1.4129083e-14,1.321594e-16,7.645441e-18
4.5677273e-16,1.6514427e-20,2.0097584e-20,1.6041041e-21,1.115581e-22,3.887039e-21,7.769796e-29,6.3503664e-19
2.0346178e-15,2.252756e-12,2.3908085e-15,1.4057394e-25,5.2720378e-14,2.0149893e-17,3.200375e-17,5.917318e-19
7.57224e-18,2.5150419e-14,3.3587177e-15,2.095667e-15,6.00259e-14,1.7538501e-15,1.7768702e-12,6.522007e-17
1.6175975e-22,3.2362028e-22,1.853972e-19,1.2442561e-27,5.5147434e-13,7.4473276e-21,1.5000706e-18,8.2409637e-19
2.0075032e-15,4.6682416e-16,1.7802163e-18,1.5297168e-16,1.8500421e-21,5.0150497e-20,2.6758672e-27,3.0468027e-17
3.820099e-12,1.5449485e-10,2.3263928e-14,1.6549212e-23,4.6686244e-12,1.01852536e-16,4.988464e-15,4.3386785e-18
9.654488e-20,1.2812429e-20,7.4856154e-19,2.8737813e-17,1.5061437e-17,8.2222444e-20,6.45326e-16,1.8133232e-23
2.7614846e-18,1.6086219e-19,1.2344771e-15,1.4300584e-23,6.217788e-10,1.606293e-14,1.1260336e-16,5.9929686e-18
3.981234e-15,5.435221e-14,3.736499e-16,9.692892e-15,4.6350367e-18,1.7996282e-18,1.0473028e-24,6.724088e-16
2.1923685e-19,2.123987e-13,5.9292326e-17,1.6535043e-27,7.128482e-18,1.5522258e-22,2.9263544e-22,1.3898373e-20
4.106227e-18,2.048454e-14,3.293704e-15,1.8555536e-15,5.838576e-14,1.0635082e-15,2.864218e-12,4.4760973e-17
9.291054e-18,5.5254874e-19,3.6721504e-15,1.1791605e-22,1.8529457e-09,5.5740348e-14,3.2194174e-16,1.5815409e-17
9.342776e-16,3.0030408e-21,4.1025593e-20,1.0190318e-21,2.75174e-23,1.3009276e-21,1.5116033e-28,8.6672827e-19
4.373905e-12,1.7760488e-10,1.3028765e-14,8.042092e-24,4.8150043e-12,5.4876194e-17,6.1911214e-15,2.930706e-18
1.2317006e-17,7.1795976e-14,1.4149877e-14,6.1217714e-15,1.2952606e-13,2.837001e-15,5.7222794e-12,2.0818975e-16
2.0310333e-17,3.5558807e-18,8.741913e-15,6.6251507e-22,4.4023514e-09,1.3987166e-13,8.955774e-16,3.145186e-17
3.74542e-15,4.51841e-14,3.151132e-16,1.3479906e-14,3.01065e-18,2.3521592e-18,9.05356e-25,4.724242e-16
1.053157e-11,4.7966303e-10,3.509189e-14,4.3941827e-23,1.532191e-11,1.692958e-16,1.5496319e-14,8.6065976e-18
3.5486058e-17,3.243645e-13,2.2552776e-14,2.5291413e-14,3.8574528e-13,1.1948503e-14,1.3145707e-11,6.77313e-16
3.472886e-18,4.1840675e-19,1.7374222e-15,1.5063919e-23,8.7507257e-10,8.330556e-15,2.1220767e-16,1.6964675e-17
1.1059542e-14,9.970394e-14,8.5408677e-16,3.894125e-14,1.23165365e-17,7.122801e-18,4.738373e-24,1.4923677e-15
8.345662e-12,4.298335e-10,8.5909524e-14,2.043977e-22,2.7440574e-11,4.8841635e-16,3.6884094e-14,2.1466803e-17
3.3176709e-18,2.0828647e-14,4.6019567e-15,2.0290837e-15,8.390967e-14,3.1352349e-15,4.9627156e-12,2.3109282e-17
1.2779398e-18,1.7710035e-19,6.2282846e-16,1.9604446e-24,3.8837258e-10,2.8797322e-15,1.3530172e-16,6.8796272e-18
3.5853017e-14,2.4341927e-13,1.928286e-15,1.6024439e-13,3.7177437e-17,4.6501636e-17,1.1811858e-23,4.1339735e-15
1.3245948e-12,3.0672506e-10,6.7384707e-15,5.9864153e-24,4.1847606e-12,1.2441776e-16,7.559868e-15,3.7613644e-18
1.3355603e-18,6.715607e-15,1.1571298e-15,8.2925367e-16,5.352344e-14,1.2842604e-15,3.391399e-12,8.040123e-18
3.4547833e-18,4.3996093e-19,1.8174026e-15,1.5565475e-23,3.4383696e-10,7.21409e-15,1.8962763e-16,1.5643622e-17
4.4082026e-15,1.419743e-14,1.9675174e-16,1.4646734e-14,7.5341156e-19,5.2801482e-18,4.9725204e-24,1.0334529e-15
6.1746886e-13,1.1551173e-10,2.9264095e-15,1.560054e-24,1.5598017e-12,5.7764146e-17,3.229924e-15,1.3694558e-18
1.2817142e-17,2.7879198e-14,1.8095025e-15,3.3231606e-15,6.386921e-14,1.9917971e-15,2.6018337e-12,4.218786e-17
1.7383582e-21,7.266462e-21,7.948003e-17,5.428402e-26,3.1246145e-11,1.5175149e-19,4.608382e-17,7.028763e-18
1.9185347e-15,7.80699e-15,8.138223e-17,6.7604334e-15,2.378169e-19,2.4381548e-18,1.2324482e-24,3.8413675e-16
1.8949098e-12,6.8045736e-11,1.1914368e-14,1.2814609e-23,2.2015618e-12,1.1835084e-16,8.889914e-15,7.074735e-18
1.2114848e-19,2.3998771e-19,7.0134996e-17,3.7929378e-16,2.4498939e-17,4.9667535e-18,1.9246162e-14,1.1849968e-20
2.1744258e-21,9.880417e-21,8.101672e-17,6.594628e-26,4.0551444e-11,1.609604e-19,6.388325e-17,9.072157e-18
9.842153e-15,2.8261412e-14,2.881291e-16,2.1258382e-14,1.4494936e-18,8.109862e-18,1.4217844e-24,6.057999e-16
9.818396e-19,2.4839977e-13,3.4457975e-16,1.5004094e-24,7.214935e-17,1.1053434e-20,4.4400188e-21,9.724459e-20
1.2358977e-19,2.784161e-19,8.329658e-17,5.3322143e-16,2.095545e-17,4.396424e-18,2.1074127e-14,1.6624406e-20
9.753873e-22,4.5405967e-21,3.5727013e-17,9.633228e-27,2.9414856e-11,8.184693e-20,5.08227e-17,3.7429145e-18
4.909702e-15,4.3487004e-19,4.664407e-19,3.9048305e-20,8.269077e-21,1.748829e-19,1.1833805e-26,2.726712e-17
1.2380264e-18,2.4221096e-13,3.8574473e-16,1.9467395e-24,8.210974e-17,1.20572124e-20,4.0739396e-21,1.0885436e-19
5.7648925e-20,1.456421e-19,2.4775811e-17,5.742364e-16,5.5506938e-18,1.487154e-18,4.1626473e-15,7.7635166e-21
8.562371e-22,7.947641e-24,1.1155331e-16,3.4893953e-24,4.712401e-15,1.691512e-16,4.9678875e-19,7.32446e-21
5.203989e-15,3.3892012e-19,5.06705e-19,4.238508e-20,1.2234758e-20,1.6689036e-19,1.312639e-26,2.701347e-17
4.36349e-19,6.470571e-14,9.4828416e-17,5.1072817e-25,2.3195393e-17,5.1043514e-21,1.0104154e-21,6.109089e-20
2.5028264e-20,5.6966494e-18,5.9376977e-17,3.2508248e-16,1.18356195e-17,8.554097e-18,4.5170954e-16,4.0636956e-21
1.9134931e-21,5.9799197e-21,1.8853549e-17,1.17314155e-26,1.7932648e-11,1.6863875e-19,5.50977e-17,4.6079577e-18
1.7127059e-15,3.8191507e-20,1.0857277e-19,1.4178173e-20,4.877802e-21,5.970714e-20,1.4280768e-27,1.05784654e-17
2.8427907e-19,3.9081935e-15,3.61452e-20,1.5988905e-24,1.4105727e-19,3.6466455e-23,1.3312354e-20,1.762219e-23
1.855557e-19,1.3912331e-19,1.4438489e-17,7.4739276e-16,1.4281004e-17,1.5608206e-18,2.2311835e-15,5.212835e-21
2.3961883e-21,4.0407382e-22,1.8929433e-17,5.798775e-26,2.8167575e-13,4.0119935e-18,6.977044e-18,2.2453696e-19
2.709097e-17,4.975875e-18,8.896207e-19,4.439919e-20,1.2814036e-21,7.169334e-18,2.7291212e-28,2.9746314e-19
4.990529e-19,8.00232e-14,8.025174e-17,4.6122853e-25,2.2290461e-17,6.024522e-21,1.3303665e-21,7.672722e-20
1.06559326e-19,3.553926e-19,8.202486e-18,4.1648057e-16,2.11943e-17,3.138413e-18,5.086909e-16,2.2731093e-21
3.742222e-22,1.8980952e-21,1.4738997e-17,3.740928e-27,1.516731e-11,3.5692498e-20,2.1922788e-17,2.1643743e-18
2.2219423e-15,2.6914682e-20,1.9392809e-19,2.3254364e-20,2.9196879e-21,6.1076903e-20,2.010779e-27,1.814595e-17
4.0956649e-19,2.048966e-14,1.0170295e-18,4.9622477e-25,2.5405268e-18,4.142657e-22,3.8057982e-21,1.6370408e-21
4.366735e-20,8.408918e-20,1.2851609e-17,3.335847e-16,2.8238565e-18,5.8000566e-19,2.1212115e-15,2.8687482e-21
5.445004e-22,2.5642411e-21,1.9753904e-17,4.6920672e-27,1.9485503e-11,4.564478e-20,3.09155e-17,2.497031e-18
2.816984e-16,8.226198e-20,3.9152438e-19,3.499787e-20,9.112164e-22,3.7081793e-19,7.4351513e-28,4.441635e-18
2.4658774e-19,4.6744828e-14,7.31766e-17,1.345558e-25,1.1701792e-17,2.4345634e-21,5.261278e-22,4.220325e-20
4.584616e-20,9.130998e-20,1.5175222e-17,4.0419224e-16,3.5081445e-18,7.697997e-19,2.7514677e-15,3.8913565e-21
1.7470127e-22,9.131998e-22,9.273596e-18,1.5400543e-27,1.0638815e-11,1.9542064e-20,1.1864142e-17,1.1684434e-18
1.0412009e-15,1.7814713e-20,4.4433083e-20,6.0236714e-21,1.7520859e-21,2.099791e-20,4.1882e-28,4.157626e-18
2.8289549e-19,5.0445267e-14,7.062847e-17,2.1319415e-25,1.4589861e-17,2.8755631e-21,5.885163e-22,4.5989794e-20
2.1438538e-20,4.7744713e-20,7.2131986e-18,1.9175677e-16,1.4271845e-18,3.3380189e-19,1.2552623e-15,1.4839727e-21
3.03889e-22,1.4405891e-21,1.3350924e-17,3.287746e-27,1.5158258e-11,2.5794689e-20,1.7480505e-17,1.5589344e-18
1.2788243e-15,1.9959981e-20,5.775634e-20,7.712598e-21,2.361839e-21,3.2661944e-20,6.3231434e-28,5.8144812e-18
1.3507461e-19,2.9183565e-14,4.1925074e-17,5.655982e-26,6.485187e-18,1.3079937e-21,2.9276047e-22,2.276521e-20
2.6209796e-20,6.865803e-20,1.2359649e-17,2.257922e-16,2.482206e-18,4.6317823e-19,2.9983912e-15,2.2598207e-21
1.1972774e-22,5.4758327e-22,4.5979666e-18,1.0560267e-27,7.759526e-12,1.1227715e-20,7.148007e-18,7.201757e-19
6.182268e-16,1.0426808e-20,2.3235476e-20,3.21504e-21,8.742881e-22,1.0921117e-20,1.6174323e-28,2.2660741e-18
2.400051e-19,5.014635e-14,7.674226e-17,1.0767082e-25,1.25677504e-17,1.7792837e-21,4.4727237e-22,3.0263992e-20
1.413551e-20,2.6036797e-20,5.0341062e-18,1.05039186e-16,1.3035723e-18,1.8992341e-19,1.3263877e-15,6.3356693e-22
1.5664422e-22,7.9155475e-22,7.8563315e-18,1.5799411e-27,1.0512182e-11,1.3364305e-20,9.766291e-18,8.978096e-19
9.465535e-16,1.9734442e-20,3.542311e-20,4.6339332e-21,1.5907104e-21,1.9368917e-20,3.868372e-28,3.1072022e-18
1.0573735e-19,3.3550572e-14,4.116015e-17,2.6297144e-26,5.5515826e-18,6.394185e-22,1.6616845e-22,1.3601664e-20
1.362098e-20,4.0632323e-20,7.129054e-18,1.3810933e-16,1.3767523e-18,2.7093319e-19,1.8441783e-15,9.935633e-22
5.450488e-23,2.6102105e-22,2.4904386e-18,2.9780354e-28,4.849567e-12,6.2358763e-21,4.234601e-18,3.9402653e-19
5.318827e-16,7.036048e-21,1.6365919e-20,1.8442925e-21,4.834157e-22,6.825975e-21,1.165646e-28,1.3663875e-18
1.3369665e-19,3.268149e-14,4.743671e-17,4.4413454e-26,6.946557e-18,8.520178e-22,2.160625e-22,1.6954752e-20
8.5199215e-21,1.5073426e-20,2.1908482e-18,7.5264244e-17,5.450873e-19,9.144593e-20,4.776959e-16,3.4763646e-22
1.1965652e-22,4.7121507e-22,6.6747834e-18,8.245396e-27,5.9158273e-12,1.0420565e-20,3.5127246e-18,1.8252995e-18
5.723883e-16,8.848239e-21,1.7898566e-20,2.2503321e-21,8.051647e-22,9.881247e-21,1.6186419e-28,1.6543385e-18
5.486125e-20,1.607896e-14,1.794036e-17,9.4714415e-27,2.517441e-18,3.6179655e-22,8.782756e-23,8.326623e-21
1.729872e-20,4.9540522e-20,1.9178669e-17,7.0809486e-17,5.0266033e-18,3.3627622e-19,8.248436e-15,3.4536434e-22
7.0086644e-23,3.06165e-22,3.4257937e-18,7.768852e-28,5.8379126e-12,7.396394e-21,3.657912e-18,5.0456973e-19
2.642297e-16,2.641958e-21,6.7103876e-21,9.402886e-22,2.0808033e-22,2.885948e-21,2.956178e-29,6.881566e-19
1.7644289e-19,1.4383078e-13,1.7089329e-16,3.806413e-26,1.5063275e-17,5.3794745e-22,3.212513e-22,1.612541e-20
8.261258e-21,1.802567e-20,3.9151414e-18,6.2314904e-17,9.001003e-19,1.39221e-19,1.0848605e-15,3.3108116e-22
5.360856e-21,1.355153e-20,6.6900275e-18,7.642935e-25,1.8791453e-12,4.7237505e-18,5.6789866e-18,5.2991564e-18
1.361587e-15,5.608303e-20,6.1109305e-20,1.719522e-21,7.2181656e-22,8.819898e-21,4.273559e-28,1.9899563e-18
6.7576313e-20,2.7439175e-14,3.2021333e-17,1.4557105e-26,3.943019e-18,3.856847e-22,1.0749575e-22,7.99448e-21
5.7031283e-18,1.3451903e-15,1.8983234e-17,3.1767073e-16,2.3012538e-15,1.0753094e-16,1.0582523e-13,1.0709276e-19
3.8832858e-23,1.8088197e-22,2.3676068e-18,5.1019386e-28,4.2372e-12,4.4941902e-21,2.2128798e-18,3.548318e-19
3.983465e-16,5.692947e-21,1.2116737e-20,1.1693513e-21,2.983309e-22,4.277456e-21,6.900905e-29,9.73118e-19
9.380201e-16,1.0761241e-12,2.4931036e-15,1.9043356e-25,2.6726968e-14,1.2168311e-17,2.5051994e-17,3.9152438e-19
5.5693287e-21,1.1632122e-20,3.01588e-18,3.8444003e-17,6.5613026e-19,9.614429e-20,9.435432e-16,2.1467404e-22
2.938168e-21,7.617133e-21,3.6537147e-18,4.7287276e-25,1.2414091e-12,3.502101e-18,2.8550513e-18,3.0774872e-18
7.300854e-15,2.9294237e-16,1.7753473e-18,9.951704e-17,1.6905659e-21,1.6029008e-19,3.07461e-27,2.3136803e-17
4.502412e-20,2.254185e-14,2.643324e-17,8.8708896e-27,2.9187459e-18,2.531573e-22,7.352894e-23,5.019008e-21
5.123692e-18,1.260204e-15,1.26820345e-17,2.1508046e-16,1.7553695e-15,7.819648e-17,6.9574846e-14,7.891195e-20
7.348219e-21,1.8245667e-20,7.713521e-18,1.3410648e-24,2.2125194e-12,7.326901e-18,6.45569e-18,6.2916073e-18
3.073302e-16,5.2272116e-21,9.053026e-21,7.631264e-22,1.8865373e-22,2.7574486e-21,4.402508e-29,6.5942994e-19
8.307735e-16,8.433073e-13,1.912448e-15,8.8143595e-26,2.380281e-14,1.0781183e-17,2.266689e-17,2.7718473e-19
8.946886e-18,2.313965e-15,2.5955619e-17,4.1971343e-16,3.279499e-15,1.4991453e-16,1.3443502e-13,1.6543628e-19
2.6838317e-19,1.8780089e-20,1.8589607e-16,2.3708804e-24,7.413394e-11,1.2853339e-15,1.4190748e-17,2.3225397e-18
4.728463e-15,2.6033473e-16,1.1966954e-18,1.03260126e-16,8.531887e-22,9.293349e-20,1.45004e-27,1.4563671e-17
1.4750148e-15,1.4379136e-12,3.3495691e-15,2.632496e-25,4.460338e-14,1.9520637e-17,4.0224013e-17,5.351238e-19
2.9677307e-18,6.0189352e-15,5.4941993e-16,4.680634e-16,1.00905925e-14,3.0845187e-16,3.0654212e-13,5.6966705e-18
9.118288e-21,7.444344e-21,9.926486e-18,1.2668885e-24,2.473423e-12,1.46195e-17,3.2796067e-18,3.650622e-18
9.2301655e-15,4.410387e-16,2.3651695e-18,1.7732034e-16,2.1846525e-21,2.0889904e-19,4.3196174e-27,3.0511993e-17
3.9529166e-13,3.199152e-11,3.892853e-15,1.1082291e-24,7.5113825e-13,2.5223544e-17,1.0206961e-15,1.1224001e-18
9.277772e-18,2.773143e-15,4.2809257e-17,2.7653455e-16,2.6368813e-15,1.6107613e-16,6.2199574e-14,2.8859068e-19
3.203584e-19,1.9833003e-20,2.1236314e-16,2.0965852e-24,1.437479e-10,2.6774256e-15,1.5226076e-17,1.3626501e-18
2.083082e-15,5.870296e-15,4.5476613e-17,2.187486e-15,1.6441393e-19,4.664603e-19,5.987688e-26,1.4212695e-16
4.2899864e-15,2.476581e-12,2.1583014e-15,2.2245094e-25,8.6763184e-14,2.7877667e-17,7.328079e-17,5.8803474e-19
1.3045375e-18,6.3703717e-15,6.820708e-16,4.2396323e-16,1.1374756e-14,2.9183477e-16,4.0823407e-13,7.6394935e-18
4.535992e-21,1.03922214e-20,4.830369e-18,5.585785e-25,1.4701271e-12,5.575842e-18,3.6783977e-18,3.6059855e-18
5.204009e-15,5.280275e-16,2.5398486e-18,3.0730562e-16,1.8376979e-21,1.4018987e-19,4.5077746e-27,4.0577706e-17
8.725279e-13,4.543964e-11,3.963459e-15,9.200624e-25,1.0466522e-12,1.5416431e-17,1.1866554e-15,7.594713e-19
6.109351e-18,1.894036e-15,1.3987591e-17,2.586085e-16,2.3250343e-15,1.1248402e-16,8.671918e-14,1.1116997e-19
1.4543669e-19,1.20691306e-20,1.1185544e-16,1.940467e-24,4.8149425e-11,7.5354206e-16,1.0633692e-17,1.919337e-18
1.068351e-15,7.96191e-15,6.0928066e-17,2.3365304e-15,4.0739278e-19,3.3236608e-19,5.6889814e-26,1.1924723e-16
1.3962497e-15,9.770974e-13,1.9769076e-15,1.1526875e-25,3.5831208e-14,1.7144233e-17,3.8015543e-17,3.5442456e-19
2.7675166e-18,4.6117276e-15,4.1237182e-16,3.5580688e-16,6.9385695e-15,2.7793793e-16,1.7366055e-13,4.15219e-18
3.604773e-19,2.8462293e-20,2.1467306e-16,2.2505434e-24,5.7263222e-11,9.793013e-16,2.4151525e-17,4.977413e-18
5.6130692e-15,3.4844476e-16,1.493493e-18,1.8727475e-16,1.0473123e-21,1.2769643e-19,1.8686765e-27,1.9563574e-17
2.3254003e-13,2.551175e-11,3.2221466e-15,8.765476e-25,5.822298e-13,2.4616225e-17,6.074453e-16,8.984263e-19
6.0257957e-18,5.6228635e-15,4.8130297e-16,6.2933897e-16,1.2319187e-14,3.6676127e-16,3.6008398e-13,6.0542966e-18
3.356618e-22,1.3004712e-21,1.4284546e-17,2.3093755e-26,8.2555e-12,3.3289506e-20,7.563665e-18,3.9591313e-18
1.7741989e-15,3.796645e-15,2.8760077e-17,1.270529e-15,9.6953445e-20,2.8150678e-19,3.7985076e-26,1.2518569e-16
3.523241e-13,2.7377892e-11,4.398796e-15,1.7129462e-24,6.61816e-13,4.616458e-17,1.2039592e-15,1.8198e-18
6.1675575e-20,1.7219853e-19,3.8326712e-17,1.7463719e-16,1.4110264e-17,1.0194844e-18,1.6081568e-14,7.4878026e-22
3.3775045e-21,1.0947645e-20,4.6128316e-17,1.6241119e-25,1.27931e-11,6.709192e-19,2.9744985e-17,9.496883e-18
4.105262e-15,5.9726428e-15,5.1175805e-17,2.9747738e-15,1.2504993e-19,7.822833e-19,8.713829e-26,1.8698279e-16
5.344139e-19,3.3955269e-13,4.3710106e-16,6.676896e-26,3.1916092e-17,1.6738175e-21,1.3876064e-21,7.400236e-20
7.273264e-19,5.6889173e-18,6.615546e-17,6.1306487e-16,1.7441416e-16,1.7465308e-17,4.6074225e-14,1.5110559e-20
3.4680469e-22,1.6521286e-21,1.7689327e-17,6.525732e-27,1.3844939e-11,5.3676118e-20,1.4988531e-17,2.0215095e-18
3.5011846e-15,1.7528499e-19,1.6136493e-19,5.5841776e-21,1.5017803e-21,2.7837458e-20,1.3062644e-27,3.815427e-18
1.27050335e-17,8.1576965e-13,1.3784727e-15,4.715668e-25,4.503263e-16,9.6429685e-20,1.0717735e-19,4.687041e-19
6.932123e-20,7.799617e-20,1.8723107e-17,2.1215343e-16,4.8607205e-18,9.572057e-19,4.018479e-15,3.4201737e-21
1.4417503e-19,1.3163894e-19,1.5189651e-16,1.2229698e-23,2.5692087e-11,3.1059846e-16,4.1924915e-17,1.5780758e-17
9.741674e-15,5.527008e-18,1.0809509e-18,5.0264095e-19,5.7142255e-21,2.4508167e-19,1.07934376e-26,2.3270285e-17
2.8259238e-19,8.829137e-14,1.7922721e-16,1.424422e-25,1.3927108e-17,4.1560183e-21,1.1888311e-21,4.9178996e-20
4.0356494e-17,1.5042943e-14,3.9274562e-16,2.784273e-15,2.0643707e-14,1.1207846e-15,5.227871e-13,4.800354e-18
1.4724778e-17,9.949074e-19,5.4726155e-15,7.194356e-23,1.2615041e-09,4.1458512e-14,4.3806588e-16,3.5835664e-17
1.97226e-15,1.214409e-19,1.0828241e-19,1.4070896e-20,1.6916174e-21,3.6469572e-20,1.2097573e-27,5.1175195e-18
4.5313467e-14,1.0369282e-11,1.1795658e-14,3.3847608e-24,3.8945575e-13,1.1594622e-16,7.5225536e-16,5.2687203e-18
2.7194927e-17,6.766474e-14,8.12009e-15,8.473372e-15,1.7207659e-13,3.128258e-15,7.1573325e-12,1.4332531e-16
8.3420193e-19,9.760066e-19,4.4300985e-16,4.6618537e-23,6.674273e-11,8.846102e-16,2.0523824e-16,6.159878e-17
1.6571209e-14,6.5894848e-15,3.245607e-17,4.20058e-15,6.0303884e-20,2.1105058e-18,1.278052e-25,2.3670405e-16
9.052808e-12,2.4873678e-10,3.850064e-14,4.0403048e-23,6.571572e-12,2.3751267e-16,2.6544535e-14,1.6362387e-17
5.9013646e-17,4.6568452e-14,6.026905e-16,6.458089e-15,7.2222854e-14,3.1978765e-15,2.6184766e-12,1.3849492e-17
5.1742718e-17,7.484134e-18,1.3553923e-14,1.0795853e-21,6.7188948e-09,1.539052e-13,3.2723138e-15,1.4636974e-16
2.0163804e-14,1.140163e-13,1.1973913e-15,7.48168e-14,8.665898e-18,1.8380734e-17,5.8213876e-24,1.3930469e-15
1.5907382e-13,1.7308304e-11,2.256095e-14,1.7581231e-23,1.0544187e-12,3.1364174e-16,3.3714262e-15,7.970254e-18
3.939007e-17,2.792562e-13,5.6889836e-14,2.4508602e-14,9.475195e-13,3.1848764e-14,2.899032e-11,7.7782395e-16
4.854293e-17,1.7523302e-17,1.2435763e-14,1.9364696e-21,1.0818001e-08,2.0446999e-13,5.066171e-15,1.078267e-16
5.195661e-14,1.7002699e-14,1.2930838e-16,1.7855793e-14,2.9443644e-19,9.517119e-18,6.193263e-25,5.4740113e-16
1.1964828e-11,1.5737178e-09,7.566277e-14,5.0706e-22,5.283179e-11,2.1186642e-15,6.448467e-14,3.320091e-17
4.7728765e-17,6.4741046e-13,5.0899616e-14,4.4460177e-14,1.7230559e-12,5.2275994e-14,4.8590788e-11,1.3916288e-15
6.4365385e-17,3.8790777e-17,2.2780524e-14,2.5709406e-21,4.5322315e-09,1.752932e-13,5.73313e-15,2.3759602e-16
4.0145357e-14,1.7711914e-13,3.0428452e-15,1.6397474e-13,3.3491828e-17,7.145638e-17,1.2354009e-22,1.6570704e-14
8.581758e-12,1.0941944e-09,1.2741824e-13,7.9529867e-22,7.13795e-11,2.793401e-15,6.805628e-14,3.217844e-17
2.450783e-16,1.0359194e-12,2.7400523e-14,1.3040159e-13,1.481197e-12,6.869453e-14,3.6896815e-11,2.3580474e-15
2.4024865e-20,8.6842235e-20,7.934164e-16,9.967696e-25,1.7857976e-10,1.8321989e-18,4.2361245e-16,5.0410468e-17
6.2545645e-14,2.498195e-13,3.2235357e-15,2.993617e-13,5.761186e-17,1.5707555e-16,8.6900084e-23,1.8680082e-14
4.848966e-12,2.2851157e-10,1.3545763e-13,1.9780633e-21,2.9848624e-11,3.858847e-15,1.0985502e-13,9.831111e-17
6.740052e-19,1.4901637e-18,7.2197023e-16,2.6901305e-15,1.9967182e-16,4.746911e-17,1.19254e-13,1.4836912e-19
7.10649e-18,5.7194465e-18,3.3871145e-15,1.6947104e-22,5.3759996e-10,1.0050755e-14,1.2460735e-15,9.36593e-17
3.392038e-13,3.4190787e-13,5.7950695e-15,8.234799e-13,6.158257e-17,5.994666e-16,5.482665e-23,2.140563e-14
6.8441854e-18,1.0975245e-12,1.3135529e-15,4.2021658e-23,5.1575635e-16,9.248823e-20,3.0200678e-20,7.2290064e-19
1.0259148e-16,1.6481663e-13,3.3844796e-15,2.522358e-14,2.633878e-13,9.397469e-15,9.646576e-12,2.060046e-16
2.4942986e-18,4.2994656e-18,1.3554874e-15,3.7235676e-22,9.934381e-11,1.5783002e-15,1.091902e-15,2.276647e-16
2.955704e-14,2.4791873e-18,5.130674e-18,4.5455234e-19,1.2145944e-19,2.1449602e-18,2.8781689e-25,3.1703633e-16
1.2157019e-12,5.3893636e-11,4.7087107e-14,1.3288646e-22,4.8784566e-12,7.6215993e-16,1.9093983e-14,2.6346766e-17
4.0797347e-16,1.520785e-13,2.1015351e-15,2.4705678e-14,1.9977688e-13,1.5223196e-14,4.1937174e-12,8.962399e-17
4.0236223e-20,1.9591187e-19,8.849174e-16,7.442285e-25,2.1696324e-10,2.2561376e-18,1.2888985e-15,6.625269e-17
7.58962e-14,7.355958e-14,6.3828475e-16,9.2102805e-14,4.2902417e-18,5.66819e-17,5.4767252e-24,2.058515e-15
1.7981986e-13,2.8225524e-11,5.5240467e-14,2.4110868e-22,2.8638626e-12,2.1797228e-15,6.7752006e-15,4.2712523e-17
1.5831156e-18,3.1875316e-18,4.9590534e-16,7.079281e-15,1.1541447e-16,4.1037704e-17,7.282291e-14,4.3098418e-19
3.3515804e-20,1.5200582e-19,5.803385e-16,4.8073006e-25,1.6002291e-10,2.5599544e-18,1.1047856e-15,6.754678e-17
1.9476421e-13,3.0887666e-14,2.3428481e-16,3.0177853e-14,7.9552146e-19,4.798361e-17,5.59099e-24,3.2301705e-15
1.1585907e-17,7.474396e-13,1.656507e-15,4.5951842e-23,4.7007825e-16,2.1230367e-19,5.2142493e-20,1.9117885e-18
2.0831822e-18,2.2817136e-18,3.5476194e-16,8.4260856e-15,1.0790939e-16,3.4885423e-17,3.3589115e-14,4.171477e-19
2.4060724e-20,7.509837e-20,1.6298419e-16,2.1645978e-25,8.148219e-11,1.7574101e-18,6.3934724e-16,4.2546978e-17
3.0335692e-14,1.7039577e-18,3.0261946e-18,4.993995e-19,1.8894354e-19,2.7124357e-18,2.5862312e-25,2.162198e-16
7.747996e-18,5.2765274e-13,9.14995e-16,3.955664e-23,3.2505893e-16,1.8920389e-19,4.0171965e-20,1.4533972e-18
2.633349e-18,1.2797496e-18,1.507087e-16,5.766381e-15,1.1117268e-16,1.2296398e-17,1.7842381e-14,1.19622e-19
1.5626002e-20,5.762782e-20,1.5137937e-16,1.7608465e-25,8.3584105e-11,1.0520832e-18,5.021128e-16,3.2796087e-17
2.5208097e-14,1.3064996e-18,3.7012986e-18,6.1293065e-19,1.2798759e-19,2.119979e-18,1.5937319e-25,2.3621065e-16
5.578672e-18,5.2410604e-13,8.55688e-16,1.1247632e-23,2.1327972e-16,1.02484925e-19,2.1546598e-20,1.2167421e-18
1.6152576e-18,1.2376865e-18,1.5709532e-16,4.412022e-15,7.4354484e-17,9.177941e-18,2.2569601e-14,1.0321114e-19
9.59065e-21,3.914614e-20,2.0411783e-16,5.6586615e-25,8.051047e-11,7.71493e-19,2.2028761e-16,3.81441e-17
1.8612082e-14,5.309554e-19,2.0123073e-18,3.0925256e-19,4.4519268e-20,8.0779326e-19,6.63852e-26,1.36823e-16
5.744834e-18,5.0460883e-13,1.0577952e-15,7.92152e-24,2.0217043e-16,8.1031123e-20,1.8541833e-20,1.0606462e-18
9.382585e-19,1.1767141e-18,3.893371e-16,2.0529394e-15,1.0784109e-16,1.19599315e-17,7.5753457e-14,7.7363514e-20
4.813531e-21,1.8920162e-20,1.2028019e-16,3.65889e-25,4.4752833e-11,3.9948566e-19,1.08623896e-16,2.8480474e-17
1.4602718e-14,5.3994246e-19,1.2894817e-18,2.1986585e-19,4.498686e-20,6.0670095e-19,4.7474866e-26,7.8889797e-17
4.9219207e-18,9.038087e-13,2.1992501e-15,1.10984154e-23,3.1711376e-16,6.2123746e-20,1.818237e-20,5.9153774e-19
7.118533e-19,9.495573e-19,3.048606e-16,1.2600886e-15,9.618221e-17,7.594253e-18,7.574523e-14,2.5886953e-20
5.3731864e-19,9.594649e-19,3.426594e-16,8.831976e-23,2.8251488e-11,3.36577e-16,3.297801e-16,1.3308066e-16
2.1085948e-14,2.1415917e-18,2.4220618e-18,1.8594684e-19,5.557362e-20,5.974271e-19,9.773668e-26,9.2023466e-17
3.9512706e-18,1.135907e-12,2.4441462e-15,3.3714235e-24,2.369371e-16,2.9602086e-20,1.397813e-20,5.631738e-19
3.0744511e-16,3.8590404e-14,8.0694447e-16,1.0505372e-14,7.1297616e-14,3.8150546e-15,1.8100816e-12,1.782589e-17
4.847585e-21,2.9079628e-20,1.4978822e-16,5.174702e-26,6.482068e-11,3.6828467e-19,2.551144e-16,1.4143243e-17
1.8306273e-14,1.979916e-18,1.6141365e-18,8.5990414e-20,2.6210192e-20,3.3545878e-19,5.015589e-26,4.3775156e-17
5.600464e-14,1.5481129e-11,4.019186e-14,4.715961e-23,9.246562e-13,7.9959646e-16,1.6790667e-15,2.3905872e-17
4.3198985e-19,6.0734237e-19,8.620074e-17,1.8384045e-15,2.0555466e-17,7.365208e-18,1.2861855e-14,7.471889e-20
4.227735e-21,2.8198384e-20,1.5884709e-16,4.4597148e-26,5.5729907e-11,4.12571e-19,2.5604842e-16,1.4577844e-17
1.2471804e-13,1.425713e-14,7.8381656e-17,8.405187e-15,1.4434068e-19,1.15228336e-17,1.205829e-24,9.459181e-16
2.5178156e-18,1.9978488e-13,4.498146e-16,3.4874125e-24,7.958591e-17,4.3593284e-20,1.0749299e-20,4.3090193e-19
7.219581e-19,6.859472e-19,8.421322e-17,2.2476195e-15,2.031072e-17,7.5806496e-18,1.0779266e-14,8.294576e-20
1.9958525e-21,1.2704965e-20,6.609921e-17,1.5753498e-26,3.7068154e-11,1.9233377e-19,1.2112002e-16,6.6669455e-18
7.0945832e-15,3.4057515e-19,5.516031e-19,1.1656915e-19,2.2924776e-20,3.8569118e-19,1.9041751e-26,3.304297e-17
2.4215073e-18,2.0758774e-13,5.330445e-16,2.9513625e-24,6.962425e-17,5.4105357e-20,1.431955e-20,6.6942874e-19
3.045986e-19,3.094709e-19,3.7605057e-17,1.1089446e-15,9.7518084e-18,3.552464e-18,5.6698395e-15,2.9651588e-20
3.0852997e-21,1.3506888e-20,8.305227e-17,1.0357289e-25,4.1022883e-11,3.521242e-19,9.088546e-17,1.28020915e-17
8.157129e-15,4.85627e-19,5.119801e-19,1.4301433e-19,1.8986391e-20,4.1182094e-19,1.7583015e-26,2.9211754e-17
1.3318615e-18,1.3180063e-13,3.235151e-16,8.671588e-25,3.3754504e-17,2.2572715e-20,6.002958e-21,3.0537347e-19
4.616841e-19,4.773272e-19,1.2070766e-16,9.758554e-16,3.3049776e-17,4.8762094e-18,2.1528504e-14,2.8198167e-20
4.5981173e-21,1.8030277e-20,9.729668e-17,3.4348103e-25,3.9248823e-11,4.0656535e-19,9.578239e-17,2.9043863e-17
4.1868377e-15,1.918143e-19,2.4864408e-19,6.8505774e-20,8.2180386e-21,1.7674536e-19,6.3214818e-27,1.2988773e-17
1.9164836e-18,3.89988e-13,1.0290038e-15,2.0529612e-24,9.0764543e-17,2.9165836e-20,8.1237214e-21,3.0104073e-19
7.3172335e-19,9.590368e-19,2.6056425e-16,1.3166432e-15,8.972251e-17,6.808795e-18,6.21032e-14,1.8237316e-20
2.852527e-17,2.5419035e-18,9.705176e-15,1.4321938e-22,2.1213313e-09,7.1059485e-14,1.2282017e-15,6.271052e-17
9.244366e-15,8.33499e-19,7.8501555e-19,8.5602246e-20,1.5391493e-20,2.129469e-19,2.1658523e-26,2.9979077e-17
3.958935e-18,1.2486877e-12,2.5826263e-15,2.2137764e-24,2.0424789e-16,2.4961332e-20,1.3467375e-20,6.272266e-19
4.571176e-17,1.03873636e-13,1.2528662e-14,1.5731946e-14,3.5727156e-13,6.579463e-15,1.3248405e-11,3.3821936e-16
2.8599363e-17,1.9106075e-18,8.797681e-15,2.2092316e-22,2.5009603e-09,9.726659e-14,1.1193532e-15,5.785809e-17
1.8942503e-14,1.6743056e-18,1.5910347e-18,7.746747e-20,2.2073638e-20,2.6801585e-19,4.2159996e-26,3.625822e-17
1.373358e-11,3.6755932e-10,6.386446e-14,1.2588543e-22,1.2012115e-11,4.6084193e-16,4.4560777e-14,2.871929e-17
4.150371e-17,1.1422678e-13,2.0374773e-14,1.4572836e-14,3.4573237e-13,6.1492254e-15,1.2201372e-11,4.2656857e-16
3.1411813e-17,2.1488421e-18,1.0974523e-14,2.4535069e-22,2.4659088e-09,1.049082e-13,9.577368e-16,5.0928283e-17
3.2895934e-14,2.4145494e-13,2.2392328e-15,1.2952185e-13,1.9578806e-17,4.253221e-17,1.651755e-23,2.66478e-15
1.8882722e-11,6.057521e-10,7.6878486e-14,1.5413864e-22,1.8926099e-11,4.838895e-16,4.1126546e-14,2.7461697e-17
4.630691e-17,1.4180169e-13,1.9090122e-14,1.5846596e-14,3.1110707e-13,6.9480516e-15,1.0332028e-11,4.3072676e-16
1.6383247e-17,1.1367749e-18,6.0838014e-15,7.55632e-23,1.7727634e-09,6.253169e-14,5.6896405e-16,2.817273e-17
2.7225431e-14,2.5881912e-13,2.3864349e-15,1.0046199e-13,2.771036e-17,2.6437478e-17,1.8822879e-23,3.2415515e-15
1.5950663e-11,4.6346665e-10,7.351792e-14,1.5413335e-22,1.5514205e-11,4.8856733e-16,4.358394e-14,3.2430698e-17
2.1764636e-17,8.040846e-14,8.428819e-15,9.26357e-15,1.9387764e-13,3.9074926e-15,6.549848e-12,2.0650736e-16
3.751878e-18,3.1994806e-19,1.710101e-15,1.6201349e-23,9.961519e-10,1.8447527e-14,2.3589997e-16,9.021908e-18
2.9328204e-14,2.2063867e-13,2.2572342e-15,1.1271614e-13,2.642064e-17,3.401133e-17,1.7992322e-23,3.292699e-15
1.0049121e-11,2.8289948e-10,3.9570628e-14,5.5207566e-23,9.043662e-12,2.4798044e-16,2.8258503e-14,1.6028719e-17
5.2824043e-18,2.6124327e-14,3.0672486e-15,3.016115e-15,8.411301e-14,1.5503612e-15,3.1870856e-12,7.1127044e-17
3.885459e-18,3.5469644e-19,1.4005064e-15,5.6349717e-23,1.0532263e-09,3.5088343e-14,3.2385468e-16,9.696723e-18
1.810066e-14,1.3409929e-13,1.3158246e-15,7.385185e-14,1.3049562e-17,1.9021508e-17,5.5428053e-24,1.7490597e-15
4.325966e-12,1.6971467e-10,1.4455374e-14,1.1892472e-23,4.7629305e-12,8.605322e-17,9.220206e-15,3.431182e-18
6.404694e-18,3.9381645e-14,6.8013036e-15,3.3954197e-15,1.3508919e-13,2.4559034e-15,4.4367123e-12,1.2631682e-16
4.2211664e-18,3.4048814e-19,1.4795514e-15,3.0239594e-23,9.227865e-10,3.5770845e-14,3.0509796e-16,9.495615e-18
5.615039e-15,5.8832123e-14,4.3052964e-16,2.464708e-14,3.707856e-18,4.7882653e-18,1.286898e-24,5.9306155e-16
8.553341e-12,3.5538342e-10,3.2730458e-14,3.3411074e-23,1.1506814e-11,1.3619551e-16,8.36715e-15,4.344077e-18
7.24914e-18,3.2975904e-14,4.8064453e-15,3.4820044e-15,1.1948853e-13,1.9721322e-15,3.6689428e-12,1.2371496e-16
2.1812666e-18,3.014763e-19,6.848867e-16,9.4354706e-23,9.497954e-10,3.8958484e-14,3.166822e-16,6.923277e-18
4.1183593e-15,1.1371225e-13,6.552834e-16,1.6277558e-14,1.2345418e-17,2.5878195e-18,2.6431836e-24,1.0356077e-15
8.764799e-12,2.422127e-10,3.0092556e-14,2.927726e-23,8.2988035e-12,1.1901408e-16,9.287488e-15,5.3111774e-18
4.462422e-18,4.4032134e-14,6.4834155e-15,2.4404194e-15,1.411285e-13,3.1323297e-15,3.357922e-12,1.7097544e-16
6.910397e-19,8.862837e-20,3.082578e-16,3.193414e-23,2.3000311e-10,6.1969337e-15,9.25706e-17,6.2273763e-18
4.475965e-15,1.1105291e-13,7.299013e-16,1.9043428e-14,1.2232629e-17,2.8891684e-18,1.697996e-24,9.069606e-16
1.1802157e-11,3.7972775e-10,5.3587282e-14,5.5091856e-23,1.67351e-11,1.3974052e-16,5.236289e-15,2.9914404e-18
7.3034895e-18,1.9534076e-14,2.6489289e-15,1.3455443e-15,4.7228416e-14,1.4427657e-15,9.29652e-13,4.906158e-17
1.1700524e-20,4.594523e-21,9.691988e-18,1.1198307e-24,2.5008563e-12,2.1663908e-17,3.2228547e-18,3.4208445e-18
2.1011186e-15,1.4904916e-13,7.5788644e-16,7.611724e-15,3.250873e-17,8.192225e-19,2.0042573e-24,1.138708e-15
2.005501e-12,1.3588301e-10,2.346491e-14,1.6788484e-23,4.7566478e-12,1.1367976e-16,2.0281473e-15,2.6318627e-18
1.649204e-17,1.9953866e-15,6.089972e-17,2.6368496e-16,2.4819349e-15,1.4225715e-16,2.4448749e-14,5.139212e-19
2.677274e-21,1.6982188e-21,3.1285036e-18,2.4870783e-25,1.178872e-12,6.267055e-18,1.2924365e-18,1.2907367e-18
2.9259408e-15,3.7277327e-14,2.0882445e-16,3.6060873e-15,2.7777656e-18,6.000972e-19,5.903119e-25,6.3775175e-16
6.2893137e-15,3.941287e-12,2.1151836e-15,2.9725467e-25,9.8614185e-14,3.555557e-17,8.171415e-17,8.708378e-19
6.481897e-18,7.9846874e-16,2.0253234e-17,1.2701454e-16,9.720584e-16,5.3344295e-17,1.3308865e-14,1.684118e-19
6.9556454e-20,1.5947333e-20,3.2679815e-17,1.0713217e-23,1.8622667e-10,3.7397377e-15,2.9333138e-17,5.199018e-19
4.2413654e-15,5.037743e-16,3.4295855e-18,2.7317522e-16,1.9783123e-21,1.0398294e-19,6.701338e-27,6.20928e-17
2.0975308e-15,1.5714178e-12,9.95995e-16,6.2983055e-26,3.716452e-14,1.2645802e-17,2.7206961e-17,3.105293e-19
3.2956703e-19,7.933956e-15,8.366092e-16,1.8195173e-16,2.5977254e-14,8.448515e-16,4.3329747e-13,2.0232542e-17
1.296851e-19,1.1678675e-20,7.6351854e-17,2.3217265e-24,2.3133973e-10,3.608151e-15,1.4103752e-17,4.0793552e-19
1.8849829e-15,2.280228e-16,1.1107085e-18,1.1577166e-16,5.5246567e-22,3.497838e-20,1.3080296e-27,1.8663066e-17
1.5960088e-12,1.06090754e-10,1.1807228e-14,2.784919e-24,3.6139008e-12,1.7946383e-17,3.8189402e-16,1.360468e-19
2.745308e-19,5.4487016e-15,6.682179e-16,2.1071615e-16,1.3136838e-14,2.7211751e-16,4.464664e-13,1.0027378e-17
4.6773047e-20,4.971409e-21,3.2433047e-17,1.3621938e-24,1.6060112e-10,1.8908884e-15,6.879338e-18,1.5749409e-19
1.7856115e-16,3.0759913e-14,7.597299e-17,3.7440323e-16,4.253219e-18,1.782661e-20,9.716344e-26,1.7789217e-16
1.4765315e-12,7.150295e-11,4.983766e-15,7.90802e-25,2.040458e-12,7.328607e-18,5.6234173e-16,1.8452584e-19
1.1059556e-19,3.855022e-15,3.5261132e-16,8.586501e-17,8.263584e-15,2.3513185e-16,2.352847e-13,5.7246854e-18
5.837881e-19,2.9013257e-20,4.003345e-16,1.7488113e-24,3.0320826e-10,5.4442556e-15,2.0881956e-17,1.1060997e-18
2.3614307e-16,1.3942997e-14,5.3223957e-17,8.619947e-16,1.3795596e-18,5.462298e-20,3.7492014e-26,8.623462e-17
6.822788e-13,4.7720713e-11,2.9392081e-15,2.615599e-25,1.1335177e-12,3.5050947e-18,2.6967562e-16,6.7387626e-20
9.208201e-19,6.89314e-15,8.324993e-16,5.526761e-16,1.5516874e-14,3.1264905e-16,7.445199e-13,9.696797e-18
6.2853195e-19,3.4354743e-20,4.360934e-16,1.4674035e-24,3.2476988e-10,5.5626572e-15,2.3541084e-17,1.4963102e-18
1.21627e-16,8.11464e-15,2.3963757e-17,2.8568952e-16,7.723971e-19,1.5288505e-20,1.8890034e-26,5.2359835e-17
1.3504778e-12,6.2298215e-11,3.7303344e-15,8.74357e-25,1.363801e-12,1.0891927e-17,1.9390185e-15,7.2669683e-19
1.0422564e-18,6.8193327e-15,7.214912e-16,6.759785e-16,1.7023468e-14,3.178271e-16,7.6730126e-13,9.534743e-18
3.508665e-19,5.7342525e-20,2.1727564e-16,1.0438014e-23,2.3391405e-10,6.848087e-15,5.2003925e-17,2.218949e-18
1.0380718e-15,1.3435986e-14,8.495048e-17,4.5277075e-15,6.540861e-19,6.0977987e-19,8.0160495e-26,1.1809242e-16
1.3529761e-12,5.515412e-11,3.773629e-15,8.488567e-25,1.209778e-12,1.1486802e-17,2.3005692e-15,7.4704387e-19
2.00421e-18,1.21837024e-14,1.2361171e-15,7.7104695e-16,2.6224325e-14,1.167603e-15,5.395797e-13,2.6378745e-17
8.104256e-20,1.415715e-20,6.899657e-17,2.8551077e-24,7.9523645e-11,1.6602965e-15,1.38638705e-17,1.0648908e-18
1.2532145e-15,1.6478104e-14,1.0362474e-16,6.5942874e-15,6.5348256e-19,7.4443525e-19,7.033079e-26,1.1818616e-16
1.598693e-12,8.892001e-11,1.2434387e-14,5.1081225e-24,2.4314422e-12,4.2746262e-17,1.6097609e-15,1.1297456e-18
1.0827337e-18,4.6170436e-15,4.537734e-16,3.132579e-16,8.422487e-15,4.576116e-16,1.7666198e-13,7.256002e-18
5.9778957e-19,6.083066e-20,4.5125315e-16,2.38234e-24,2.9941755e-10,3.2023567e-15,3.279809e-17,2.6024113e-18
9.79488e-16,3.0984438e-14,1.688437e-16,2.482219e-15,2.6737776e-18,2.9460834e-19,2.0335292e-25,3.0026246e-16
4.7225825e-13,4.066228e-11,5.303006e-15,1.1738904e-24,9.353042e-13,1.8312775e-17,5.483793e-16,4.323575e-19
1.3371712e-18,7.595018e-15,7.4054185e-16,8.3863827e-16,2.2268694e-14,4.2116008e-16,1.4507953e-12,7.974299e-18
1.5328289e-18,1.0919331e-19,8.002373e-16,1.6439793e-23,6.4809713e-10,1.8349095e-14,7.336974e-17,4.194665e-18
5.237864e-16,1.2231389e-14,5.4719003e-17,9.879576e-16,4.903534e-19,9.4099285e-20,4.0649254e-26,1.1250076e-16
9.445458e-13,5.711193e-11,4.0011787e-15,8.5921e-25,1.1846331e-12,1.4391034e-17,2.4153483e-15,7.1236944e-19
2.509196e-18,2.0366497e-14,2.957507e-15,1.6070428e-15,4.293279e-14,1.0476673e-15,1.597102e-12,3.9755845e-17
1.9022443e-18,1.5113796e-19,9.24288e-16,1.0488266e-23,6.245553e-10,1.0449137e-14,1.2519237e-16,6.1195674e-18
1.9183882e-15,1.835599e-14,9.5346753e-17,8.5505215e-15,4.046776e-19,1.1716034e-18,1.4656796e-25,1.0935647e-16
4.683769e-12,1.8788103e-10,1.3190821e-14,6.414333e-24,4.9941266e-12,3.7700427e-17,4.7790755e-15,1.9012213e-18
2.8082476e-18,1.4843827e-14,2.3736514e-15,1.5094122e-15,5.848718e-14,1.0706764e-15,2.7817824e-12,3.357177e-17
3.3780125e-18,2.8120517e-19,1.4309427e-15,5.726768e-23,1.2362575e-09,2.809175e-14,2.4019782e-16,9.673041e-18
2.1850507e-15,4.7796792e-14,3.356436e-16,9.70029e-15,4.340367e-18,1.0178601e-18,4.54766e-25,4.0245518e-16
3.1033028e-12,1.759443e-10,9.4316585e-15,5.870807e-24,4.0910734e-12,5.313733e-17,5.3446597e-15,1.7360945e-18
5.297034e-18,3.5663614e-14,8.207162e-15,3.1388246e-15,9.816061e-14,2.0042358e-15,4.10783e-12,1.00583005e-16
8.6018065e-18,1.5770459e-18,4.048544e-15,1.926926e-22,2.7531615e-09,4.71618e-14,8.0439357e-16,2.2676836e-17
3.2348192e-15,4.3368585e-14,2.787428e-16,1.2650163e-14,1.9177268e-18,2.1331857e-18,8.461442e-25,4.0169598e-16
6.232683e-12,4.6475468e-10,2.3279286e-14,2.126169e-23,1.2100164e-11,1.10465014e-16,7.767658e-15,3.592009e-18
1.143639e-17,9.3413416e-14,1.2768922e-14,9.14207e-15,2.229616e-13,7.361372e-15,8.009857e-12,3.642418e-16
9.412271e-18,9.170518e-19,3.0586605e-15,2.697674e-22,1.5412085e-09,8.302041e-14,6.2258145e-16,2.2370276e-17
4.5452724e-15,7.714302e-14,4.8984e-16,1.6034584e-14,6.7431408e-18,2.4531468e-18,2.6148223e-24,9.419177e-16
7.2600944e-12,4.2239784e-10,3.1854656e-14,9.998514e-23,2.0393581e-11,2.9275023e-16,1.8626856e-14,7.194319e-18
1.7846981e-17,9.509789e-14,1.6763571e-14,7.0537533e-15,2.3274858e-13,5.6761804e-15,7.0531046e-12,3.709034e-16
4.3471935e-18,4.006333e-19,1.840615e-15,1.4384129e-23,6.844356e-10,1.6388305e-14,3.0312233e-16,9.82447e-18
1.1588046e-14,1.1969952e-13,1.0309684e-15,5.757548e-14,1.5831648e-17,1.38366074e-17,9.387751e-24,2.462423e-15
1.7841454e-11,5.785035e-10,7.4043954e-14,1.4119166e-22,2.3828191e-11,3.2489158e-16,1.7744537e-14,1.1675306e-17
5.945424e-18,2.2525864e-14,2.6185674e-15,2.4663056e-15,8.435192e-14,2.0419735e-15,3.3642238e-12,8.814636e-17
1.4590584e-17,1.5006544e-18,5.060975e-15,7.079631e-23,1.1994156e-09,5.2520044e-14,8.981432e-16,3.291189e-17
9.344741e-15,2.2025353e-13,1.6194741e-15,3.079296e-14,4.020361e-17,5.4744447e-18,8.495374e-24,2.4912025e-15
5.3838544e-12,1.4171107e-10,1.3072701e-14,1.8544776e-23,4.5217337e-12,1.04193536e-16,1.0955365e-14,4.2896362e-18
2.6880041e-17,6.554777e-14,7.625064e-15,9.59789e-15,2.2369086e-13,4.8585962e-15,7.9528155e-12,2.8960679e-16
6.3413824e-20,2.0429121e-19,2.754249e-16,5.9535534e-24,3.2716715e-11,1.0117867e-17,2.5122153e-16,8.745239e-17
5.1882115e-15,5.5993103e-14,4.945376e-16,2.035376e-14,4.5786957e-18,5.263818e-18,1.9429114e-24,6.859142e-16
1.1364689e-11,2.5101538e-10,4.1627844e-14,9.254208e-23,9.906466e-12,3.1108818e-16,2.7946868e-14,1.9267472e-17
1.2986693e-17,2.1129892e-16,4.489661e-16,4.189202e-15,2.9658677e-15,2.7166424e-16,4.363445e-13,5.750224e-19
3.39506e-21,1.33469316e-20,5.104381e-17,2.6728182e-26,4.4111555e-11,2.9896249e-19,1.4925491e-16,7.557349e-18
1.6463747e-14,1.6783031e-13,1.4726759e-15,6.0844775e-14,1.6957107e-17,1.7344603e-17,8.252646e-24,1.9678712e-15
4.5359e-16,4.0071575e-12,8.834709e-15,1.4951252e-23,1.3434397e-14,4.334443e-18,5.46122e-18,5.0198204e-18
2.9273301e-19,3.0771217e-19,4.5375237e-17,1.3016265e-15,1.8469926e-17,2.890282e-18,8.38274e-15,2.1560574e-20
1.5756003e-21,5.3108247e-21,1.6919048e-17,6.473886e-27,2.0700514e-11,1.2948688e-19,7.586208e-17,3.9949502e-18
5.4535495e-14,1.446722e-16,1.3634775e-17,2.093348e-17,7.299582e-20,2.9453881e-18,3.2393225e-25,2.4361022e-16
1.1089135e-18,1.8267217e-13,3.1265262e-16,1.3199109e-24,5.71524e-17,1.7366424e-20,3.2569859e-21,2.4371863e-19
2.0754238e-19,1.244736e-19,1.5378487e-17,6.9551283e-16,1.06487104e-17,1.1235183e-18,3.1015935e-15,8.461491e-21
2.3754118e-20,1.3871097e-20,2.8500456e-18,1.3444747e-26,2.4590477e-12,2.1697808e-18,1.0998484e-16,4.5141107e-18
5.122254e-15,1.196284e-19,3.063477e-19,4.101354e-20,1.062131e-20,1.6993741e-19,6.481966e-27,2.6230537e-17
7.1150044e-19,1.1226321e-13,1.3820841e-16,3.711324e-25,2.9082777e-17,7.915582e-21,1.8242943e-21,1.2096883e-19
6.582716e-18,1.318641e-19,1.8076645e-18,1.2124535e-15,2.7489067e-16,2.1850474e-18,3.5944388e-16,2.5438589e-21
8.759778e-21,2.084953e-20,2.6900253e-17,3.2143574e-26,2.3694812e-11,7.2730977e-19,1.899853e-16,1.3173251e-17
2.570919e-15,4.658448e-20,1.4140478e-19,2.3047885e-20,3.2008935e-21,6.130239e-20,1.8912016e-27,1.1443766e-17
1.6624993e-18,1.969935e-13,3.1933996e-17,3.7310126e-25,2.6225435e-17,1.1020888e-20,8.729589e-21,1.5036391e-19
1.5656987e-18,3.2666947e-19,2.3146337e-17,2.0127021e-15,5.70927e-17,3.3678475e-18,3.4621375e-15,1.706799e-20
4.1460582e-21,7.386244e-21,3.1034826e-18,4.6958455e-27,5.8312136e-12,2.6800256e-19,7.047372e-17,4.321417e-18
4.305791e-15,1.4594014e-20,9.411369e-19,1.4239537e-19,5.7563385e-22,1.0294689e-19,7.60596e-27,6.264979e-17
1.8661348e-18,2.5115869e-13,2.48076e-16,1.3416992e-24,6.363371e-17,2.7106537e-20,7.025615e-21,4.0417464e-19
1.5953799e-18,8.6469674e-20,3.0052801e-18,7.348462e-16,4.3004356e-17,7.4979327e-19,7.0642516e-16,2.466129e-21
1.1000386e-21,2.8090791e-21,3.6498e-18,2.4105842e-27,6.685571e-12,9.415638e-20,3.254608e-17,2.2090423e-18
7.468545e-15,9.0974125e-20,6.72277e-19,1.00038325e-19,5.8409045e-21,1.7496231e-19,1.11187395e-26,5.315923e-17
9.898725e-19,1.5890217e-13,1.02578555e-16,1.4771245e-25,2.3051613e-17,8.183783e-21,3.037953e-21,1.8361653e-19
2.9296649e-19,5.728175e-20,3.5420312e-18,4.1656477e-16,1.0977771e-17,4.722199e-19,7.5063583e-16,1.6211627e-21
3.1015827e-22,1.2526753e-21,3.8014653e-18,1.1163699e-27,6.2402366e-12,3.305452e-20,1.6663224e-17,1.4437656e-18
3.1764299e-15,1.4618585e-20,2.1676534e-19,3.8245452e-20,7.001186e-22,3.397005e-20,2.4240009e-27,1.6641564e-17
3.7526346e-19,7.8211966e-14,6.7549614e-17,8.0713123e-26,1.2409445e-17,3.4586817e-21,9.56361e-22,7.3979215e-20
9.691869e-20,3.8598677e-20,3.6794218e-18,2.4455718e-16,3.2627358e-18,2.982062e-19,6.453703e-16,1.3973962e-21
3.4844372e-22,1.3350234e-21,4.907878e-18,1.4429715e-27,8.262399e-12,3.7693183e-20,1.7517755e-17,1.194816e-18
1.5539197e-15,1.06896785e-20,8.07263e-20,1.2758342e-20,6.3710295e-22,1.8790694e-20,6.7973415e-28,7.167775e-18
2.0967665e-19,4.6173985e-14,4.9188454e-17,4.2514337e-26,7.176147e-18,1.9539593e-21,5.3213876e-22,4.217267e-20
6.961671e-20,4.5669685e-20,4.6442754e-18,2.3611875e-16,3.2499537e-18,3.4245373e-19,1.0246598e-15,1.3921714e-21
5.853995e-22,1.8326645e-21,4.6865254e-18,3.9120475e-27,7.869598e-12,5.841666e-20,1.847352e-17,1.9084879e-18
8.599551e-16,9.649403e-21,3.7137127e-20,5.987909e-21,4.9118574e-22,1.0381919e-20,2.3446312e-28,2.9291524e-18
1.999993e-19,4.9353174e-14,6.419839e-17,4.692929e-26,7.97722e-18,1.9819682e-21,4.796336e-22,4.202685e-20
1.281625e-19,5.5525306e-20,6.945205e-18,2.3639723e-16,8.1727835e-18,4.477169e-19,1.8961832e-15,1.4578593e-21
1.0060961e-21,1.2166151e-21,1.4875164e-19,2.1977511e-28,8.817495e-13,4.6337592e-20,1.2998934e-17,5.204217e-19
9.373583e-16,1.16944105e-20,3.5471117e-20,5.561049e-21,6.618962e-22,1.3688172e-20,2.7762685e-28,3.0095596e-18
3.2292027e-19,1.023161e-13,1.1766479e-16,7.543493e-26,1.496425e-17,2.5626568e-21,7.7087705e-22,4.8603446e-20
5.38593e-19,8.346054e-21,1.3355749e-19,1.154889e-16,1.6890997e-17,8.2183257e-20,6.8235154e-17,9.606385e-23
2.077813e-22,7.3111124e-22,2.1610495e-18,9.0149175e-27,2.8102655e-12,1.3541712e-20,4.7185637e-18,2.9516869e-18
1.6958093e-15,2.4358094e-20,8.1430865e-20,8.563226e-21,8.2877994e-22,1.6786653e-20,7.3916575e-28,5.1086836e-18
2.2501285e-19,5.6715405e-14,1.453786e-17,4.6138995e-27,3.770185e-18,7.3897627e-22,4.3444663e-22,2.642211e-20
9.5609936e-20,5.5242624e-20,1.1582018e-17,1.04181214e-16,1.5235372e-17,2.6014474e-19,5.9170147e-15,2.3020622e-22
5.333741e-23,1.5269954e-22,1.9571168e-19,7.893838e-29,8.82638e-13,5.5106623e-21,2.032311e-18,1.9285246e-19
6.935919e-16,5.4685267e-22,2.970763e-20,5.4275254e-21,2.8035416e-23,2.8921857e-21,1.7556322e-28,2.6158778e-18
3.3284442e-19,3.0557599e-13,3.0896768e-16,2.2325247e-26,1.8982437e-17,6.176804e-22,5.596714e-22,4.1760924e-20
3.4307077e-20,3.942502e-21,2.8089107e-19,2.9900273e-17,1.4300348e-18,3.3223157e-20,1.1589096e-16,6.5284336e-23
1.0865713e-22,3.3711697e-22,7.6947375e-19,2.4682942e-28,2.459254e-12,1.1774177e-20,4.6681297e-18,3.4630681e-19
2.1186399e-15,4.6108013e-20,1.0547388e-19,2.0452572e-21,4.2428716e-22,6.830507e-21,6.504156e-28,2.0252992e-18
4.1487337e-20,2.0421576e-14,1.3418422e-17,1.5206494e-27,1.3827736e-18,2.1264542e-22,8.4480345e-23,5.915507e-21
3.379697e-20,1.0225409e-20,8.692878e-19,6.465921e-17,1.7468764e-18,8.5014534e-20,2.8199302e-16,1.8633355e-22
8.1262005e-21,1.899907e-20,8.589477e-18,1.034675e-24,2.1654547e-12,1.0728136e-17,7.615024e-18,7.241319e-18
2.4427e-16,1.0969795e-21,7.410034e-21,8.955029e-22,2.31513e-23,9.595915e-22,2.2316102e-29,4.8933503e-19
7.0413956e-20,2.8260604e-14,2.3371343e-17,5.469535e-27,2.6087527e-18,4.4967944e-22,1.3696516e-22,1.1830411e-20
1.6964417e-17,2.486996e-15,3.041368e-17,5.546402e-16,3.7817137e-15,1.7493122e-16,1.0828729e-13,3.2188227e-19
1.308189e-20,1.0187098e-20,4.331815e-18,1.20974995e-24,1.7445975e-12,2.3060583e-17,4.971853e-18,4.063113e-18
3.866227e-16,2.3705314e-21,1.2061995e-20,1.5699247e-21,9.095316e-23,2.778164e-21,5.3516393e-29,9.551666e-19
2.6497376e-15,1.5955219e-12,3.3781465e-15,2.9355178e-25,5.7318645e-14,3.3234234e-17,6.713961e-17,9.268782e-19
4.069071e-17,1.9193254e-15,3.0517234e-17,4.2236837e-16,4.4549113e-15,1.4526282e-16,2.0501428e-14,4.076555e-19
7.6976623e-22,1.9221183e-21,1.0161725e-18,5.4327106e-26,8.318085e-13,3.7252353e-19,1.8913834e-18,1.793303e-18
8.367724e-15,7.2907477e-16,3.2191808e-18,3.62927e-16,2.209098e-21,2.2028394e-19,5.3274674e-27,3.7198292e-17
5.830371e-15,3.7097703e-12,2.4514012e-15,2.3409346e-25,8.814717e-14,3.5559098e-17,8.588236e-17,1.1582366e-18
1.9877028e-18,2.1768039e-17,5.9630722e-18,1.2083804e-16,3.0603983e-16,5.500359e-18,1.0888329e-14,6.4422975e-21
2.9134653e-23,4.7361164e-23,1.1601015e-20,3.8396848e-30,1.40346e-13,2.0083551e-21,7.606194e-19,3.8118586e-20
5.1834245e-15,3.4923655e-16,3.9893457e-18,3.8208343e-16,1.434294e-21,9.860467e-20,8.300403e-27,5.922496e-17
5.422611e-17,5.2929574e-13,6.292382e-16,2.0643855e-26,1.5885143e-15,2.44471e-19,4.3150396e-19,1.1564921e-19
3.4721145e-20,5.668954e-22,1.085135e-20,9.831406e-18,9.265813e-19,5.443637e-21,7.283735e-18,4.6552587e-24
1.7629318e-23,4.1487596e-23,3.0578127e-20,1.4185086e-29,2.456098e-13,1.6693413e-21,5.2333024e-19,5.893167e-20
2.10334e-15,6.215961e-18,3.5802698e-19,2.2402462e-18,2.2641512e-22,1.5271425e-20,6.1941513e-28,4.815724e-18
1.4621653e-20,7.44951e-15,1.686472e-18,7.972399e-29,2.6507838e-19,3.9975624e-23,2.3986826e-23,1.8807682e-21
1.6644775e-20,8.457679e-22,4.6767338e-20,7.949697e-18,8.2648914e-19,8.652804e-21,3.044328e-17,8.5359475e-24
4.2531518e-19,4.097851e-20,2.1569339e-16,5.1966453e-24,1.3447576e-10,3.0845675e-15,4.4169512e-17,4.0680445e-18
7.150465e-17,3.8115478e-23,1.4649728e-21,2.6883564e-22,1.0731168e-24,1.4316148e-22,2.3746746e-30,1.411671e-19
1.4161849e-20,1.06345994e-14,3.994569e-18,1.9924604e-28,4.6226735e-19,4.5822835e-23,2.529091e-23,1.4287131e-21
4.4426175e-18,8.944579e-15,9.699619e-16,8.062583e-16,2.1829775e-14,6.63863e-16,4.779965e-13,1.8494744e-17
9.649219e-21,1.6041722e-20,8.26644e-18,1.3214777e-24,2.677021e-12,1.7366185e-17,7.036998e-18,5.9221318e-18
1.00604485e-16,2.0745262e-22,2.775844e-21,2.7698663e-22,2.92949e-24,1.9551066e-22,4.6800293e-30,1.7306845e-19
9.419659e-13,6.146846e-11,8.538396e-15,3.6716154e-24,1.595683e-12,5.343166e-17,1.6059213e-15,1.729392e-18
2.7084047e-17,2.4641052e-15,4.4614883e-17,6.1060255e-16,3.843803e-15,1.8445503e-16,5.6021838e-14,5.181179e-19
7.557416e-23,1.4888198e-22,3.7627383e-20,3.710113e-29,2.6600299e-13,5.5753225e-21,1.3309422e-18,1.2661284e-19
2.3751187e-15,1.6286531e-14,1.1484924e-16,2.9824892e-15,7.340186e-19,4.839552e-19,1.6365379e-25,3.0513983e-16
4.5238403e-15,2.6414556e-12,3.6147224e-15,3.2340132e-25,7.9679746e-14,3.9477774e-17,8.0392684e-17,1.2906283e-18
1.0565347e-19,1.4303492e-21,4.9518036e-20,1.6104902e-17,3.5383846e-18,2.2935532e-20,3.3087115e-17,1.6730689e-23
4.423109e-23,1.4057737e-22,1.6724471e-19,3.5394584e-29,8.076201e-13,5.4132375e-21,2.1968486e-18,1.3515141e-19
6.645019e-15,6.701503e-16,3.979512e-18,4.7645836e-16,2.4448755e-21,1.7311138e-19,7.640566e-27,4.787829e-17
4.0848347e-20,2.3558637e-14,7.72041e-18,4.530822e-28,8.0150694e-19,1.429672e-22,1.0508655e-22,4.469673e-21
3.9023586e-20,2.8725806e-21,1.7557877e-19,3.356921e-17,9.816898e-19,3.067779e-20,6.3909814e-17,6.439195e-23
6.552785e-23,1.4710312e-22,9.594827e-20,4.85343e-29,5.5236284e-13,6.0556277e-21,1.7549985e-18,1.4928656e-19
2.4799558e-16,4.2082634e-22,1.0160667e-20,1.322776e-21,4.157233e-24,5.846229e-22,2.7351022e-29,4.481509e-19
3.3181866e-20,1.494599e-14,9.430888e-18,8.681902e-28,8.1125816e-19,2.0916984e-22,8.336277e-23,6.4576266e-21
5.2177516e-20,2.4326138e-21,1.1624232e-19,2.3112899e-17,1.9538132e-18,2.774014e-20,5.6672605e-17,3.5070383e-23
1.222201e-22,4.6215385e-22,1.2149935e-18,1.3802746e-27,2.3505922e-12,1.3996964e-20,3.6262767e-18,9.375357e-19
2.269208e-16,8.1418665e-22,5.321634e-21,1.176057e-21,1.4962778e-23,1.0122478e-21,1.5257903e-29,3.4575372e-19
4.2646036e-20,2.0603702e-14,8.814698e-18,7.9791576e-28,1.0177864e-18,1.7925949e-22,9.449951e-23,5.0629096e-21
7.133317e-20,1.5956949e-20,2.7541098e-18,5.852381e-17,5.1710133e-18,1.7392753e-19,1.0267257e-15,2.5828927e-22
9.069613e-22,5.3507636e-21,2.0091176e-17,2.240801e-26,1.6157934e-11,1.2448737e-19,3.486959e-17,5.320079e-18
2.4124464e-16,6.1184577e-22,8.091957e-21,1.127032e-21,1.0244563e-23,7.662301e-22,2.1647337e-29,4.666756e-19
1.3157667e-19,8.5232684e-14,8.244966e-17,1.15947854e-26,5.622104e-18,7.103277e-22,3.7321714e-22,1.7728548e-20
4.1591944e-19,1.4541229e-19,3.417937e-17,4.2807153e-16,1.7628632e-17,1.8609099e-18,7.001371e-15,7.2919525e-21
1.5079228e-21,6.6814226e-21,6.90732e-17,2.8968045e-26,3.5483796e-11,2.3919988e-19,5.496922e-17,5.9952773e-18
1.0214517e-15,1.8105473e-20,5.662757e-20,3.1075413e-21,1.553446e-22,4.7624088e-21,2.543491e-28,1.6100349e-18
7.730573e-19,2.610108e-13,6.513432e-16,3.1524642e-25,2.8779503e-17,1.1050905e-20,3.811624e-21,1.9095137e-19
2.095855e-19,1.8709808e-19,6.43082e-17,4.721936e-16,2.2490154e-17,5.1899454e-18,1.1563141e-14,1.5281331e-20
6.842213e-22,3.4428327e-21,1.7746032e-17,4.4104967e-27,1.8427404e-11,1.01822844e-19,4.223408e-17,2.329034e-18
5.184868e-15,3.2198422e-19,3.8903364e-19,3.8582634e-20,3.1382522e-21,7.864539e-20,6.1029172e-27,9.666401e-18
1.0678033e-18,3.1034726e-13,4.9272796e-16,9.493118e-25,5.206724e-17,1.6362549e-20,6.3807618e-21,1.6445407e-19
1.4999725e-19,1.1362106e-19,1.4081443e-17,5.1850037e-16,5.263637e-18,1.0153665e-18,2.4047024e-15,6.359863e-21
4.346263e-19,2.4723105e-19,3.837955e-16,8.573083e-24,1.332858e-10,1.8097441e-15,7.6153185e-17,9.962713e-18
5.888306e-15,7.829012e-19,6.0221153e-19,8.32177e-20,7.023686e-21,1.8530317e-19,1.1706515e-26,2.2493329e-17
4.3962706e-19,8.377199e-14,1.7395766e-16,1.5834544e-25,1.4136449e-17,7.125644e-21,1.6770963e-21,1.1978868e-19
1.7166287e-17,1.9008263e-14,7.3988963e-16,4.2302325e-15,3.293404e-14,8.2418254e-16,1.3967818e-12,1.3493518e-17
2.1169332e-17,2.4509676e-18,7.8828215e-15,1.2059592e-22,1.800859e-09,5.6368894e-14,9.73435e-16,5.5242284e-17
2.178318e-15,6.579898e-20,9.3686664e-20,2.0911659e-20,2.2349592e-21,4.823993e-20,1.1567301e-27,5.599438e-18
2.843548e-13,2.4061893e-11,1.5384642e-14,2.9121753e-24,7.554587e-13,5.4782915e-17,2.2130688e-15,5.0038376e-18
3.8257623e-17,9.9288904e-14,9.796006e-15,1.5777954e-14,2.7763956e-13,5.635726e-15,1.1870744e-11,2.598218e-16
3.8520408e-21,1.8579005e-20,1.4715353e-16,6.038173e-26,7.6843566e-11,4.1370412e-19,1.7364737e-16,1.1204713e-17
9.669145e-15,1.9740713e-14,9.483601e-17,1.2112614e-14,3.8045244e-19,2.8693107e-18,1.9348338e-25,1.7621984e-16
1.13886236e-11,2.765412e-10,5.2342042e-14,8.357514e-23,9.522596e-12,3.44162e-16,3.7628148e-14,2.40359e-17
1.6503036e-19,4.2660537e-19,8.881668e-17,1.4642789e-15,1.6875411e-17,6.385349e-18,1.04142786e-14,5.159245e-20
3.7159997e-17,4.248986e-18,1.0404708e-14,2.7040928e-22,2.9493876e-09,9.0836735e-14,3.2402782e-15,9.297298e-17
3.0104035e-14,1.7890711e-13,1.7422806e-15,1.2664824e-13,1.5455e-17,3.4074706e-17,1.09653086e-23,1.9760933e-15
1.6677715e-18,1.7395295e-13,2.2033889e-16,3.449216e-24,7.5293255e-17,2.545627e-20,5.7910967e-21,1.6398299e-19
4.772931e-17,1.0973754e-13,2.0085997e-14,1.7822857e-14,5.923016e-13,1.11571315e-14,1.8826584e-11,8.592469e-16
1.3779832e-16,1.203554e-17,3.2772376e-14,1.5749754e-21,5.9558016e-09,3.7546222e-13,5.4360165e-15,2.356122e-16
5.834153e-15,2.3144638e-19,5.745444e-19,8.9022787e-20,2.1202759e-20,2.7204546e-19,1.2118548e-26,4.1092844e-17
2.58173e-11,6.0482275e-10,7.545668e-14,4.0941283e-22,2.5230021e-11,9.242986e-16,5.4174093e-14,2.8858217e-17
2.2064422e-16,4.5106884e-13,7.151471e-14,7.278764e-14,1.2212729e-12,2.0210587e-14,3.7765242e-11,2.7174939e-15
1.25958564e-20,3.1360863e-21,6.3499646e-16,2.4717574e-24,1.7186249e-12,3.8680544e-17,4.6427547e-17,1.2525481e-18
2.8620633e-14,3.422687e-13,3.5280923e-15,1.2853817e-13,4.5442795e-17,4.2730126e-17,4.5842594e-23,5.1013694e-15
4.8093616e-11,1.0067644e-09,2.3640391e-13,1.4434054e-21,5.3414093e-11,2.1882455e-15,1.4383709e-13,1.3093198e-16
2.5567618e-19,4.8432848e-18,3.0310846e-16,2.4051335e-15,6.401571e-17,3.6945297e-17,1.2370847e-14,1.1976629e-19
1.3119221e-20,5.5584224e-20,3.406952e-16,7.5612727e-25,1.08418476e-10,7.78461e-19,3.6747693e-16,5.3954364e-17
1.1466751e-13,7.977803e-13,9.098095e-15,4.4895736e-13,1.5177025e-16,1.4948739e-16,1.2067691e-22,1.3488239e-14
3.504172e-18,8.4141895e-14,8.626056e-18,2.739172e-23,2.422793e-17,4.7398806e-21,5.707737e-20,1.0024609e-20
1.0223858e-18,1.1712058e-18,5.92329e-16,2.2406681e-15,1.572212e-16,1.856437e-17,1.223396e-13,1.3873062e-19
1.4683214e-17,1.8203416e-18,4.3486434e-15,2.7707117e-22,8.589479e-10,4.5323673e-14,1.5188038e-15,8.754652e-17
1.8949681e-15,5.1778826e-18,3.4022863e-18,3.5744702e-19,3.6021732e-20,7.830331e-18,2.2190076e-26,2.353749e-17
6.804329e-18,1.1598075e-12,2.188279e-15,2.4454699e-23,4.620724e-16,7.9765724e-20,2.5118845e-20,6.7121354e-19
1.3354749e-16,1.04162305e-13,1.5489878e-14,1.6739065e-14,3.3775437e-13,7.069755e-15,7.001729e-12,5.528342e-16
1.6332802e-20,7.2808664e-20,4.0225412e-16,3.858489e-25,1.5933795e-10,9.977084e-19,6.377931e-16,4.047691e-17
2.7574902e-14,3.0020144e-18,3.6347387e-18,2.395542e-19,8.7273965e-20,1.1055386e-18,1.9747194e-25,1.4442186e-16
8.677155e-12,3.3996986e-10,1.1303778e-13,3.4500485e-22,1.42444025e-11,1.2218325e-15,2.493129e-14,5.0017405e-17
7.025623e-19,1.2464568e-18,3.829838e-16,3.9178814e-15,8.2087505e-17,1.7714718e-17,5.9226854e-14,1.826622e-19
3.0604387e-20,1.401348e-19,5.917937e-16,4.3737254e-25,1.8945828e-10,1.9798932e-18,1.2491956e-15,7.0442e-17
4.0888303e-14,2.2050403e-13,1.8073915e-15,5.1515517e-14,2.0085813e-17,2.0370777e-17,1.6904997e-23,4.596062e-15
5.3976157e-18,5.634861e-13,1.0061145e-15,2.4011452e-23,3.0601882e-16,8.069274e-20,1.653832e-20,6.823457e-19
1.8536336e-18,2.144273e-18,4.104336e-16,7.8639e-15,1.0648593e-16,3.0683223e-17,4.6511904e-14,4.669018e-19
1.4647724e-20,6.356447e-20,1.7506272e-16,1.3207867e-25,9.517516e-11,9.998917e-19,6.3348673e-16,3.0569545e-17
1.8186275e-14,9.480734e-19,1.9997044e-18,2.2120177e-19,1.04633914e-19,1.1660434e-18,1.00044135e-25,1.3953171e-16
8.837155e-18,6.027926e-13,1.1491679e-15,4.1758627e-23,3.902337e-16,1.963728e-19,3.879871e-20,1.5585836e-18
1.3754295e-18,9.950934e-19,1.5277633e-16,4.198369e-15,6.002169e-17,9.841424e-18,2.2216216e-14,1.5200178e-19
6.9076496e-21,2.3302313e-20,6.558332e-17,5.329035e-26,5.3286795e-11,4.8983366e-19,2.810812e-16,1.4633225e-17
2.5710774e-14,1.4958134e-18,3.3137625e-18,4.986799e-19,1.5199887e-19,2.2482335e-18,1.5698795e-25,2.2346407e-16
5.3418182e-18,4.609772e-13,9.018236e-16,9.220198e-24,1.9871212e-16,8.6298e-20,1.9061938e-20,9.633819e-19
8.2209945e-19,5.153976e-19,7.564679e-17,2.3509247e-15,4.0684346e-17,3.8145537e-18,1.3321107e-14,4.2789924e-20
1.4356905e-20,5.751581e-20,1.8207949e-16,1.5913081e-25,9.0735565e-11,1.1259809e-18,5.431578e-16,3.624329e-17
1.5805242e-14,5.9626596e-19,1.3011926e-18,2.3401831e-19,4.713198e-20,6.9506095e-19,5.3658756e-26,7.99035e-17
2.7884674e-18,3.404223e-13,6.146783e-16,2.6830672e-24,1.0977024e-16,3.4560588e-20,7.441278e-21,5.2317654e-19
1.74263e-18,1.1232953e-18,1.6517232e-16,4.8006e-15,7.336443e-17,1.1321535e-17,1.918854e-14,1.3472571e-19
2.6617852e-21,1.1034266e-20,5.8685884e-17,7.914535e-26,3.6393787e-11,2.47738e-19,9.2751226e-17,1.283451e-17
8.48437e-15,2.478902e-19,5.47536e-19,9.023965e-20,1.8459472e-20,2.7618413e-19,1.5422596e-26,3.7718695e-17
4.8259673e-18,4.5294134e-13,9.016895e-16,1.0103912e-23,1.8759649e-16,9.401137e-20,1.896041e-20,1.0743448e-18
4.528752e-19,3.8154104e-19,1.08633e-16,9.675007e-16,3.302911e-17,3.2464843e-18,2.1740646e-14,2.4904358e-20
5.1204625e-20,1.293743e-19,9.185653e-17,9.698506e-24,1.5427805e-11,2.0873833e-17,1.03887545e-16,5.785125e-17
1.4540684e-14,6.6703e-19,1.5671567e-18,2.5044992e-19,4.7920618e-20,7.5981037e-19,4.7833348e-26,9.934749e-17
1.804337e-18,3.930032e-13,8.7847984e-16,1.9056882e-24,9.983072e-17,2.1839286e-20,5.8539536e-21,2.6711153e-19
4.3469638e-17,1.2736298e-15,3.6071584e-16,3.567952e-15,7.397319e-15,2.8962336e-16,5.002094e-13,1.1161322e-18
3.6164635e-21,1.5164088e-20,7.515695e-17,6.1788184e-26,4.9115382e-11,3.4473042e-19,1.5433386e-16,1.2174206e-17
8.084855e-15,5.7694054e-19,6.1773083e-19,5.6704523e-20,1.3650627e-20,1.689304e-19,1.4786515e-26,2.6684296e-17
1.8542798e-15,5.619912e-12,1.6880394e-14,7.2948074e-24,5.366461e-14,2.3349868e-17,3.0763386e-17,5.172631e-18
5.035218e-19,4.261272e-19,1.0480704e-16,1.3939613e-15,3.1431828e-17,3.9499293e-18,1.8723458e-14,3.6392997e-20
5.586372e-21,3.175089e-20,1.8305311e-16,5.219288e-26,7.0595016e-11,4.330458e-19,3.1407754e-16,1.4444493e-17
5.0660668e-14,8.3164236e-16,1.4498483e-17,1.3762706e-16,3.7305238e-20,1.6933375e-18,1.5413252e-25,1.8204406e-16
1.8517679e-18,3.3792131e-13,7.7656394e-16,2.2784796e-24,9.248306e-17,2.8403615e-20,6.229529e-21,3.5438403e-19
4.8892263e-19,6.3871247e-19,9.4347784e-17,2.0379579e-15,2.2269894e-17,8.507399e-18,1.4312793e-14,9.211464e-20
2.0644776e-21,1.0135968e-20,6.5024066e-17,7.943178e-26,3.479854e-11,2.6435935e-19,7.419101e-17,1.08475175e-17
8.465004e-15,4.7007754e-19,5.797623e-19,7.1879203e-20,1.6931547e-20,2.4348258e-19,1.5417243e-26,3.066602e-17
2.6813974e-18,2.2165688e-13,4.512497e-16,4.2033822e-24,9.039275e-17,5.0399233e-20,1.2514102e-20,5.077808e-19
5.1867166e-19,3.4727252e-19,1.1628907e-16,7.75303e-16,3.3600083e-17,4.1043478e-18,2.2682927e-14,2.410988e-20
1.1659088e-20,4.1095916e-20,1.4721303e-16,1.2797456e-24,4.4230855e-11,9.613884e-19,1.6323307e-16,6.558432e-17
8.2170615e-15,4.066196e-19,5.625619e-19,1.2622414e-19,2.5252873e-20,4.950238e-19,2.1964458e-26,3.791995e-17
1.5564269e-18,4.38533e-13,1.2256463e-15,1.5330753e-24,8.082781e-17,2.5322422e-20,7.301361e-21,2.9481968e-19
2.4649569e-18,4.273092e-18,5.771836e-16,2.621346e-15,3.4673564e-16,1.7028151e-17,1.7025002e-13,4.158955e-20
2.370906e-18,7.0254884e-19,1.1502599e-15,1.6098228e-22,1.8578887e-10,5.740023e-15,4.4022512e-16,7.858703e-17
9.628437e-15,1.1005146e-18,7.5107e-19,7.633281e-20,1.1440169e-20,1.9829608e-19,1.9255113e-26,2.3865236e-17
1.758665e-17,3.3254228e-12,7.138344e-15,4.4594646e-24,7.598173e-16,7.945081e-20,6.094587e-20,2.0404364e-18
1.9961545e-16,5.4162312e-14,5.2788067e-15,1.1113125e-14,1.03760574e-13,5.246266e-15,1.5941803e-12,1.2557932e-16
3.3772408e-17,2.6345446e-18,9.862222e-15,2.5829323e-22,2.520143e-09,1.349424e-13,1.6101294e-15,6.2583625e-17
3.73857e-14,6.4415458e-18,4.1020627e-18,2.5285947e-19,4.527886e-20,5.9831204e-19,1.2124565e-25,6.632906e-17
1.003613e-12,1.2448177e-10,7.341339e-14,1.0156937e-22,4.0400036e-12,8.878489e-16,6.5402e-15,3.8980797e-17
5.877438e-17,1.2640015e-13,2.230623e-14,1.9886362e-14,4.539273e-13,7.886431e-15,1.433984e-11,6.350134e-16
1.3918078e-17,1.0281822e-18,4.2675595e-15,1.2115939e-22,1.892518e-09,9.1726045e-14,8.1795277e-16,2.79278e-17
4.7278702e-14,6.605847e-14,4.670842e-16,1.9146058e-14,2.022327e-18,9.135397e-18,4.6025853e-24,2.171523e-15
2.4036573e-11,6.0877287e-10,1.03797186e-13,2.4667393e-22,2.1241797e-11,5.9793644e-16,4.877661e-14,4.1205708e-17
2.2502425e-17,7.4347504e-14,1.426638e-14,9.55001e-15,2.6316435e-13,4.236466e-15,7.706148e-12,3.9997576e-16
1.077592e-17,1.248284e-18,4.4278368e-15,5.50824e-23,1.5950404e-09,2.538585e-14,6.774965e-16,3.74513e-17
3.1479813e-14,3.8129707e-13,3.2134683e-15,1.1918193e-13,4.6827393e-17,3.247328e-17,2.4409125e-23,4.047525e-15
1.9414092e-11,4.966035e-10,6.508943e-14,1.1419795e-22,1.7589959e-11,3.0269133e-16,2.445938e-14,1.6276042e-17
1.5260731e-17,4.9696063e-14,7.576122e-15,7.436647e-15,2.1599919e-13,4.3932617e-15,9.744922e-12,1.33601e-16
2.0524283e-17,1.2818945e-18,7.266678e-15,1.4907863e-22,2.2906677e-09,9.7073466e-14,6.740936e-16,3.4636795e-17
1.2702969e-14,2.4641454e-13,1.9677886e-15,5.2625334e-14,3.4680556e-17,9.285987e-18,7.963787e-24,2.3705748e-15
5.7655647e-12,3.2055913e-10,2.6167663e-14,4.13809e-23,8.724984e-12,2.3925406e-16,2.101825e-14,1.0058563e-17
2.842707e-17,1.04085245e-13,1.5660096e-14,1.2228496e-14,2.4467792e-13,4.8270976e-15,7.782574e-12,3.4464812e-16
1.5305333e-17,1.093038e-18,5.7445575e-15,7.1751986e-23,1.8032168e-09,5.758723e-14,5.9620087e-16,2.6494415e-17
1.4793405e-14,1.01489665e-13,9.169238e-16,6.176488e-14,5.8391312e-18,1.9075716e-17,8.75913e-24,1.5936428e-15
1.5415332e-11,4.6534981e-10,5.84748e-14,9.8761876e-23,1.5775782e-11,3.055289e-16,3.2826362e-14,2.1695252e-17
2.002438e-17,7.370789e-14,8.3062185e-15,8.951508e-15,1.950512e-13,3.6868744e-15,6.632594e-12,2.1869427e-16
2.0190894e-18,2.4217186e-19,1.1081116e-15,4.9424897e-24,5.271576e-10,9.323625e-15,1.3353527e-16,6.3428888e-18
2.0098067e-14,1.9715249e-13,1.8541526e-15,8.013592e-14,2.4209174e-17,1.8415543e-17,8.7519826e-24,2.5924475e-15
9.911418e-12,2.8697056e-10,3.7316524e-14,5.6144165e-23,9.640194e-12,2.389695e-16,2.6108435e-14,1.402574e-17
4.5875594e-18,1.6496815e-14,1.2263291e-15,2.5970106e-15,6.094548e-14,8.78835e-16,3.0096433e-12,3.1917065e-17
2.125915e-18,3.201251e-19,6.591517e-16,6.5838546e-23,9.266544e-10,4.2751552e-14,4.366844e-16,6.906421e-18
1.7016585e-14,1.3650597e-13,1.2273774e-15,6.940029e-14,1.25674154e-17,1.8087553e-17,5.5302175e-24,1.6957188e-15
2.1922553e-12,6.9174146e-11,9.9823206e-15,4.3610495e-24,2.1298664e-12,4.086088e-17,6.612929e-15,2.6821439e-18
5.569762e-18,3.8012487e-14,5.897927e-15,2.7683656e-15,1.6237348e-13,3.3423067e-15,3.2493004e-12,2.4055728e-16
2.6706177e-18,4.0577978e-19,7.696365e-16,1.7226594e-22,1.0251223e-09,4.505845e-14,4.848207e-16,1.1391673e-17
5.2870492e-15,4.901807e-14,2.7630575e-16,2.4694702e-14,1.6607688e-18,4.36634e-18,4.0561598e-25,2.6527905e-16
1.0826488e-11,3.5918252e-10,5.5988935e-14,6.057423e-23,1.4586343e-11,1.701251e-16,6.0596665e-15,3.553345e-18
8.37822e-18,5.4062196e-14,1.0157406e-14,3.4682444e-15,2.027519e-13,4.1052303e-15,4.36846e-12,3.096851e-16
3.771868e-18,5.064943e-19,1.2040834e-15,1.7624619e-22,1.0694163e-09,4.676525e-14,4.872551e-16,1.3619649e-17
2.3247948e-15,2.1218651e-13,8.978281e-16,8.436121e-15,3.601616e-17,9.928411e-19,2.1828247e-24,1.2414049e-15
1.5281956e-11,5.235243e-10,8.303339e-14,1.0676505e-22,2.3922822e-11,2.282186e-16,6.4715058e-15,4.440483e-18
1.260222e-17,6.4167645e-14,1.0400185e-14,4.3601042e-15,2.033654e-13,4.7232895e-15,4.465501e-12,3.0334328e-16
4.964345e-19,6.4770956e-20,1.7909461e-16,2.844651e-23,3.5532105e-10,9.039009e-15,7.964788e-17,2.905737e-18
3.1075388e-15,2.4867093e-13,1.114666e-15,9.566126e-15,4.8277374e-17,1.0182834e-18,3.8600664e-24,1.6745125e-15
1.16348155e-11,4.4153664e-10,7.622058e-14,1.0521732e-22,1.8802326e-11,2.6300688e-16,8.54312e-15,6.892314e-18
2.2394428e-18,1.8407881e-14,2.4362336e-15,7.964245e-16,5.4504297e-14,1.2387935e-15,1.149014e-12,5.209724e-17
1.3750982e-19,2.7193327e-20,4.9998522e-17,2.3091235e-23,1.4166217e-10,3.2447187e-15,4.7982693e-17,1.9263421e-18
5.0412055e-15,2.0893314e-13,1.1171776e-15,1.3156221e-14,3.5814346e-17,2.0368514e-18,4.680562e-24,1.9352424e-15
3.441752e-12,1.8837801e-10,2.2320062e-14,1.1108072e-23,7.133945e-12,5.658944e-17,1.6611327e-15,9.497204e-19
1.542766e-18,1.061551e-14,1.4710084e-15,4.0561478e-16,3.982603e-14,8.65986e-16,6.5155303e-13,2.7664837e-17
8.6510264e-20,2.2478281e-20,2.2799485e-17,2.96417e-23,6.536747e-11,1.6734204e-15,3.9385414e-17,2.2633872e-18
1.151173e-15,5.0088036e-14,2.2124937e-16,2.2773779e-15,6.0944074e-18,2.0332482e-19,4.121906e-25,4.8316093e-16
1.7374547e-12,1.2914216e-10,1.826125e-14,9.076249e-24,6.152015e-12,5.125845e-17,5.3707564e-16,4.159274e-19
2.5172297e-18,9.191165e-15,8.334176e-16,3.2341266e-16,3.328605e-14,1.0392407e-15,2.6555486e-13,1.5690837e-17
8.779085e-20,2.364563e-20,3.1929367e-17,2.4468695e-23,2.7518002e-10,5.660719e-15,4.851627e-17,5.381679e-19
5.7919954e-16,3.18019e-14,1.0911519e-16,7.568176e-16,3.132755e-18,5.6186896e-20,1.7204828e-25,3.581682e-16
9.217332e-13,1.1639527e-10,1.6725789e-14,7.975278e-24,4.801944e-12,6.759859e-17,3.491633e-16,4.0831853e-19
3.0193664e-19,1.1934336e-14,1.2224338e-15,2.0666022e-16,4.2399115e-14,1.2052275e-15,7.1075925e-13,3.375206e-17
3.5238065e-20,3.1570917e-21,2.1421238e-17,5.488204e-25,1.1876343e-10,1.4107695e-15,5.357859e-18,1.418781e-19
7.095526e-16,1.587034e-14,7.190043e-17,4.3056906e-16,1.3001506e-18,3.3122176e-20,1.5089497e-25,3.888547e-16
2.5668365e-12,1.7011946e-10,1.7674481e-14,5.1016767e-24,7.24991e-12,2.1394697e-17,4.0560398e-16,1.2868865e-19
7.960553e-20,2.0732912e-15,2.523992e-16,7.2602145e-17,5.7443598e-15,1.0052009e-16,2.1705437e-13,3.6860533e-18
4.7825105e-20,6.5898414e-21,2.841146e-17,2.078445e-24,2.1043645e-10,2.8996733e-15,1.1901858e-17,1.5321147e-19
1.7632341e-16,4.3248892e-14,9.427728e-17,3.2265851e-16,9.628973e-18,1.4372468e-20,1.7519085e-25,2.4890638e-16
7.896689e-13,4.230112e-11,2.2332528e-15,2.0552246e-25,1.2046249e-12,2.6993679e-18,2.0122558e-16,4.8099176e-20
8.841428e-20,4.2901173e-15,4.1785708e-16,9.2064904e-17,1.2124912e-14,3.2867867e-16,3.17441e-13,9.0956515e-18
1.0997413e-20,2.7475578e-21,7.160943e-18,2.2159647e-24,7.523319e-11,8.353878e-16,6.3379786e-18,8.6026835e-20
8.254155e-17,6.9196705e-15,2.1036826e-17,3.0275485e-16,5.3198327e-19,1.2410987e-20,7.172337e-27,3.3061883e-17
1.1115023e-12,6.61187e-11,4.174988e-15,4.9136864e-25,1.8352717e-12,4.4592397e-18,2.732388e-16,5.6741094e-20
6.9531245e-20,3.215099e-15,2.065168e-16,3.677025e-17,8.486311e-15,4.36856e-16,1.1942927e-13,4.9957887e-18
1.9687823e-20,2.7788422e-21,1.3992394e-17,8.287597e-25,1.4153306e-10,1.5462092e-15,5.338172e-18,6.516352e-20
9.015549e-17,1.4349368e-14,3.4093036e-17,2.6477556e-16,1.900895e-18,1.1386355e-20,2.7306864e-26,6.747519e-17
2.739526e-13,3.8989763e-11,3.17494e-15,2.6175955e-25,9.611768e-13,4.034678e-18,9.000567e-17,2.3463136e-20
3.95098e-20,2.570272e-15,2.2067114e-16,4.5604297e-17,7.2240035e-15,1.9169901e-16,1.9082014e-13,4.3975978e-18
1.233368e-20,6.4651905e-22,1.357007e-17,5.576202e-26,6.130711e-11,4.651017e-16,8.0163536e-19,4.110344e-20
6.468142e-17,7.534907e-15,1.2227823e-17,5.794313e-17,7.0882384e-19,2.556262e-21,1.8210427e-26,5.76079e-17
5.6782324e-13,4.073587e-11,2.3721215e-15,1.6603894e-25,1.0303684e-12,2.0501971e-18,1.4363564e-16,2.406559e-20
2.649943e-20,7.0026755e-16,7.688086e-17,2.6921192e-17,1.3122006e-15,2.5663603e-17,6.2271396e-14,6.6680105e-19
6.953519e-21,7.1298824e-22,6.4250787e-18,1.4690046e-25,8.2283076e-11,6.096018e-16,1.3606399e-18,2.0289626e-20
4.5436207e-17,8.750653e-15,1.712985e-17,1.3475213e-16,9.143132e-19,4.9640563e-21,9.6099205e-27,3.4879702e-17
2.288807e-13,1.454531e-11,4.9601503e-16,1.5895054e-26,2.5158106e-13,5.178038e-19,1.0393908e-16,1.7941769e-20
1.2178507e-20,9.984333e-16,8.72944e-17,1.785529e-17,2.2826746e-15,5.2833544e-17,8.08782e-14,1.1938001e-18
4.379561e-21,3.5676804e-22,4.933952e-18,5.7119884e-26,5.8746424e-11,3.6834707e-16,6.110443e-19,1.3192188e-20
3.8372356e-17,1.769589e-15,6.276673e-18,1.9784759e-16,6.4213966e-20,6.972803e-21,8.463851e-28,7.805845e-18
2.8582296e-13,2.1235154e-11,8.058616e-16,2.5045859e-26,4.4806685e-13,5.405794e-19,6.071948e-17,8.372904e-21
8.085601e-21,6.3108677e-16,5.329852e-17,1.180077e-17,1.185045e-15,2.8753602e-17,4.747244e-14,5.948392e-19
8.531663e-21,4.564874e-22,1.1855411e-17,6.1028013e-27,3.650732e-11,9.5979904e-17,5.1103766e-19,4.87243e-20
1.8725323e-17,2.732129e-15,5.5929263e-18,6.495985e-17,2.153313e-19,1.8997976e-21,1.4520605e-27,9.979831e-18
1.6983714e-13,1.414086e-11,4.255852e-16,8.836979e-27,2.5223885e-13,2.8831008e-19,4.5880175e-17,5.56506e-21
1.3079646e-20,2.3319436e-16,2.0018499e-17,1.7620362e-17,9.520796e-16,1.0524007e-17,8.7759146e-14,8.454753e-20
9.5856395e-21,3.1122612e-22,1.2273388e-17,8.812775e-27,4.3776212e-11,1.353802e-16,4.06122e-19,3.453555e-20
1.484055e-17,1.5142567e-15,3.3768528e-18,5.3469385e-17,8.426965e-20,1.4707234e-21,5.5563214e-28,5.6393733e-18
4.2667967e-14,6.389438e-12,8.8720514e-17,2.0796236e-27,7.8204655e-14,2.6420813e-19,7.855196e-17,7.148868e-21
1.3201251e-20,2.8014244e-16,3.270027e-17,1.6461806e-17,6.8418684e-16,8.261365e-18,6.31851e-14,1.0890046e-19
5.0132105e-21,2.6014333e-22,6.507068e-18,1.6609648e-26,4.7464636e-11,2.8781491e-16,4.1021538e-19,1.4894973e-20
5.642884e-17,5.5193445e-16,2.0584805e-18,3.059044e-16,3.0963828e-21,1.6992694e-20,3.1487096e-28,3.2076823e-18
5.901036e-14,9.873586e-12,1.1474852e-16,2.0376348e-27,9.86488e-14,2.440647e-19,7.2684175e-17,8.935002e-21
8.709565e-21,3.4950845e-16,3.727258e-17,1.4926224e-17,7.0779815e-16,1.1260116e-17,3.5598714e-14,2.7265845e-19
1.2934309e-21,4.7410878e-23,2.5351539e-18,8.929929e-28,1.5492855e-11,2.8204344e-17,6.794907e-20,6.685502e-21
4.7800005e-17,4.4852443e-16,1.7856917e-18,1.9891387e-16,4.2716835e-21,1.1566327e-20,3.385361e-28,3.1944456e-18
1.3570175e-13,1.0093051e-11,2.2466326e-16,4.8738623e-27,1.6975263e-13,2.034777e-19,5.0353382e-17,6.7333883e-21
2.1874795e-21,7.1831345e-17,6.5613563e-18,3.8430935e-18,1.7943654e-16,2.1251773e-18,1.8955549e-14,1.5750004e-20
3.76417e-22,5.2387445e-23,8.039567e-19,2.0768795e-28,9.625348e-12,5.1467877e-18,6.129491e-20,8.6178205e-21
1.6667294e-17,8.972358e-16,2.9218873e-18,1.066982e-16,2.874928e-20,3.0266173e-21,1.921459e-28,3.470211e-18
1.26665815e-14,3.3413558e-12,2.4952611e-17,1.5135997e-28,2.6223122e-14,4.3412232e-20,1.7756257e-17,1.3263837e-21
5.2387276e-22,2.6866204e-17,3.561555e-18,1.7597984e-18,2.077534e-16,3.2348761e-18,3.2508406e-14,2.2982464e-21
1.4263824e-21,4.439912e-23,2.5538877e-18,7.6731e-28,1.5632336e-11,2.8421542e-17,7.0219485e-20,5.954607e-21
1.22167736e-17,1.2607515e-16,3.6143292e-19,5.6636084e-17,5.256984e-22,2.0447812e-21,2.768441e-29,6.4342487e-19
1.6851818e-15,3.0969168e-12,6.9162027e-18,3.556973e-29,1.5612943e-14,3.919082e-20,6.4695702e-18,5.2165117e-22
1.8998915e-21,6.764813e-17,6.2629922e-18,3.3391286e-18,1.7257693e-16,1.9915966e-18,1.875695e-14,1.4459742e-20
4.2333328e-22,6.78508e-23,1.0266654e-18,2.2664688e-28,9.063036e-12,5.4704155e-18,6.027399e-20,6.3832445e-21
4.2038597e-18,2.1999275e-17,1.025878e-19,2.3275875e-17,5.5681116e-23,1.0812463e-21,3.3844686e-29,6.8459825e-19
1.3543303e-14,3.3642368e-12,2.2534724e-17,1.4917373e-28,2.6450784e-14,4.3887114e-20,1.6388246e-17,1.3429404e-21
7.192932e-22,3.5082133e-17,1.797172e-18,2.2922961e-18,1.7930926e-16,2.4662268e-18,2.7870425e-14,3.6633947e-21
1.4451132e-21,4.0274555e-23,2.6152692e-18,5.668526e-28,1.4973462e-11,2.8685787e-17,6.5386126e-20,5.283263e-21
1.0473744e-17,9.6813894e-17,3.204672e-19,4.55803e-17,5.078168e-22,1.9646925e-21,2.733496e-29,6.5933434e-19
2.9111332e-15,1.238883e-12,8.95901e-18,5.189441e-29,1.2513807e-14,2.5703634e-20,8.049576e-18,4.5475627e-22
1.8716e-21,6.098457e-17,4.57894e-18,3.1590125e-18,1.5207856e-16,1.6227182e-18,1.5726276e-14,1.5768819e-20
7.6456293e-22,2.7253207e-23,1.4671339e-18,9.577126e-28,1.4143153e-11,5.0375673e-17,5.3198098e-20,2.1118153e-21
6.157643e-18,4.156518e-17,1.4582278e-19,4.3087448e-17,1.1297994e-22,1.6710869e-21,1.3822068e-29,3.6648938e-19
1.6635527e-14,2.4780176e-12,2.1537591e-17,1.4751908e-28,2.3363088e-14,3.713911e-20,1.7157906e-17,1.1384829e-21
1.3485619e-21,6.851555e-17,6.3950996e-18,2.78205e-18,1.4295235e-16,1.7932482e-18,9.626307e-15,3.2141466e-20
9.974405e-22,2.175436e-23,2.1159956e-18,4.3562855e-28,1.2665224e-11,2.88471e-17,3.623508e-20,2.5471411e-21
1.0800654e-17,1.1578447e-16,3.5708857e-19,5.5056308e-17,5.745216e-22,1.9972007e-21,1.7206568e-29,5.285425e-19
2.907284e-14,2.6927527e-12,3.632537e-17,2.6709603e-28,3.607651e-14,2.811675e-20,1.05609664e-17,9.874496e-22
1.5269552e-21,5.256657e-17,4.244078e-18,2.3837015e-18,9.517923e-17,1.108795e-18,9.017346e-15,1.7794065e-20
7.964767e-22,2.0748891e-23,1.7712073e-18,1.715022e-28,9.8456035e-12,1.9118407e-17,3.644843e-20,2.5109825e-21
3.9498987e-18,1.705351e-16,4.3295e-19,2.5460292e-17,2.4150093e-21,5.9597843e-22,1.14164e-29,5.475653e-19
1.761461e-14,1.889413e-12,1.9880985e-17,1.1228654e-28,1.8878226e-14,2.3379867e-20,1.2887693e-17,9.515248e-22
1.2099133e-21,3.4087187e-17,1.947154e-18,1.9494951e-18,8.773909e-17,9.102451e-19,8.173668e-15,1.06660546e-20
6.113325e-22,2.121462e-23,1.4482223e-18,1.6641279e-28,8.273595e-12,1.2175413e-17,3.3136455e-20,2.9227746e-21
6.9162027e-18,1.0276342e-16,3.0167877e-19,3.735314e-17,6.845084e-22,1.270622e-21,8.868677e-30,3.7796436e-19
1.2248991e-14,1.1095535e-12,1.2726184e-17,6.632081e-29,1.0828765e-14,2.0396639e-20,1.18172586e-17,6.569107e-22
9.569705e-22,2.991396e-17,1.7970488e-18,1.74893e-18,9.62068e-17,9.809785e-19,1.0981265e-14,6.5933117e-21
8.67587e-22,2.0872337e-23,2.0716676e-18,3.1083363e-28,1.2053588e-11,2.6148415e-17,3.4882042e-20,2.3383869e-21
6.7192096e-18,9.339563e-17,2.58136e-19,4.456029e-17,3.5810842e-22,1.39103e-21,5.227647e-30,2.648095e-19
8.218409e-15,1.0950654e-12,9.866422e-18,5.171379e-29,1.0717599e-14,1.8024639e-20,9.518753e-18,4.8372925e-22
1.3914122e-21,4.5352394e-17,3.3192533e-18,2.3047644e-18,8.610707e-17,1.0880293e-18,7.836051e-15,1.5357301e-20
4.4772473e-22,1.0096707e-23,1.1955182e-18,2.2117967e-28,1.0179531e-11,1.8706544e-17,1.7159975e-20,1.272072e-21
6.3433e-18,7.627354e-17,1.983922e-19,4.160643e-17,2.129352e-22,1.2618453e-21,5.704769e-30,2.506248e-19
1.4538853e-14,1.5407182e-12,1.6153817e-17,8.932275e-29,1.5040532e-14,2.1387403e-20,1.21617206e-17,8.483691e-22
7.449938e-22,3.5538353e-17,2.7429123e-18,1.4847281e-18,5.0037634e-17,6.494764e-19,4.6592415e-15,9.796612e-21
3.2555305e-22,2.706785e-23,7.7811955e-19,1.1191963e-28,7.0841414e-12,4.3193237e-18,3.477403e-20,4.9992122e-21
6.591109e-18,9.8229015e-17,2.7871153e-19,4.0272684e-17,5.350597e-22,1.3061389e-21,7.08563e-30,3.2948157e-19
1.1216405e-14,1.4259236e-12,1.2272171e-17,4.3053502e-29,1.2976661e-14,1.118326e-20,7.427167e-18,4.8213573e-22
3.9332915e-22,1.8534226e-17,2.3087506e-18,1.1329436e-18,1.2445147e-16,1.8336741e-18,2.0064976e-14,1.7365554e-21
2.7990764e-22,7.9803e-24,6.4109243e-19,7.853171e-29,6.9878664e-12,7.558185e-18,1.4193704e-20,1.5879034e-21
3.694091e-18,6.160512e-17,1.6963364e-19,2.2019593e-17,3.8246143e-22,5.441682e-22,3.0782672e-30,2.0222952e-19
2.0307564e-15,2.0233132e-12,4.6099793e-18,2.2763716e-29,1.0489955e-14,2.2852742e-20,5.2461974e-18,3.6134964e-22
3.5309346e-22,1.9332925e-17,1.3529436e-18,8.880475e-19,5.598971e-17,5.1281667e-19,6.600353e-15,2.5321634e-21
5.50152e-23,6.69685e-24,1.8081257e-19,2.1249382e-29,3.9046973e-12,1.2697179e-18,8.224091e-21,1.0918362e-21
3.210412e-18,1.8120632e-17,8.0873016e-20,1.9170917e-17,4.4022193e-23,8.142115e-22,1.5514151e-29,3.9681258e-19
4.3139625e-15,1.2392635e-12,5.64764e-18,1.502032e-29,8.8752426e-15,9.487561e-21,5.004563e-18,2.1647085e-22
8.4159645e-23,8.1164236e-18,6.093079e-19,4.0834652e-19,4.1776767e-17,5.914813e-19,7.198119e-15,4.2306853e-22
2.4725037e-23,5.1667384e-24,1.0244076e-19,2.1480845e-29,3.8368505e-12,9.057388e-19,4.489255e-21,6.1949976e-22
3.199531e-18,3.2199067e-17,8.91084e-20,1.7854813e-17,8.680931e-23,4.388389e-22,2.0722715e-30,1.6462104e-19
5.3052294e-16,7.8071756e-13,1.704764e-18,2.8982355e-30,4.1899213e-15,5.110547e-21,1.5106886e-18,7.0106693e-23
5.333803e-23,9.674075e-18,5.1961237e-19,3.9935616e-19,2.9276347e-17,5.3047155e-19,5.4036607e-15,2.6840734e-22
6.999443e-24,4.0468734e-24,3.1259475e-20,7.267842e-30,3.0186173e-12,3.2110229e-19,3.4678634e-21,4.7129055e-22
9.82694e-19,6.2448133e-18,2.083967e-20,6.8059904e-18,1.0705742e-23,1.859891e-22,1.4102475e-30,1.01871797e-19
2.179597e-16,6.4855245e-13,1.5383702e-18,1.3506768e-30,3.5454838e-15,2.9942672e-21,9.298353e-19,4.5249784e-23
1.6309554e-23,5.2672128e-18,5.069621e-19,2.329566e-19,3.0309906e-17,6.7972176e-19,6.9972053e-15,6.306754e-23
2.6851165e-23,2.291511e-24,8.580823e-20,4.998846e-30,2.1276902e-12,5.926694e-19,3.6518138e-21,5.8132495e-22
7.1619226e-19,4.0789525e-18,1.1010131e-20,4.763634e-18,6.900159e-24,1.1966747e-22,6.6459028e-31,7.0309816e-20
2.6833325e-17,8.957564e-13,6.5953556e-19,2.9595598e-31,2.6339256e-15,2.8699851e-21,3.0830435e-19,2.7186233e-23
3.100067e-23,3.299509e-18,2.5036968e-19,1.5284839e-19,2.2368142e-17,2.6760104e-19,4.3751327e-15,1.4334455e-22
1.7879158e-23,5.033247e-24,6.760545e-20,5.1370273e-30,2.052868e-12,5.0438305e-19,4.31935e-21,2.9819323e-22
2.415795e-19,8.241184e-19,2.5159876e-21,1.3135008e-18,1.0313333e-24,5.218659e-23,7.6675e-31,8.332824e-20
3.421422e-16,4.9786884e-13,6.821348e-19,8.341746e-31,2.3220294e-15,2.4917843e-21,8.108683e-19,2.560202e-23
4.487419e-23,6.2582397e-18,7.915707e-20,2.9479944e-19,2.1132782e-17,2.359419e-19,3.8955566e-15,2.7233786e-22
4.0920648e-23,6.5599594e-24,1.383158e-19,1.56841e-29,3.2162385e-12,8.122831e-19,7.162052e-21,1.240743e-21
4.9711296e-19,3.0217646e-18,1.0631161e-20,3.4115528e-18,3.565228e-24,7.442918e-23,4.2592143e-31,5.242871e-20
2.7757982e-16,1.1920693e-13,1.2108478e-18,9.641811e-31,1.3846919e-15,1.4501109e-21,9.592087e-19,2.1290502e-23
5.865191e-23,6.4594348e-18,5.6125657e-19,3.283398e-19,4.2189153e-17,6.8229104e-19,8.7132475e-15,2.2314906e-22
1.8943906e-22,3.8457068e-24,5.267913e-19,3.7970238e-29,5.3327234e-12,6.549503e-18,8.389721e-21,5.681446e-22
8.819841e-19,6.3340636e-18,1.13897e-20,6.831899e-18,7.79624e-24,1.6001552e-22,1.0108111e-31,1.8536387e-20
3.01563e-16,7.955618e-13,1.1980749e-18,1.8544428e-30,3.7085406e-15,4.948251e-21,1.1074e-18,5.636563e-23
2.5891177e-22,1.3027627e-17,8.1061777e-19,5.5187883e-19,2.8096424e-17,2.7365355e-19,3.0042418e-15,2.7206907e-21
8.0969826e-23,1.44746135e-24,2.5859134e-19,1.0641823e-29,3.0141128e-12,2.8995693e-18,3.2374635e-21,2.7310667e-22
7.416207e-19,3.7126964e-18,1.4185367e-20,5.1262723e-18,5.380003e-24,1.4879682e-22,1.5969474e-30,1.0914874e-19
5.023736e-15,6.592723e-13,4.405271e-18,9.875323e-30,5.291145e-15,5.0921186e-21,3.3654588e-18,1.5381558e-22
1.0932067e-22,6.41308e-18,3.2406796e-19,2.516614e-19,1.37435505e-17,1.2447835e-19,1.6552879e-15,9.657463e-22
2.6558997e-23,2.0750781e-24,8.4093986e-20,3.5692996e-30,1.8243547e-12,4.83138e-19,3.623437e-21,5.9209673e-22
1.7912586e-18,2.6454222e-17,6.5613995e-20,1.11698045e-17,9.219289e-23,2.7441835e-22,8.068829e-31,8.2194223e-20
2.5776163e-15,3.5032857e-13,1.9738678e-18,2.688766e-30,2.5747271e-15,2.1343869e-21,1.8114197e-18,5.853992e-23
2.8341447e-23,2.4760022e-18,2.3400224e-19,1.2833862e-19,2.2413069e-17,2.460362e-19,4.6594194e-15,1.1764827e-22
1.0818192e-22,2.0619558e-24,3.2798554e-19,2.2600874e-29,3.8768836e-12,3.709724e-18,4.419521e-21,4.286094e-22
9.95435e-19,1.398135e-17,3.083795e-20,6.7064834e-18,3.0470257e-23,1.2610074e-22,2.1255684e-31,3.5407844e-20
3.3999932e-16,4.687413e-13,5.6837307e-19,7.586617e-31,2.0391245e-15,2.438923e-21,7.067017e-19,2.424681e-23
1.4908716e-22,8.814866e-18,6.264614e-19,3.5571677e-19,1.9316558e-17,1.7473087e-19,2.5801051e-15,1.2886045e-21
9.0092254e-24,1.9913928e-24,4.2079146e-20,2.9658561e-30,1.7301035e-12,2.6027078e-19,2.1558756e-21,3.2344254e-22
4.111789e-19,2.5908517e-18,9.433716e-21,3.0943561e-18,2.7994047e-24,6.961952e-23,4.7469673e-31,4.9870247e-20
2.9989977e-15,5.987796e-13,2.6122879e-18,4.3051346e-30,4.2402973e-15,3.0444615e-21,2.155632e-18,8.531199e-23
1.5825138e-23,2.7671262e-18,1.5953001e-19,1.3067233e-19,1.748931e-17,2.4387115e-19,4.0588273e-15,6.407293e-23
1.6858436e-23,1.4289998e-24,6.7467106e-20,5.4305037e-30,2.359612e-12,6.466877e-19,1.9567194e-21,2.8783931e-22
1.2919682e-18,1.6014966e-17,3.770785e-20,7.543149e-18,3.944679e-23,1.5542285e-22,4.5630946e-31,5.5963357e-20
1.007243e-16,2.9018175e-13,4.4687735e-19,3.1480804e-31,1.5125593e-15,1.3162273e-21,3.5669786e-19,1.3506558e-23
2.4240336e-23,4.015515e-18,2.642293e-19,1.5337521e-19,1.4368159e-17,1.9484906e-19,2.6540166e-15,1.2775227e-22
6.001506e-24,7.935822e-25,2.759344e-20,1.5954494e-30,1.3935753e-12,2.1252652e-19,1.1109441e-21,1.8036107e-22
2.6221806e-19,1.4868478e-18,4.3004595e-21,2.1963794e-18,1.4757679e-24,4.71857e-23,1.8899428e-31,3.0901775e-20
2.3637558e-16,4.6225556e-13,6.991721e-19,5.010929e-31,2.1204754e-15,1.4796313e-21,5.7111807e-19,2.1064064e-23
8.686889e-24,1.7544898e-18,1.314969e-19,6.957794e-20,1.0040164e-17,1.3890801e-19,2.1696766e-15,3.8956596e-23
5.7153943e-24,4.6542616e-25,2.2245916e-20,8.149442e-31,1.0525138e-12,1.7944518e-19,8.846547e-22,1.7080868e-22
3.7227923e-19,2.4588339e-18,6.677626e-21,2.5368178e-18,3.3803613e-24,5.0363802e-23,1.9917659e-31,3.6398412e-20
8.325433e-17,3.1205794e-13,2.9683518e-19,1.4564734e-31,1.1631931e-15,8.427116e-22,2.4822708e-19,8.396624e-24
6.1793904e-24,1.0912425e-18,1.089923e-19,4.27816e-20,8.396746e-18,1.0191028e-19,1.8349294e-15,2.3794893e-23
1.198295e-24,3.5435595e-25,5.7945226e-21,1.7161841e-31,4.8400005e-13,6.55372e-20,3.4729719e-22,1.5334214e-23
1.5403836e-19,9.194582e-19,2.7299222e-21,1.1590631e-18,8.906162e-25,2.1936862e-23,1.0404023e-31,2.1967962e-20
8.020736e-17,3.454891e-13,2.0146646e-19,9.1923817e-32,9.399544e-16,7.983078e-22,2.1592109e-19,6.708151e-24
3.711538e-24,1.3624422e-18,5.2860246e-21,3.9967907e-20,2.1542838e-18,2.268831e-20,4.247338e-16,2.8675416e-23
1.9254287e-28,1.2780264e-27,2.0465282e-22,2.2146424e-35,6.0291615e-15,8.139521e-26,1.141126e-22,4.5453037e-24
1.1783979e-19,6.651599e-19,2.2495427e-21,8.007491e-19,5.41302e-25,1.48349e-23,9.1287833e-32,2.0976694e-20
3.6361553e-17,1.6364815e-14,1.8832396e-19,2.3870789e-32,1.8201837e-16,1.1917366e-22,1.4099865e-19,1.679219e-24
3.96737e-26,2.4338247e-25,3.3551952e-23,2.5883386e-21,1.9638061e-23,6.3961304e-24,7.8109315e-20,1.9102854e-27
3.1314367e-28,1.14129345e-26,7.05284e-22,2.5782982e-35,5.950856e-15,7.549135e-26,3.7674457e-22,2.3022456e-23
1.298564e-19,7.4868996e-19,9.040769e-22,7.5096393e-19,6.4845205e-25,1.4007947e-23,1.3719918e-33,1.3158257e-21
9.79196e-25,3.2220556e-18,8.3430576e-22,2.1776501e-33,9.2088504e-23,3.0271276e-27,1.5043102e-27,5.205648e-26
2.179454e-25,4.9865934e-25,3.527957e-23,3.4099083e-21,2.5911911e-23,1.8531692e-23,5.938074e-20,2.206877e-26
2.3181654e-27,2.731249e-26,2.5647498e-21,2.972737e-34,1.8343845e-14,7.7174967e-25,1.1514593e-21,5.776683e-23
3.4975846e-20,9.7981566e-26,9.511237e-26,1.8926388e-26,4.5315827e-28,7.6041655e-26,4.3631195e-36,2.1970694e-23
3.740263e-24,2.2107957e-18,1.4202635e-21,8.674762e-33,7.459859e-23,1.3931774e-26,1.952293e-26,2.6194134e-25
1.1139299e-24,2.3082062e-24,2.0900076e-22,1.7606696e-20,1.001363e-22,7.360415e-23,1.8501359e-19,5.248077e-26
1.1032928e-26,5.830694e-26,6.533896e-21,1.2333503e-33,6.22929e-14,3.321232e-24,3.9705445e-21,1.1281671e-22
4.5251407e-20,2.3198484e-25,4.345189e-25,7.0052586e-26,7.274895e-28,3.5416135e-25,6.238426e-35,4.1921908e-23
1.09563605e-23,1.0780072e-17,6.0722824e-21,4.8850927e-32,3.0981175e-22,7.296943e-26,4.7719805e-26,1.3465858e-24
1.5818129e-24,5.2409406e-24,6.247779e-22,6.067562e-20,2.482485e-22,2.2382427e-22,4.279827e-19,1.2718414e-25
1.3163113e-23,1.993507e-23,1.3870839e-19,3.072813e-29,4.0748495e-13,2.1139845e-20,4.352001e-20,8.469533e-21
1.8730088e-19,1.15697e-24,1.3720766e-24,3.9486193e-25,4.3990374e-27,1.1771639e-24,2.5107168e-34,1.6565959e-22
2.9208768e-23,2.9988917e-17,9.150974e-21,2.2399322e-31,1.1572411e-21,1.7822621e-25,7.285567e-26,2.5327584e-24
1.1494186e-21,4.5697764e-19,5.8336486e-20,1.131583e-18,4.1966177e-18,5.0889775e-19,6.23506e-16,2.0659103e-22
1.9728336e-21,5.5459204e-22,3.3397144e-18,1.6668735e-27,1.9170644e-11,1.670007e-17,3.1232197e-19,3.2305568e-20
4.0638546e-19,2.4093834e-24,3.073196e-24,1.2901077e-24,2.1291607e-26,3.6406116e-24,6.33829e-34,5.4246867e-22
2.573319e-18,1.3765949e-14,3.0618899e-18,9.6183096e-29,6.833153e-17,4.604647e-21,2.8288346e-20,1.5733833e-22
3.457666e-21,1.3689715e-16,4.76536e-18,1.0211703e-17,6.7470076e-16,9.880848e-18,1.09487696e-13,1.4329823e-20
9.090277e-25,2.6627359e-24,1.9862163e-19,2.771282e-30,8.6765057e-13,1.8439115e-22,7.047334e-20,9.110743e-21
2.799297e-17,5.4503535e-19,7.488063e-21,3.663021e-19,5.10822e-24,8.537715e-22,8.822411e-31,1.2952838e-19
7.378493e-15,2.284438e-12,3.4483208e-17,4.2039507e-28,3.337104e-14,1.0671228e-19,2.931021e-17,2.1273637e-21
4.805289e-23,2.1178164e-22,1.1434896e-19,7.0696325e-19,5.722343e-20,1.3900812e-20,9.260027e-17,4.1946046e-24
1.6593994e-20,7.82372e-21,1.9223055e-17,3.9622274e-26,9.147582e-11,1.6775421e-16,3.118483e-18,1.0389056e-19
2.7031922e-17,1.4042558e-16,5.5703113e-19,1.7596927e-16,5.6980496e-22,9.883396e-21,9.8608353e-29,1.2160786e-18
2.2187426e-21,4.184395e-15,6.606208e-19,1.1283099e-28,3.1673363e-19,5.524651e-24,4.434798e-24,4.4476934e-23
4.431949e-20,1.6973625e-15,2.5173464e-17,1.1887934e-16,2.5017063e-15,6.247628e-17,2.127681e-13,3.7632424e-19
6.5274224e-20,3.210874e-20,7.938853e-17,5.370117e-25,3.3141553e-10,8.445422e-16,1.339735e-17,3.8589718e-19
2.417835e-17,7.3662615e-22,6.4602846e-22,7.5616836e-23,2.7011209e-24,1.8966974e-22,5.7454097e-31,5.673482e-20
2.1696322e-14,6.0630173e-12,3.3779512e-16,8.945889e-27,1.3302478e-13,8.805519e-19,2.307705e-16,3.0459614e-20
2.0159405e-19,5.8591992e-15,2.7754488e-16,4.8665696e-16,9.929265e-15,2.980145e-16,6.35699e-13,2.7474153e-18
3.0248295e-20,1.7734838e-20,3.8018012e-17,1.613466e-25,2.0722885e-10,4.801e-16,8.814597e-18,1.7500637e-19
2.5371493e-16,8.1750676e-16,2.8857432e-18,8.529699e-16,1.0086944e-20,1.342532e-19,1.1845677e-27,6.4836038e-18
5.6167246e-14,3.1845467e-11,1.2288016e-15,9.898198e-26,6.95067e-13,4.588715e-18,6.002103e-16,1.6344342e-19
1.2535036e-19,3.6359787e-15,1.2878707e-16,3.0274215e-16,6.233874e-15,1.635185e-16,3.5601513e-13,1.6058024e-18
6.45028e-24,2.0208488e-23,7.830327e-19,1.4735984e-29,2.2058744e-12,1.1660283e-21,7.0217646e-19,3.8420194e-20
5.801637e-16,2.826361e-15,1.04880984e-17,2.333137e-15,5.765641e-20,4.6546487e-19,2.0737306e-26,4.4760973e-17
2.5575686e-14,1.7923517e-11,8.126284e-16,3.4433495e-26,3.3747685e-13,2.9002e-18,3.584621e-16,1.03657e-19
4.2341244e-22,8.666972e-22,4.36987e-19,3.838566e-18,2.7632322e-19,4.8513607e-20,2.6670264e-16,5.907789e-23
2.1109638e-19,8.818624e-20,1.5246367e-16,3.1841781e-25,1.7066741e-10,8.270613e-16,4.539671e-17,1.1402493e-18
3.770203e-16,1.5115154e-15,4.606762e-18,1.139112e-15,2.5423275e-20,2.617903e-19,7.311261e-27,2.2882435e-17
1.0004705e-20,1.0004163e-14,2.987711e-18,1.2747447e-27,9.622469e-19,5.4686905e-23,2.8230953e-23,3.8438188e-22
6.6865036e-19,4.8716613e-15,1.1393722e-16,6.8158703e-16,1.8505322e-14,2.5888882e-16,1.4835465e-12,4.4056913e-18
1.9481495e-18,7.0688234e-19,1.322109e-15,6.0398615e-24,5.275328e-10,4.958904e-15,2.569996e-16,8.031815e-18
1.0430887e-16,4.031164e-21,3.1786142e-21,3.573047e-22,2.0218436e-23,1.2462028e-21,7.252333e-30,2.6738781e-19
2.1296662e-13,1.3029432e-11,1.9304717e-15,2.511102e-25,4.1952273e-13,7.8790815e-18,1.5080768e-15,3.3482596e-19
4.723048e-18,2.3492137e-14,8.758798e-16,3.5002764e-15,7.8978585e-14,1.5932478e-15,5.328281e-12,3.2312643e-17
2.4251773e-18,1.0627765e-18,1.7040838e-15,7.348573e-24,5.3047294e-10,6.873368e-15,3.644809e-16,1.1725563e-17
1.7287417e-15,8.2215135e-15,3.0610507e-17,5.960943e-15,1.207526e-19,1.4524106e-18,3.1493734e-26,3.4181326e-17
1.131934e-12,4.1483258e-11,7.390352e-15,5.0612992e-24,1.8446596e-12,5.2539703e-17,6.5904648e-15,2.7106769e-18
1.1132753e-17,2.3410239e-14,1.3861081e-15,7.0791198e-15,9.031706e-14,1.4859485e-15,6.8773255e-12,6.99525e-17
2.2989842e-20,6.3124195e-20,3.006497e-17,1.8879246e-24,4.8149492e-12,2.677494e-17,3.8161422e-17,1.4634958e-17
6.4979743e-15,2.9661125e-14,1.7766363e-16,2.71447e-14,1.0371282e-18,9.560894e-18,6.925841e-25,2.6352307e-16
1.8506436e-12,4.1644587e-11,1.278903e-14,9.709242e-24,2.1145577e-12,5.683953e-17,8.348722e-15,6.165964e-18
4.3455874e-17,2.4988927e-15,8.636894e-17,1.7452539e-15,7.302859e-15,3.3301508e-16,2.0770815e-13,1.3507004e-18
8.512478e-22,1.7220624e-21,2.9436471e-18,1.1454538e-27,7.330013e-12,7.386247e-20,3.5473065e-17,1.3595037e-18
1.0463857e-14,5.2548308e-14,3.1270032e-16,5.0239018e-14,2.1222444e-18,1.1854372e-17,9.722394e-25,2.822933e-16
3.7008386e-15,2.3902148e-12,6.269169e-15,1.4969108e-24,7.016882e-14,6.293075e-17,9.036034e-17,3.4166712e-18
1.9401243e-19,2.931072e-20,3.0745305e-18,3.3314978e-16,9.770389e-18,3.3806786e-19,7.3521073e-16,1.5279168e-21
1.5282081e-21,1.983814e-21,6.9314396e-19,5.7832176e-28,2.5262993e-12,9.819439e-20,3.2405346e-17,1.1637016e-18
1.807513e-14,1.4192548e-15,7.600919e-18,5.5603843e-16,8.02773e-21,7.761245e-19,3.1860114e-26,9.3306244e-17
2.9094178e-19,7.692645e-14,4.9941145e-17,6.4385225e-26,1.071472e-17,2.5419286e-21,5.897231e-22,4.9090342e-20
6.101639e-19,1.7366027e-20,6.7263107e-19,2.580104e-16,2.111868e-17,2.0654407e-19,2.0540037e-16,5.7115206e-22
9.219153e-22,1.828921e-21,2.01996e-18,9.263544e-28,5.0771193e-12,7.783151e-20,2.9310655e-17,1.1928897e-18
1.3612806e-15,1.0163537e-20,6.107295e-20,1.000337e-20,5.3725835e-22,1.895144e-20,4.794199e-28,5.899426e-18
3.710118e-19,8.445946e-14,2.761528e-17,2.4969636e-26,8.078615e-18,2.1097379e-21,8.170117e-22,4.859214e-20
2.359248e-19,2.725221e-20,1.8130372e-18,2.7746232e-16,9.845442e-18,3.200665e-19,4.4064353e-16,9.901919e-22
4.099301e-22,5.686303e-22,2.4316329e-19,1.4536503e-28,1.3494995e-12,2.5049947e-20,1.0075423e-17,3.8829678e-19
1.3345183e-15,2.9594842e-21,6.83841e-20,1.19267e-20,1.3757677e-22,9.403284e-21,4.681231e-28,6.1730715e-18
2.7377466e-19,6.899865e-14,4.1687613e-17,4.0372786e-26,8.054613e-18,2.3561876e-21,6.37942e-22,4.9467246e-20
1.7924199e-19,6.2582296e-21,2.4583637e-19,9.64703e-17,7.276986e-18,6.7775625e-20,9.773079e-17,1.1544319e-22
3.8909387e-22,1.7243294e-22,1.9924523e-21,5.4471013e-30,6.0221996e-14,9.08423e-21,2.4318103e-18,6.023928e-20
1.2339593e-15,6.207941e-21,5.814852e-20,9.671809e-21,3.3298235e-22,1.4339226e-20,4.4705947e-28,5.398171e-18
1.3252673e-19,4.3931974e-14,1.2976145e-17,4.5286467e-27,3.0430726e-18,5.1105247e-22,2.1125555e-22,1.713806e-20
4.830201e-19,3.430442e-22,2.0935673e-21,1.3410952e-17,1.8965213e-17,5.9106118e-21,2.8200564e-18,1.8291973e-24
2.8639074e-19,2.686565e-20,1.04456996e-16,8.00463e-24,9.877265e-11,2.8407154e-15,3.4472554e-17,2.5631792e-18
5.0719115e-16,7.7068005e-22,1.7801874e-20,2.988231e-21,3.8518753e-23,2.8502263e-21,8.338191e-29,1.7336922e-18
6.106316e-20,2.725905e-14,1.1967822e-18,9.426376e-29,6.014677e-19,5.402711e-23,6.522558e-23,2.8481175e-21
6.799425e-18,7.700538e-15,1.2054528e-15,6.97761e-16,3.0366545e-14,5.406874e-16,3.4194568e-13,2.5530804e-17
5.6737817e-21,5.6453914e-21,5.248937e-19,2.5609026e-25,4.2434575e-13,8.218522e-18,2.0512297e-18,1.4672121e-18
1.5958504e-16,1.010823e-23,5.9203376e-21,9.358977e-22,3.8743299e-25,1.6746214e-22,1.4394625e-29,5.7414787e-19
9.966977e-13,8.122771e-11,8.75573e-15,3.4078223e-24,2.1380148e-12,4.622802e-17,1.0492791e-15,1.2618184e-18
3.9769494e-17,6.872106e-16,4.0482753e-18,2.1444387e-16,5.310456e-15,4.0294502e-17,8.2492225e-15,6.461499e-20
1.5371023e-19,5.0952684e-20,6.041496e-17,6.107471e-23,6.30984e-10,1.470092e-14,1.4869855e-16,4.0435972e-19
1.8332084e-15,1.6349496e-14,9.8376015e-17,2.1700076e-15,6.053601e-19,2.2329244e-19,2.149138e-25,3.065738e-16
2.0047635e-15,1.5286087e-12,7.516243e-16,3.2461614e-26,3.7891382e-14,1.010641e-17,3.245483e-17,3.4077272e-19
4.2650609e-19,2.3113286e-14,2.4379535e-15,2.712314e-16,1.1841876e-13,4.4239027e-15,1.3289169e-12,1.7455327e-16
1.1077078e-19,2.526713e-20,4.322425e-17,2.1413249e-23,3.0746602e-10,6.3374078e-15,6.125059e-17,3.7465556e-19
3.1089379e-15,6.272416e-17,1.3737725e-18,2.1885035e-16,1.5612046e-22,2.9283338e-20,1.6437e-27,2.1619659e-17
3.0860787e-12,2.4381694e-10,2.8309916e-14,8.7711e-24,7.515986e-12,3.060385e-17,7.660834e-16,1.7344719e-19
5.980701e-19,1.3540461e-14,1.3578887e-15,2.1234125e-16,6.196937e-14,2.0571413e-15,5.938831e-13,7.0511635e-17
1.12998575e-20,4.8828657e-21,4.494643e-18,3.1506142e-24,5.3069506e-12,1.2109877e-16,1.2031086e-17,1.2463807e-18
2.7184567e-16,1.3111411e-13,1.4763369e-16,3.351127e-16,3.511279e-17,1.6977275e-20,1.487473e-24,5.257943e-16
1.4551463e-12,1.4422548e-10,1.432623e-14,2.6683587e-24,3.215515e-12,2.001743e-17,6.018175e-16,1.782254e-19
7.9109444e-18,2.0582481e-15,9.9256194e-17,1.4838633e-16,7.726904e-15,6.432148e-16,1.6184065e-14,3.103909e-18
1.7937997e-21,6.9379365e-22,1.7371742e-18,1.310773e-25,1.0514884e-12,9.982648e-18,8.963791e-19,4.801084e-19
3.3637166e-16,4.7988076e-14,8.0456497e-17,3.3237928e-16,6.915544e-18,1.8135542e-20,6.0139935e-25,3.0508282e-16
2.7410767e-14,1.5221215e-11,3.6160328e-15,1.0090002e-24,3.0607588e-13,6.4582556e-17,7.8990375e-17,4.3208046e-19
3.9324745e-18,4.5700456e-16,1.6482857e-17,6.547608e-17,8.3431136e-16,6.119874e-17,4.1111545e-15,1.9230444e-19
4.589441e-22,6.787076e-22,1.2167508e-19,1.5186851e-26,1.2468783e-13,9.642091e-19,3.0038115e-19,2.6746433e-19
1.1867595e-15,1.7650989e-15,8.646053e-18,1.0089466e-16,2.4307693e-20,1.750617e-20,3.5683402e-26,2.0004236e-16
2.3626394e-15,2.064542e-12,5.509689e-16,3.979663e-26,3.6122638e-14,1.0246978e-17,2.047572e-17,1.8640493e-19
5.426705e-18,1.2342788e-16,7.2542835e-19,4.039901e-17,6.737414e-16,8.794714e-18,2.0039531e-15,8.7445875e-21
7.930119e-21,2.6905532e-21,6.4101687e-18,6.801294e-25,3.2063835e-12,4.0712443e-17,3.9457272e-18,1.5307719e-18
8.473982e-16,1.7900926e-16,1.0496178e-18,6.5462094e-17,5.358114e-22,1.451163e-20,9.053891e-28,2.303913e-17
3.2206824e-16,3.1599964e-13,1.7561252e-16,2.0546581e-27,5.2273275e-15,1.742823e-18,5.1999725e-18,6.1831525e-20
8.769354e-18,1.1584326e-15,6.582871e-17,1.8111865e-16,2.48008e-15,1.665815e-16,1.40439935e-14,9.604939e-19
8.180439e-22,1.8938062e-21,4.1977524e-19,2.0725602e-26,3.7808594e-13,6.858687e-19,1.519236e-18,8.485064e-19
6.364539e-16,1.4442785e-17,2.0513147e-19,3.6215926e-17,1.8500049e-23,4.7300364e-21,9.203659e-29,2.8907342e-18
1.03258254e-14,5.981635e-12,1.6217368e-15,2.8683155e-25,1.2479204e-13,3.1600622e-17,6.480046e-17,5.531498e-19
4.9287602e-18,3.086389e-17,1.8936503e-18,9.9769046e-17,5.449738e-16,7.094843e-18,4.1107157e-15,8.308728e-21
2.2998065e-22,5.8531243e-22,4.980411e-19,2.2535037e-27,1.0093509e-12,1.5274804e-20,3.2198564e-18,1.27043e-18
1.8498573e-15,7.066057e-16,4.2249205e-18,1.7902973e-16,3.8531575e-21,4.443545e-20,6.410042e-27,7.587944e-17
1.0667704e-16,3.9861238e-13,3.5464557e-16,8.3833296e-27,1.819081e-15,6.190188e-19,1.2668344e-18,1.3777394e-19
2.2832361e-19,2.266625e-20,2.13584e-18,6.348944e-17,2.2262502e-17,1.8132647e-19,1.0575651e-15,8.331667e-23
2.2306492e-21,4.6427806e-21,3.549985e-18,5.5796945e-25,1.9425306e-12,1.0463761e-17,2.3046852e-18,1.2267389e-18
1.4919521e-15,6.9039976e-18,3.5204629e-19,7.997267e-18,7.661566e-23,1.2743506e-20,3.8574675e-28,4.504392e-18
3.634862e-19,2.7996873e-13,1.1727359e-16,4.7418737e-27,1.0356896e-17,4.53234e-22,6.3954284e-22,3.830926e-20
1.23437235e-17,1.3616754e-15,3.082059e-17,3.354785e-16,1.4483848e-15,1.1210191e-16,1.5222237e-14,3.5606294e-19
1.4883493e-21,4.2844454e-21,1.4023273e-18,1.0393186e-25,8.446723e-13,2.2607812e-18,2.5273809e-18,1.314062e-18
1.4551856e-15,1.1516883e-20,8.398819e-20,2.9217936e-21,7.099481e-23,3.5711003e-21,4.265156e-28,1.5055341e-18
1.5490784e-15,1.6788066e-12,1.7538501e-15,8.880002e-26,4.2358458e-14,1.5669124e-17,2.7787422e-17,5.9274625e-19
1.078287e-17,1.7359173e-16,6.756711e-18,2.4256702e-16,8.3315373e-16,2.6603387e-17,8.085379e-15,4.8754232e-20
6.107271e-20,1.7717527e-20,3.8214153e-17,7.671184e-24,6.399491e-11,1.2643885e-15,3.56365e-17,1.215573e-18
2.4192396e-15,3.04899e-16,1.3469392e-18,1.8012647e-16,1.0327365e-21,5.818069e-20,2.0142413e-27,2.3898489e-17
3.0992147e-16,6.8923843e-13,8.8513667e-16,2.5562164e-26,5.308471e-15,2.8612332e-18,5.5718233e-18,3.9504246e-19
2.9202937e-18,6.2346356e-15,5.456207e-16,3.199449e-16,1.6179312e-14,1.160007e-15,1.2523077e-13,1.9467466e-17
7.077404e-19,7.3115935e-20,5.5506355e-16,3.442604e-24,4.346067e-10,8.997692e-15,5.1918888e-17,1.7393162e-18
2.6362776e-15,3.7039844e-17,7.124999e-19,3.4856693e-17,2.6724873e-22,3.8323733e-20,1.1116613e-27,8.770726e-18
2.6652202e-13,4.89225e-11,8.493177e-15,2.4858467e-24,1.0078927e-12,5.2528282e-17,3.859478e-16,6.162363e-19
2.2463132e-18,1.0963184e-14,1.4068355e-15,1.5910613e-15,2.7015777e-14,4.782684e-16,1.2312434e-12,2.7118056e-17
4.1059426e-19,7.5672066e-20,1.9012738e-16,2.7343702e-23,7.7020124e-10,1.9790476e-14,1.3841788e-16,1.0388586e-18
1.0434435e-15,1.1438633e-14,3.9854693e-17,4.1653295e-16,5.2929307e-19,5.6731135e-20,1.4594978e-25,2.6645452e-16
1.5910607e-12,6.727453e-11,6.7095894e-15,1.8862978e-24,1.8240626e-12,1.8078448e-17,2.702102e-15,1.4822947e-18
9.789226e-19,2.0667977e-14,2.628044e-15,6.588149e-16,6.2889926e-14,2.185951e-15,1.0477707e-12,1.2714494e-16
1.7581604e-19,3.7748723e-20,1.8988894e-16,8.54135e-25,2.9773414e-10,1.8087984e-15,2.3306527e-17,8.387298e-19
2.0057503e-15,2.7534591e-14,1.3156685e-16,9.5466585e-15,1.3475353e-18,1.1250235e-18,1.4966702e-25,1.6038022e-16
4.315541e-12,2.2225374e-10,2.1650064e-14,8.152581e-24,6.0164083e-12,3.9227224e-17,1.7511826e-15,6.178416e-19
7.644008e-19,5.01401e-15,4.283852e-16,9.063035e-16,1.4739974e-14,1.7502066e-16,1.0633171e-12,8.894549e-18
1.1413715e-19,3.814608e-20,1.0478305e-16,2.951001e-25,1.8273658e-10,6.975801e-16,1.9557456e-17,7.161732e-19
6.348851e-16,7.7349585e-14,2.235425e-16,1.4346431e-15,1.7416208e-17,9.709447e-20,7.5077845e-25,4.496362e-16
4.495726e-13,2.6949274e-11,2.6287862e-15,3.8007848e-25,9.332353e-13,5.38006e-18,1.0587398e-15,3.1982116e-19
4.6901534e-19,3.677323e-15,1.2637272e-16,5.61221e-16,1.1036825e-14,1.6464326e-16,8.249198e-13,4.052123e-18
8.723602e-20,2.520571e-20,1.1425364e-16,2.7020367e-25,1.6070072e-10,7.115829e-16,1.3393977e-17,5.5952073e-19
1.2579083e-15,1.3817981e-14,4.2287597e-17,7.245475e-15,2.721908e-19,6.4630796e-19,2.8174534e-26,4.3683408e-17
1.7428273e-13,1.37134e-11,1.5707743e-15,1.5234845e-25,4.0639676e-13,4.352304e-18,1.1041242e-15,1.7098887e-19
4.563105e-19,2.7932197e-15,1.5678699e-16,5.3217084e-16,9.001983e-15,1.1374484e-16,6.9937697e-13,3.9192653e-18
3.9961672e-19,9.636753e-20,3.8372668e-16,1.3642792e-24,2.4210783e-10,3.3415672e-15,4.0708718e-17,1.8224052e-18
1.4193632e-15,8.475764e-15,2.6303283e-17,6.0654488e-15,9.8525715e-20,8.135793e-19,1.4524157e-26,2.3859955e-17
2.2539498e-13,1.1380002e-11,1.3657331e-15,1.3791601e-25,3.7127414e-13,2.9847836e-18,7.1762913e-16,1.6894266e-19
2.1855975e-18,8.342292e-15,5.1650846e-16,1.7197306e-15,2.6161424e-14,3.4222315e-16,1.6541194e-12,1.0754196e-17
7.662214e-22,2.7526981e-21,1.720595e-17,1.3055477e-26,6.6208267e-12,2.3124072e-19,1.3142282e-17,2.312832e-18
8.448741e-16,8.253818e-15,2.4791696e-17,5.312847e-15,1.05118e-19,4.8258725e-19,1.1335658e-26,1.9883789e-17
6.0104406e-13,2.3770043e-11,4.840411e-15,7.654869e-25,7.591014e-13,1.0766264e-17,2.016314e-15,1.1668177e-18
2.1149375e-19,1.0471342e-18,1.7683729e-17,2.0736936e-16,5.587875e-17,7.071389e-18,1.189543e-14,7.898539e-21
3.7786903e-20,7.785468e-20,4.78489e-17,3.6684095e-24,7.3669595e-12,7.019039e-17,3.2144702e-17,1.3755194e-17
2.267833e-15,2.0681148e-14,7.93758e-17,1.15671565e-14,4.80528e-19,1.4745231e-18,6.8077285e-26,7.5694993e-17
3.704124e-18,2.5497616e-13,3.0072213e-16,1.2133589e-25,1.418675e-16,3.6159822e-20,3.300966e-20,1.1984353e-19
4.6514232e-17,6.686797e-15,1.2165995e-16,1.9626234e-15,1.1368986e-14,7.167208e-16,2.2765985e-13,2.1017886e-18
2.6082525e-20,4.2733805e-20,3.7025435e-17,6.642251e-24,8.655419e-12,8.432572e-17,1.9797508e-17,9.414785e-18
2.967339e-15,2.1903887e-18,3.5013643e-19,2.256842e-19,1.3742946e-21,8.4285084e-20,1.9155906e-27,9.839736e-18
9.6872736e-15,3.694053e-12,7.361287e-15,1.7166747e-24,1.507785e-13,1.1213528e-16,2.5813345e-16,4.1921695e-18
5.778354e-17,7.243541e-15,2.4636716e-16,1.9009704e-15,1.0831285e-14,6.810984e-16,1.457387e-13,3.7328055e-18
8.1931975e-18,8.3265045e-19,4.082399e-15,4.221655e-23,1.214121e-09,3.3720002e-14,3.7263356e-16,1.912271e-17
1.6053587e-14,2.938009e-15,1.17640485e-17,1.5968499e-15,1.2743506e-20,1.0606097e-18,4.0018738e-26,1.3902856e-16
9.609357e-15,5.8339063e-12,9.166619e-15,2.1694182e-24,2.3665293e-13,1.1032689e-16,2.1172575e-16,3.8675806e-18
1.7758021e-17,5.1772216e-14,5.7723233e-15,8.1752274e-15,1.7490612e-13,2.8756044e-15,7.2833545e-12,1.4638928e-16
4.8939314e-18,3.325132e-19,2.3453264e-15,6.123615e-23,9.343143e-10,3.7759712e-14,1.9974878e-16,1.2421995e-17
1.1443214e-14,3.888608e-15,1.3084154e-17,1.3741413e-15,1.6524004e-20,7.0645645e-19,4.2876226e-26,1.8110758e-16
5.748062e-12,1.70261e-10,2.8298847e-14,3.3234893e-23,6.7641717e-12,1.4107043e-16,1.765329e-14,9.802758e-18
1.5666195e-17,4.479401e-14,9.015007e-15,4.6722875e-15,1.1541796e-13,2.3203913e-15,3.085337e-12,1.8731619e-16
1.1920442e-17,9.18256e-19,5.7249343e-15,1.1432086e-22,1.3313775e-09,5.4865817e-14,4.0565967e-16,2.6609886e-17
1.4210243e-14,1.4744903e-13,9.051184e-16,7.360435e-14,7.445635e-18,1.6390936e-17,3.1133624e-24,1.0834874e-15
7.28837e-12,2.4687313e-10,3.0962283e-14,3.311707e-23,7.960115e-12,1.3342275e-16,1.14866875e-14,8.5476055e-18
3.5222667e-17,8.021422e-14,1.3735631e-14,1.1926555e-14,1.921547e-13,3.0691214e-15,7.668218e-12,2.9020066e-16
2.6484919e-17,2.0263501e-18,8.958751e-15,2.9203994e-22,3.5964955e-09,8.014127e-14,1.1869316e-15,5.36975e-17
7.189173e-15,1.111383e-13,8.750583e-16,2.5787635e-14,1.013583e-17,4.154947e-18,2.7277741e-24,1.2410498e-15
8.68406e-12,2.5998717e-10,4.272041e-14,6.603171e-23,1.0379829e-11,2.166078e-16,2.2611179e-14,1.8218431e-17
2.7771735e-17,1.2139613e-13,2.5210597e-14,1.4382824e-14,3.8520782e-13,7.535108e-15,1.4614136e-11,5.0669416e-16
1.632909e-17,5.4590955e-18,9.119603e-15,6.5273663e-22,5.0969886e-09,1.4905258e-13,1.2975168e-15,3.1767173e-17
1.9487816e-14,1.7444237e-13,1.2774202e-15,7.812787e-14,1.2449319e-17,1.6301022e-17,6.1808526e-24,1.6884121e-15
1.3940598e-11,7.0946954e-10,4.9481832e-14,1.7770239e-22,2.835627e-11,5.138064e-16,3.611458e-14,1.6755777e-17
4.2681577e-17,3.5541538e-13,2.5446154e-14,4.65816e-14,5.130531e-13,1.39537175e-14,1.569828e-11,1.283712e-15
1.4464674e-17,1.9293719e-18,6.6040804e-15,8.298615e-23,2.444107e-09,3.7536892e-14,1.0342811e-15,3.0151114e-17
2.6695482e-14,1.9396123e-13,1.8965375e-15,1.1013531e-13,2.1160693e-17,3.3354764e-17,2.2877826e-23,4.357976e-15
6.8296523e-12,2.931193e-10,7.59395e-14,2.8998067e-22,2.9921815e-11,4.9048507e-16,3.494508e-14,2.2920874e-17
1.9021002e-17,7.6375274e-14,8.715541e-15,1.149449e-14,2.8110844e-13,5.5900558e-15,1.1418335e-11,3.3473834e-16
1.9969217e-18,6.1484624e-19,1.3241785e-15,5.606474e-24,6.439459e-10,5.5299266e-15,3.1698675e-16,7.4527095e-18
3.7557732e-14,2.9294113e-13,2.0716787e-15,2.4012446e-13,4.837748e-17,5.954278e-17,1.0850878e-23,4.865013e-15
6.9617654e-12,2.3840707e-10,2.666022e-14,8.482782e-23,1.2533604e-11,2.9168233e-16,2.4426794e-14,1.0204927e-17
5.619724e-18,1.772779e-14,1.0324206e-15,3.9039465e-15,9.880829e-14,1.3114001e-15,6.022206e-12,4.9874888e-17
1.3272165e-17,1.4759471e-18,6.557738e-15,6.7037034e-23,2.041197e-09,3.514836e-14,8.254569e-16,2.724726e-17
2.0506158e-14,1.3120792e-13,1.0738465e-15,1.03740584e-13,1.0363021e-17,3.67537e-17,8.549341e-24,2.0927353e-15
1.5661008e-12,4.4307186e-11,8.687493e-15,7.02397e-24,2.137921e-12,5.2321298e-17,6.457572e-15,2.4580648e-18
1.9094063e-17,6.3323e-14,8.052015e-15,9.691302e-15,2.3841126e-13,4.682101e-15,9.423761e-12,3.2114322e-16
8.900285e-18,4.78257e-18,4.4920614e-15,7.604612e-23,7.991369e-10,1.602486e-14,9.54629e-16,5.7689713e-17
7.066142e-15,4.9043597e-14,2.416361e-16,3.7764395e-14,1.4807292e-18,1.08640835e-17,7.077652e-25,2.6335223e-16
7.8099645e-12,2.1127498e-10,2.343472e-14,7.552459e-23,1.0334353e-11,2.5591465e-16,2.4535824e-14,9.9205045e-18
4.4387746e-17,1.01624675e-13,3.4742295e-15,1.991122e-14,3.3682478e-13,6.4912103e-15,1.7783393e-11,1.8958278e-16
4.823057e-19,6.406329e-19,2.9812135e-16,6.264887e-23,4.399426e-11,6.842103e-16,2.0292996e-16,6.6010515e-17
1.7607892e-14,1.3399754e-13,1.1552025e-15,9.728161e-14,9.973437e-18,3.258285e-17,7.273661e-24,1.8253441e-15
2.797148e-12,5.7745156e-11,3.4703834e-14,8.325281e-23,5.1126573e-12,3.1108818e-16,2.2871562e-14,1.5912904e-17
1.6534883e-16,4.3012214e-14,1.0396807e-15,1.01741185e-14,7.6718525e-14,2.6166203e-15,2.0369392e-12,2.1472456e-17
9.714994e-22,3.209685e-21,7.807424e-18,2.8208196e-26,8.467197e-12,6.98468e-20,2.6347168e-17,6.3635133e-18
3.55795e-14,1.3510569e-13,1.0711789e-15,1.4877082e-13,7.060096e-18,5.3975567e-17,4.894831e-24,1.3598949e-15
7.8470176e-14,1.7675316e-11,3.399679e-14,2.7996194e-23,1.3302152e-12,4.8234143e-16,1.6273514e-15,1.4286071e-17
2.8843878e-19,1.176139e-19,3.1590018e-17,3.640751e-16,4.2861545e-17,8.171905e-19,1.2282773e-14,1.9243046e-21
2.4363288e-21,7.457249e-21,2.6468254e-17,2.0763269e-26,3.1102492e-11,2.34381e-19,9.702611e-17,6.3331454e-18
6.993233e-14,1.9554354e-14,8.8145345e-17,1.19636916e-14,2.039704e-19,7.457516e-18,5.947807e-25,7.9237587e-16
6.8804635e-19,3.9829926e-13,5.55714e-16,2.283848e-25,4.5540498e-17,3.2175555e-21,1.496856e-21,1.0228261e-19
3.5848209e-19,2.0293276e-19,3.949901e-17,1.0114249e-15,2.5931469e-17,1.8668896e-18,7.4720215e-15,1.1812598e-20
3.519627e-21,1.1684868e-20,5.540711e-17,3.3563956e-25,2.6542957e-11,3.1934205e-19,6.3225755e-17,2.6386292e-17
4.9640713e-15,1.5089426e-19,3.321468e-19,9.978787e-21,2.2873836e-21,3.3337544e-20,3.875375e-27,9.3376705e-18
9.684187e-19,2.335713e-13,3.614955e-16,7.883954e-25,5.4409072e-17,1.2322488e-20,2.487681e-21,1.8715804e-19
5.722325e-19,1.2343011e-18,2.535611e-16,1.1298077e-15,1.6261341e-16,5.6074317e-18,9.43825e-14,1.0388575e-20
4.3021072e-18,4.2689517e-19,1.8255182e-15,7.2616887e-23,1.2839828e-09,5.5143732e-14,4.4231245e-16,8.529658e-18
4.6281004e-15,1.369194e-19,2.8845858e-19,3.6187837e-20,6.509516e-21,1.1314184e-19,4.501159e-27,2.0638674e-17
4.1876143e-18,1.5149552e-12,2.3878829e-15,1.4662398e-24,3.3090795e-16,1.7338623e-20,1.15180255e-20,4.4888833e-19
1.1001248e-17,4.8356704e-14,1.0205994e-14,4.468595e-15,2.0805151e-13,3.59562e-15,4.620222e-12,3.7913176e-16
3.7161536e-18,3.4843497e-19,1.7732585e-15,4.738701e-23,1.1203071e-09,4.7973253e-14,3.1070627e-16,8.352276e-18
1.6642478e-14,1.8162008e-18,1.4927924e-18,5.7451125e-20,1.6702592e-20,1.8630396e-19,2.1219605e-26,3.345135e-17
9.412749e-12,2.901761e-10,4.4191152e-14,5.848546e-23,1.09552775e-11,1.601253e-16,9.6648314e-15,6.60208e-18
9.126027e-18,3.8945857e-14,8.248781e-15,4.5422913e-15,1.4358053e-13,2.5675769e-15,3.554969e-12,2.324696e-16
4.0984645e-18,3.1497332e-19,2.102241e-15,3.2389054e-23,7.6005435e-10,2.7676173e-14,2.1806284e-16,1.0919093e-17
4.4862045e-15,2.0839984e-13,1.0061107e-15,1.7000105e-14,2.8030904e-17,2.536518e-18,4.7332786e-24,1.618844e-15
9.069884e-12,2.53515e-10,3.390115e-14,3.929735e-23,9.311573e-12,1.2267496e-16,8.788222e-15,6.0328565e-18
1.4773163e-17,3.4320725e-14,6.655725e-15,4.737726e-15,1.0167315e-13,1.7621589e-15,3.0594297e-12,1.5617752e-16
1.7068658e-18,1.8540641e-19,7.6145086e-16,4.9420015e-23,1.0396165e-09,3.7924277e-14,2.3306898e-16,3.304976e-18
3.9066434e-15,1.5635152e-13,8.8015686e-16,2.030347e-14,1.8631127e-17,2.618094e-18,2.4503335e-24,1.1635347e-15
5.416474e-12,1.5920518e-10,2.4574323e-14,2.7205323e-23,5.735085e-12,1.2434375e-16,8.63025e-15,8.180549e-18
3.674723e-18,3.3343178e-14,6.7606655e-15,2.0350526e-15,1.4501085e-13,2.514767e-15,3.2727057e-12,2.235476e-16
2.378234e-18,1.7760845e-19,1.0640804e-15,2.4029046e-23,9.533255e-10,3.2869903e-14,1.9913782e-16,4.150749e-18
6.5339414e-15,8.376848e-14,6.2353457e-16,2.4223162e-14,7.063463e-18,4.267162e-18,1.9080013e-24,9.749699e-16
7.587313e-12,2.652227e-10,3.139826e-14,2.8092265e-23,1.04234165e-11,7.869203e-17,4.594993e-15,2.1953241e-18
4.3889674e-18,2.5055661e-14,5.5615116e-15,2.4602356e-15,1.08065886e-13,1.513627e-15,3.146196e-12,1.4644736e-16
1.3134406e-18,1.3582123e-19,6.933988e-16,3.3444743e-23,6.1814387e-10,1.8383214e-14,1.3195488e-16,3.8806293e-18
1.7741514e-15,1.5717947e-13,5.634326e-16,7.0010238e-15,2.3787069e-17,7.5314717e-19,1.9533975e-24,9.522902e-16
7.158138e-12,2.2308191e-10,2.2009928e-14,2.0479328e-23,8.450515e-12,6.941819e-17,5.5419003e-15,2.87011e-18
6.1866976e-18,2.905737e-14,4.478869e-15,1.8783002e-15,7.934111e-14,2.075238e-15,1.4595021e-12,1.3411161e-16
6.457953e-19,8.6767395e-20,4.2947818e-16,1.1982409e-23,1.493163e-10,3.855757e-15,7.8261245e-17,7.154581e-18
2.504915e-15,1.0923489e-13,5.138005e-16,1.2311998e-14,1.1901903e-17,1.4940402e-18,1.2344338e-24,7.5388426e-16
3.1389433e-12,1.6113931e-10,2.192642e-14,1.3743192e-23,4.5944915e-12,7.5420025e-17,4.0076555e-15,2.9563071e-18
1.5038815e-17,1.36260615e-14,1.9751362e-15,2.0260827e-15,3.6216117e-14,9.716617e-16,7.3027554e-13,4.1233382e-17
8.4989893e-20,3.253945e-20,8.5161056e-17,3.9088014e-24,3.1186904e-11,4.50079e-16,2.791417e-17,4.2433493e-18
2.7194228e-15,7.061322e-14,3.43112e-16,6.1355183e-15,7.051537e-18,8.049141e-19,1.4312475e-24,7.7330625e-16
7.9044936e-13,5.7839837e-11,1.3330662e-14,9.631075e-24,1.885874e-12,1.043431e-16,2.101375e-15,4.4838198e-18
1.35586855e-17,6.1526042e-15,4.355298e-16,1.058558e-15,1.2487579e-14,5.941689e-16,2.1278107e-13,7.7963824e-18
2.8053966e-20,5.739045e-20,3.158869e-17,2.4908585e-24,5.1144614e-12,4.1787917e-17,2.5244434e-17,1.1261793e-17
4.9843938e-15,2.4858496e-14,1.540527e-16,5.7183863e-15,8.833443e-19,1.3545704e-18,4.145069e-25,5.0659177e-16
7.327782e-14,1.5867427e-11,6.7580104e-15,2.3294889e-24,5.0095605e-13,6.7883106e-17,4.5064424e-16,2.3534517e-18
3.4401614e-17,5.0236978e-15,8.042182e-17,1.3494356e-15,1.0595847e-14,4.8526475e-16,2.6167726e-13,1.2947558e-18
7.3967567e-22,2.7224556e-21,7.4401265e-18,2.2622287e-27,1.2305867e-11,9.679196e-20,3.5908463e-17,1.4413277e-18
4.6768886e-15,6.0280578e-15,2.8200903e-17,1.5936428e-15,8.306514e-20,5.4451377e-19,6.639939e-26,2.074113e-16
6.575072e-15,2.6048328e-12,5.333234e-15,1.3283767e-24,1.308034e-13,8.932158e-17,1.7619498e-16,2.44738e-18
1.5028305e-19,5.3546458e-20,6.0509958e-18,3.799947e-16,7.035469e-18,6.7459164e-19,1.1665123e-15,2.7625865e-21
3.8547915e-20,5.8662744e-20,4.0472743e-17,7.016792e-24,9.074919e-12,8.0772016e-17,2.5278257e-17,1.2109223e-17
1.4774765e-14,2.0886121e-15,8.052247e-18,1.1749216e-15,7.713862e-21,8.399689e-19,2.3820193e-26,1.0815336e-16
2.3570263e-19,6.3010835e-14,9.0624075e-17,1.0456456e-25,9.439598e-18,4.1972513e-21,7.695372e-22,7.182466e-20
5.8576736e-17,7.8312685e-15,2.2979369e-16,1.9925419e-15,1.13847835e-14,5.999997e-16,2.0487873e-13,3.2310283e-18
3.5921426e-20,2.3789395e-20,2.9870974e-17,7.1060346e-24,1.286796e-11,1.8612668e-16,2.1812177e-17,5.2816996e-18
1.5423448e-15,2.0593501e-20,7.884455e-20,1.2888117e-20,1.0821705e-21,3.3201236e-20,7.546738e-28,6.6233204e-18
1.2322806e-14,5.791024e-12,8.479193e-15,2.2227968e-24,2.6613897e-13,1.150018e-16,2.2105534e-16,3.893961e-18
2.8309658e-17,5.5444168e-15,3.1178436e-16,9.448686e-16,9.0974015e-15,6.934544e-16,6.7432185e-14,5.762678e-18
4.7071114e-18,2.8849048e-19,2.4484015e-15,2.0788585e-23,1.0269736e-09,3.254358e-14,2.0756012e-16,7.721882e-18
1.5606482e-14,2.511364e-15,1.1948029e-17,1.56695e-15,1.4901111e-20,7.9974474e-19,4.7254617e-26,1.7269943e-16
3.019887e-14,1.3769042e-11,7.493687e-15,2.4703154e-24,4.1205795e-13,1.0691985e-16,2.1043098e-16,2.4245485e-18
7.772418e-18,2.9010855e-14,5.0233717e-15,4.034145e-15,1.0066607e-13,1.5753526e-15,3.6693903e-12,1.1428677e-16
3.7018214e-18,3.34734e-19,2.05857e-15,1.6044942e-23,1.2452338e-09,1.4260503e-14,2.3891845e-16,9.18358e-18
5.524803e-15,2.8791059e-15,1.5764332e-17,7.062204e-16,3.4291244e-20,2.2759663e-19,5.8810443e-26,2.422979e-16
5.697231e-12,1.6913816e-10,1.5224706e-14,1.7457129e-23,5.9514546e-12,8.428007e-17,9.964971e-15,4.90653e-18
4.557106e-18,2.2560775e-14,3.753544e-15,3.2258977e-15,8.69761e-14,1.4859485e-15,4.2782015e-12,8.490933e-17
7.0842105e-19,2.0257928e-19,5.7900515e-16,8.563736e-24,9.759887e-10,5.2128504e-15,1.22859e-16,3.2993451e-18
6.654633e-15,8.2558214e-14,5.5999344e-16,3.45078e-14,5.5419765e-18,5.6370287e-18,1.4069257e-24,8.027995e-16
3.716626e-12,1.6603323e-10,8.655999e-15,1.242499e-23,6.0064093e-12,7.622003e-17,8.427469e-15,2.477958e-18
1.5548069e-18,1.6457876e-14,2.3698696e-15,2.1278897e-15,5.91695e-14,1.3152977e-15,3.039752e-12,3.059883e-17
1.5573237e-18,1.9745899e-19,1.0988676e-15,9.3484774e-24,9.2941754e-10,8.610388e-15,1.2077398e-16,4.5161088e-18
6.9493768e-15,4.55516e-14,3.6982538e-16,3.4404225e-14,2.5186994e-18,6.8208838e-18,1.3905876e-24,6.460502e-16
6.253101e-13,1.2511207e-10,5.2574043e-15,3.1614739e-24,4.29059e-12,3.8671395e-17,2.4569624e-15,9.392003e-19
2.564392e-18,1.8251813e-14,2.0381368e-15,2.2679627e-15,5.2312098e-14,1.0627741e-15,2.4321704e-12,4.7300282e-17
3.741414e-19,9.976584e-20,3.8575355e-16,2.3337407e-24,4.3922926e-10,2.6562653e-15,5.2627964e-17,1.7621832e-18
2.3354966e-15,1.7148152e-14,9.3814127e-17,1.1943946e-14,7.033721e-19,2.219127e-18,5.8412936e-25,3.8562996e-16
1.9805299e-12,1.02190256e-10,6.6625575e-15,5.369362e-24,3.738282e-12,3.934907e-17,4.942643e-15,1.3598357e-18
1.2109125e-18,8.370023e-15,6.4255025e-16,1.3274609e-15,2.9581125e-14,4.7694207e-16,1.6945249e-12,1.7187385e-17
1.07734006e-19,3.4767267e-20,1.3605011e-16,2.4749828e-25,1.5447864e-10,7.675987e-16,1.7140832e-17,7.259349e-19
3.8327335e-15,3.3718972e-14,2.1118931e-16,2.1959148e-14,1.5831881e-18,3.6060815e-18,4.945674e-25,3.356577e-16
6.766852e-13,3.3980308e-11,3.518402e-15,1.2703923e-24,1.4277743e-12,1.28888735e-17,1.8974493e-15,4.97855e-19
4.603545e-19,2.8545328e-15,1.2303676e-16,5.233031e-16,1.1838708e-14,1.6020474e-16,7.8461234e-13,3.951738e-18
4.35579e-19,5.000817e-20,3.862483e-16,1.404845e-24,3.4046693e-10,3.3518957e-15,3.8248868e-17,1.5133476e-18
1.8760376e-15,2.0773181e-14,8.423924e-17,1.22611915e-14,5.3232433e-19,1.6455017e-18,9.757239e-26,9.874108e-17
2.4651657e-13,9.397376e-12,1.2074133e-15,1.764585e-25,3.4272205e-13,3.9018416e-18,9.21999e-16,1.7514862e-19
9.826302e-19,5.895093e-15,6.075264e-16,7.909715e-16,2.3854393e-14,3.6055765e-16,1.1194574e-12,1.5144861e-17
2.7145444e-20,1.1287581e-20,3.1239852e-17,1.5258001e-24,1.27837576e-11,1.5253872e-16,8.248296e-18,2.471067e-18
9.334759e-16,9.224462e-15,3.404833e-17,6.701813e-15,1.1511004e-19,6.817342e-19,1.2544415e-26,2.4967274e-17
1.0212624e-12,3.9418226e-11,2.7715568e-15,1.0619749e-24,1.3054924e-12,1.2337227e-17,2.0510606e-15,4.5541147e-19
7.403688e-18,3.412886e-15,1.7194607e-16,4.997833e-16,4.9570507e-15,2.862579e-16,7.010595e-14,2.3252258e-18
4.923451e-22,2.1470361e-21,2.2736864e-17,2.9727929e-27,2.2381357e-11,7.7800046e-20,3.317875e-17,1.3997085e-18
1.4674103e-15,2.1290886e-14,9.81586e-17,8.981198e-15,5.2859493e-19,1.0773243e-18,7.875383e-26,1.04070796e-16
2.5976806e-14,7.822965e-12,2.9494403e-15,6.2757884e-25,2.4097095e-13,3.2745202e-17,1.9147463e-16,1.0170528e-18
4.3312156e-20,5.964522e-20,1.7412688e-17,3.1280413e-16,4.5165914e-18,1.1069312e-18,3.2452882e-15,4.94759e-21
1.9689905e-22,1.3106108e-21,1.6127833e-17,3.873498e-27,1.2113674e-11,5.3612067e-20,1.1095825e-17,1.4868761e-18
2.5813653e-15,2.0116044e-15,1.0926009e-17,6.996561e-16,1.9191228e-20,1.7764165e-19,1.441399e-26,1.01111196e-16
1.7013718e-19,5.5748e-14,9.412815e-17,2.3033237e-25,1.2433752e-17,3.8092257e-21,5.7416013e-22,5.1911283e-20
6.2435444e-20,4.8074965e-20,1.8307537e-17,1.5705997e-16,6.052519e-18,1.2635379e-18,3.0956363e-15,2.7438918e-21
5.7409657e-22,7.9930734e-22,1.1564082e-19,8.4960323e-29,7.690066e-13,3.050508e-20,1.06664775e-17,3.0783896e-19
1.4740643e-15,4.6755922e-20,7.707308e-20,9.1690394e-21,2.597468e-21,5.378885e-20,8.259589e-28,8.275843e-18
1.337043e-19,7.944544e-14,1.9380486e-16,1.2802136e-25,9.637535e-18,3.5093303e-21,8.604512e-22,5.137955e-20
4.9583264e-19,4.208442e-21,9.43221e-20,7.120876e-17,1.313216e-17,7.726648e-20,4.829119e-17,9.7090615e-23
6.4671917e-21,6.4251916e-21,2.7484828e-19,1.6838946e-25,2.7368884e-13,7.978955e-18,2.2423834e-18,1.3664864e-18
1.5215872e-15,1.6813322e-19,1.3825462e-19,1.1104616e-20,1.432282e-21,3.5702572e-20,9.761399e-28,6.3097784e-18
1.3276354e-19,4.3173063e-14,1.4308759e-17,3.1171128e-27,2.1013556e-18,7.6358065e-22,3.483281e-22,2.4109055e-20
1.0688071e-16,2.9510255e-16,2.0120771e-18,2.3164279e-16,6.3675054e-15,3.0168485e-17,2.5693012e-15,4.4906278e-20
1.6298214e-18,3.8491508e-19,5.7365613e-16,2.812552e-22,1.7377955e-09,6.0096696e-14,6.2038615e-16,3.2852791e-18
5.096368e-16,6.825398e-22,2.672062e-20,4.735236e-21,1.9271383e-23,3.576799e-21,1.324958e-28,1.9767387e-18
1.3731773e-15,1.4473322e-12,7.415935e-16,2.5197655e-26,1.667053e-14,7.920486e-18,2.5906159e-17,5.421861e-19
3.1897817e-18,7.65516e-14,1.011958e-14,1.7612384e-15,3.3603038e-13,1.1372369e-14,4.7256127e-12,6.0622995e-16
3.5409232e-18,4.118131e-19,1.33517e-15,2.1024338e-22,2.0940394e-09,7.220425e-14,4.0439582e-16,5.978788e-18
2.484976e-15,3.086106e-17,1.7572828e-18,1.6285241e-16,9.9255135e-23,2.498991e-20,2.5005271e-27,2.4129237e-17
1.1503785e-11,5.0054805e-10,8.786768e-14,6.855613e-23,1.7092567e-11,1.4141956e-16,4.64726e-15,1.8275499e-18
5.291157e-18,8.043975e-14,1.3818957e-14,3.0931926e-15,2.2896366e-13,5.5858778e-15,5.00202e-12,4.501253e-16
4.849034e-18,6.0425725e-19,2.1251318e-15,3.6194406e-23,1.9474602e-09,1.8571479e-14,4.63536e-16,1.6528948e-17
1.5157997e-15,3.6198868e-13,7.6819043e-16,3.1588726e-15,1.2158433e-16,2.9127048e-19,1.11219385e-23,1.90729e-15
1.4599008e-11,5.166854e-10,5.6554665e-14,5.3292464e-23,1.9176497e-11,1.2042297e-16,7.8842945e-15,3.4359234e-18
5.107437e-18,3.4855084e-14,8.710223e-15,4.3318544e-15,1.7794197e-13,3.5180133e-15,7.2508366e-12,1.0322902e-16
8.5180834e-18,2.609141e-18,2.7517617e-15,2.5830701e-22,4.938202e-09,4.6564454e-14,1.3113401e-15,3.9500975e-17
3.1342305e-15,2.0370431e-13,8.978281e-16,9.019032e-15,5.901274e-17,8.907344e-19,6.5212125e-24,1.7281484e-15
2.5477845e-12,4.0859227e-10,1.22786514e-14,2.2625701e-23,1.2214179e-11,1.9283438e-16,9.096325e-15,3.7170895e-18
1.0262704e-17,1.314499e-13,2.77668e-14,1.3124592e-14,5.6820027e-13,1.2410552e-14,2.1842595e-11,2.5684376e-16
9.6492756e-17,3.5219306e-17,3.8339713e-14,3.8641237e-21,1.4179152e-08,6.2057645e-13,7.627973e-15,1.292921e-16
6.329435e-15,3.979998e-14,3.7461896e-16,2.8253922e-14,2.7446601e-18,7.799029e-18,5.414055e-24,1.8868605e-15
2.6034867e-12,1.0984204e-09,4.1142084e-14,8.6706706e-23,3.982214e-11,5.905129e-16,1.5805845e-14,8.254088e-18
1.705364e-16,1.3583027e-12,6.4346335e-14,1.4420546e-13,2.0901375e-12,7.642657e-14,5.3989632e-11,7.0907944e-15
1.2931326e-17,1.4641762e-18,5.297507e-15,5.607204e-23,2.2776152e-09,3.643471e-14,1.1738016e-15,2.6877068e-17
1.430177e-14,7.61154e-14,6.9555265e-16,5.469477e-14,8.6548635e-18,1.856097e-17,2.0130396e-23,5.953649e-15
1.4958562e-11,5.6611976e-10,1.3339903e-13,2.5905514e-21,7.420199e-11,3.607105e-15,2.1408863e-13,8.534903e-17
1.5694968e-17,5.5583542e-14,9.047806e-15,8.261882e-15,2.5347544e-13,5.080473e-15,8.643491e-12,3.0948432e-16
5.836968e-19,2.67884e-19,4.1836585e-16,5.4933153e-25,2.4972793e-10,1.631796e-15,1.5660349e-16,3.1378383e-18
2.2014599e-13,8.348762e-13,1.2152094e-14,1.5936818e-12,1.7916637e-16,7.042269e-16,9.1839426e-23,3.0290766e-14
7.060077e-12,3.2533531e-10,2.4996186e-14,7.278828e-23,1.1502337e-11,3.3113776e-16,2.2494136e-14,1.0570559e-17
2.4275005e-18,5.632889e-15,2.0723336e-16,1.7870299e-15,3.8388597e-14,3.881389e-16,2.6480896e-12,1.5485274e-17
4.1201916e-18,2.2775481e-18,2.5931497e-15,1.8106619e-23,7.923058e-10,1.2734192e-14,8.3438463e-16,1.9941367e-17
1.3776482e-14,1.0168227e-13,9.424964e-16,6.0210165e-14,9.4182685e-18,2.3309374e-17,1.0340758e-23,2.1754944e-15
6.5733356e-13,1.42939644e-11,3.6705817e-15,1.1338524e-24,5.3194737e-13,1.7992654e-17,3.2471332e-15,1.1254956e-18
2.1803692e-17,3.828155e-14,2.1711587e-15,1.26795614e-14,1.7310762e-13,2.7857391e-15,8.801856e-12,1.4157286e-16
4.8544785e-17,1.3269835e-17,2.074052e-14,2.703866e-22,3.5344958e-09,8.87716e-14,5.1923293e-15,9.6305575e-17
3.5278503e-15,1.9496034e-14,9.698651e-17,1.8095414e-14,4.0283399e-19,3.912021e-18,1.0978104e-25,6.256309e-17
2.8275032e-12,5.830916e-11,2.4194166e-14,2.604719e-23,2.8552397e-12,1.2522437e-16,1.3894015e-14,1.2319121e-17
8.9421136e-17,2.0435964e-13,1.5160982e-14,4.4901616e-14,8.5885324e-13,1.7853376e-14,3.25535e-11,1.1572976e-15
6.999186e-21,3.475454e-20,2.089089e-16,1.1829973e-25,6.5968675e-11,9.820718e-19,2.3856418e-16,1.6536831e-17
1.4436941e-14,8.8942607e-14,6.0885115e-16,7.1834886e-14,5.1654145e-18,2.0917596e-17,2.3966143e-24,5.3932997e-16
1.2998751e-11,2.4820881e-10,6.87665e-14,4.7070666e-22,1.7943494e-11,9.961279e-16,6.756544e-14,5.435638e-17
8.536034e-19,1.0363096e-18,1.7601897e-16,1.2170551e-15,1.243594e-16,2.6428905e-17,4.142279e-14,1.8449908e-19
1.2802434e-17,1.4900104e-18,4.7934264e-15,1.5222553e-22,1.7524109e-09,9.449742e-14,1.2255247e-15,2.7204056e-17
5.8547005e-14,3.1901977e-13,2.9358801e-15,2.8789444e-13,3.6532564e-17,1.8940712e-16,4.4817734e-23,5.160597e-15
9.3849505e-18,6.9925164e-13,8.136458e-16,7.486995e-24,4.2476614e-16,1.3903685e-19,6.3041897e-20,5.1432917e-19
4.6104923e-17,9.129371e-14,1.7442631e-14,1.3403837e-14,4.057725e-13,7.0611025e-15,8.668372e-12,8.2534663e-16
9.661532e-19,9.016297e-19,5.524695e-16,1.9257282e-22,8.357295e-11,1.7344224e-15,2.5959493e-16,1.0354372e-16
1.2998781e-14,4.9444274e-18,2.4917308e-18,8.576606e-19,2.6011084e-20,8.751271e-19,7.557635e-26,8.79388e-17
1.2389687e-11,3.6457795e-10,9.2151655e-14,1.9101373e-22,1.4409232e-11,4.713262e-16,2.3946614e-14,2.7653442e-17
3.6027305e-16,8.0485945e-14,3.0527972e-15,1.8689846e-14,1.3069091e-13,4.338205e-15,2.1517525e-12,5.7649896e-17
2.9003283e-21,9.853017e-21,3.592011e-17,2.278896e-25,1.9125285e-11,2.5541393e-19,5.021872e-17,2.193609e-17
1.4992614e-14,3.8159607e-13,2.153983e-15,5.1301465e-14,4.4909088e-17,1.3059771e-17,1.5351713e-23,3.4350113e-15
1.703478e-13,3.8081264e-11,5.77747e-14,7.1975404e-23,2.8915973e-12,8.3849115e-16,2.9110778e-15,3.1249987e-17
7.119456e-19,9.413524e-19,1.6797768e-16,9.351512e-16,1.628636e-16,4.3932385e-18,6.501709e-14,7.555695e-21
5.023556e-18,3.9136164e-19,2.0663195e-15,5.9196993e-23,1.375176e-09,5.978401e-14,3.4156582e-16,8.68463e-18
8.4128586e-14,3.304365e-14,2.0180057e-16,2.1778953e-14,5.073374e-19,1.1590991e-17,1.4824767e-24,1.9021673e-15
3.6385955e-18,1.3559754e-12,2.1500589e-15,1.0017708e-24,2.4858755e-16,1.507038e-20,1.0260652e-20,4.700793e-19
9.7579494e-18,4.973039e-14,9.369942e-15,4.711754e-15,1.7851852e-13,2.9601258e-15,4.334911e-12,2.6568112e-16
8.908776e-18,5.508629e-19,3.544997e-15,5.854908e-23,1.6721557e-09,7.1845294e-14,4.512394e-16,1.2667673e-17
1.3361694e-14,1.3263148e-18,1.3918177e-18,4.7677737e-20,1.0986511e-20,1.5127177e-19,1.6784681e-26,2.8442582e-17
1.0038604e-11,3.2427966e-10,4.0153397e-14,4.8953376e-23,1.2129209e-11,1.4476164e-16,1.1456012e-14,6.816618e-18
1.5044782e-17,5.75656e-14,1.12642575e-14,7.1021104e-15,1.9641458e-13,3.0410465e-15,5.742123e-12,3.1496176e-16
1.6121184e-18,4.0963367e-19,6.4776765e-16,2.6316763e-22,1.3855176e-09,5.738592e-14,5.5746986e-16,4.42805e-18
4.8138767e-15,1.8442507e-13,1.0057347e-15,2.3345627e-14,2.2439163e-17,3.7022164e-18,2.928719e-24,1.4766249e-15
1.0933443e-11,3.4622583e-10,3.750712e-14,5.6140094e-23,1.2929588e-11,1.7608816e-16,1.7088954e-14,1.1013384e-17
5.5981127e-18,8.018316e-14,9.361581e-15,2.3872635e-15,2.9331239e-13,1.1119317e-14,3.3757617e-12,5.7679397e-16
1.93903e-18,1.5588445e-19,8.0021897e-16,2.778458e-23,1.0125571e-09,2.9587613e-14,1.7698043e-16,3.543234e-18
9.032942e-15,1.7826878e-13,1.1302863e-15,4.114781e-14,1.9070987e-17,8.2270854e-18,3.9461067e-24,1.75862e-15
7.432391e-12,4.176799e-10,8.2058045e-14,8.037986e-23,1.4785726e-11,1.9706648e-16,5.5524386e-15,2.89336e-18
3.5669802e-18,2.80116e-14,5.477043e-15,2.0597012e-15,1.154794e-13,1.5244108e-15,3.3392468e-12,1.3799821e-16
3.9545706e-19,1.5774363e-19,1.3843848e-16,2.2672627e-22,1.3792765e-09,4.0718876e-14,3.4533904e-16,8.5291017e-19
2.245357e-15,3.3555068e-13,8.698995e-16,4.2956196e-15,7.917651e-17,5.0347956e-19,8.1644074e-24,2.2187831e-15
6.896885e-12,2.4869315e-10,2.5880814e-14,1.8834946e-23,9.514153e-12,6.373769e-17,4.8303396e-15,2.2875703e-18
7.807807e-19,5.80648e-14,5.003482e-15,5.7930336e-16,2.5507442e-13,1.1460427e-14,2.484435e-12,4.1353753e-16
3.2755791e-19,1.7961706e-19,1.0942115e-16,3.8115204e-22,1.3593726e-09,4.7346387e-14,4.3025875e-16,8.919313e-19
2.0757447e-15,1.1232233e-13,4.7029704e-16,9.216831e-15,1.3739356e-17,1.1271069e-18,1.0866323e-24,7.290942e-16
6.65166e-12,4.6766596e-10,6.582868e-14,2.6861714e-23,1.444013e-11,6.259986e-17,1.9191058e-15,3.932562e-19
6.478581e-19,6.1266456e-14,6.112344e-15,6.3201914e-16,3.1855155e-13,1.2375238e-14,3.3573842e-12,4.46241e-16
1.6708975e-19,3.3967196e-20,8.390571e-17,1.912951e-23,7.559773e-10,1.3867013e-14,7.243201e-17,2.423419e-19
4.535986e-16,3.2123623e-13,4.0309282e-16,7.211968e-16,1.2841227e-16,3.9241532e-20,5.0657228e-24,1.1116808e-15
1.02727046e-11,5.9280547e-10,9.332651e-14,5.6696216e-23,2.7147017e-11,8.071472e-17,1.4735414e-15,3.3347603e-19
2.26292e-19,1.9393041e-14,1.5884778e-15,2.315942e-16,6.9783765e-14,2.2930692e-15,1.1900593e-12,8.444838e-17
8.1957217e-20,6.75034e-20,2.811379e-17,1.798307e-22,9.192907e-10,2.701124e-14,2.607611e-16,2.533886e-19
3.000312e-16,4.5408317e-13,4.9940787e-16,6.5433915e-16,2.375036e-16,3.1839555e-20,4.467433e-24,1.2500155e-15
2.2625265e-12,1.6164631e-10,1.455117e-14,2.856088e-24,4.5012284e-12,1.3478394e-17,8.5932223e-16,1.477749e-19
1.4986114e-19,3.5746905e-14,2.5391937e-15,2.024861e-16,1.9095413e-13,1.0346724e-14,1.4551268e-12,2.666131e-16
1.473662e-19,5.053284e-20,6.668501e-17,5.651138e-23,8.7208013e-10,1.775598e-14,1.1658266e-16,3.0044647e-19
2.2964908e-16,7.5351265e-14,1.02121746e-16,4.283852e-16,1.7817798e-17,2.6487506e-20,5.0241895e-25,2.9659227e-16
5.4473175e-12,4.0980908e-10,5.6314738e-14,2.0383309e-23,1.7028559e-11,3.8295147e-17,5.3216274e-16,7.893092e-20
2.300661e-19,2.7315208e-14,2.1111854e-15,2.3549536e-16,1.01841224e-13,4.736786e-15,1.2387459e-12,1.3003157e-16
4.0105665e-20,5.0202554e-20,1.3657837e-17,2.4032906e-22,7.7973655e-10,1.8758524e-14,2.6945865e-16,1.1679481e-19
8.5014665e-17,2.8216025e-13,2.1506077e-16,1.3747646e-16,1.9724095e-16,4.34354e-21,1.677516e-24,7.054477e-16
3.3993715e-12,2.4219285e-10,2.6836848e-14,5.9889965e-24,6.8020147e-12,2.1045816e-17,8.044211e-16,1.3417641e-19
8.276245e-20,3.6531782e-14,1.9529967e-15,1.0341702e-16,2.4147798e-13,1.8344301e-14,1.4419096e-12,2.9477628e-16
1.3746517e-20,2.1021873e-20,5.0953515e-18,1.1247552e-22,4.3429346e-10,9.706582e-15,1.2790237e-16,6.158788e-20
1.7854414e-16,1.2052127e-13,1.4513542e-16,3.1670633e-16,4.4772415e-17,1.4524367e-20,1.0567054e-24,4.2706684e-16
2.9891627e-12,3.3723224e-10,5.23115e-14,1.48537e-23,1.3004158e-11,2.965333e-17,2.8753947e-16,3.2596723e-20
3.7794687e-20,2.1359543e-14,9.873247e-16,4.902043e-17,1.4089531e-13,1.2548513e-14,6.262948e-13,1.3871336e-16
1.5808578e-19,1.7263516e-20,8.783084e-17,4.3704255e-24,4.1513834e-10,6.3630136e-15,2.7767285e-17,2.697534e-19
5.7902696e-17,2.8966583e-13,1.2255196e-16,4.7391672e-17,2.2402227e-16,1.4138684e-21,2.6666595e-24,7.094011e-16
1.7085256e-12,2.3016153e-10,3.4032473e-14,5.780185e-24,7.75207e-12,1.8151005e-17,1.3991067e-16,1.3136899e-20
2.3546627e-19,8.643791e-15,9.60609e-16,2.100901e-16,2.615065e-14,5.770955e-16,7.201793e-13,2.430365e-17
3.538246e-20,8.304708e-20,9.83846e-18,9.520076e-22,1.1059802e-09,3.1684264e-14,5.1429464e-16,1.3484603e-19
2.7285434e-17,1.6992335e-13,6.7706725e-17,2.0011934e-17,1.1890791e-16,4.630768e-22,8.14493e-25,4.0580054e-16
1.8268167e-12,9.4466025e-11,7.030677e-15,1.1236947e-24,2.5834183e-12,8.496631e-18,6.5942087e-16,1.6865547e-19
7.27437e-20,6.3555925e-14,3.0059728e-15,1.1155077e-16,4.7573084e-13,4.507246e-14,1.7314107e-12,5.7687105e-16
1.0338807e-19,1.0295273e-20,6.494151e-17,1.8961455e-24,2.5863447e-10,4.239246e-15,1.5345319e-17,3.3374587e-19
2.2897116e-16,2.3953468e-14,6.0961544e-17,6.6340986e-16,3.697446e-18,4.663391e-20,1.0487095e-25,1.3072786e-16
5.171502e-12,5.938274e-10,1.0888543e-13,3.7022634e-23,2.5951786e-11,5.0685628e-17,2.7651557e-16,2.5577164e-20
2.1607929e-19,4.2496575e-15,6.707999e-16,2.1327158e-16,1.3914916e-14,2.3383393e-16,4.4152252e-13,1.0600723e-17
3.4184405e-20,4.1251707e-21,4.421503e-17,3.862377e-25,1.7185808e-10,1.5680981e-15,3.857502e-18,1.6180135e-19
4.3779328e-17,5.332416e-13,1.966872e-16,3.235433e-17,8.293929e-16,6.998008e-22,5.5889e-24,1.237726e-15
1.7559144e-12,8.267305e-11,4.777034e-15,7.9112183e-25,2.32549e-12,6.440268e-18,5.4297755e-16,1.3781598e-19
1.4866996e-19,2.317976e-15,3.0397225e-16,2.0595901e-16,4.8796776e-15,7.257584e-17,2.1621272e-13,3.4133232e-18
2.303101e-20,1.7074371e-20,8.643284e-18,5.535138e-23,6.98974e-10,1.3486565e-14,7.298229e-17,7.908523e-20
1.7228947e-16,1.9357307e-14,6.36422e-17,9.824105e-16,1.6849029e-18,4.5534697e-20,2.8801444e-26,7.389076e-17
3.905574e-13,2.9939797e-11,1.5879446e-15,1.0078188e-25,7.532156e-13,1.745644e-18,3.118391e-16,7.6051166e-20
2.5368057e-20,1.5134143e-14,1.1480068e-15,6.713039e-17,8.629761e-14,3.1784661e-15,8.817563e-13,7.8528894e-17
4.034997e-20,2.0411962e-21,3.552249e-17,1.9768748e-25,1.4750749e-10,1.4223984e-15,2.8911644e-18,1.04545736e-19
1.685779e-16,8.157844e-15,2.2010944e-17,1.2638967e-15,2.3028385e-19,4.4806694e-20,4.021966e-27,2.1994661e-17
4.8023378e-12,3.1217987e-10,2.441389e-14,4.205547e-24,1.333582e-11,8.787001e-18,1.9821926e-16,1.32920565e-20
6.519037e-20,1.5140661e-15,2.2177835e-16,8.087006e-17,3.581315e-15,5.2469403e-17,1.6204705e-13,2.3048788e-18
3.5649344e-21,1.2472967e-21,5.610213e-18,7.380081e-27,5.296215e-11,6.1331955e-17,7.8646937e-19,3.447881e-20
2.0366737e-17,1.5560806e-13,1.0263962e-16,5.9366104e-17,1.0420507e-16,7.5564115e-22,2.539055e-25,2.1399853e-16
5.7117755e-13,3.3100092e-11,9.886589e-16,6.61597e-26,6.778594e-13,1.2784516e-18,2.6196752e-16,4.6979946e-20
1.2718059e-20,4.7185326e-16,1.4417684e-17,3.8003076e-17,1.20687e-15,1.813301e-17,1.0296076e-13,1.3131344e-19
1.6033525e-20,2.4966651e-21,2.467442e-17,6.9163066e-26,1.217325e-10,2.491705e-16,1.6350772e-18,1.1997435e-19
9.8690614e-17,4.3100475e-15,1.6971409e-17,5.4106707e-16,2.1404801e-19,2.1704738e-20,3.403244e-27,2.0719688e-17
9.72326e-15,4.271549e-12,1.237041e-16,1.650215e-27,7.4545025e-14,2.775212e-19,7.3409215e-17,6.5577683e-21
3.245119e-20,1.0652257e-15,9.5474146e-17,7.6942177e-17,2.4291253e-15,5.1603358e-17,1.7643669e-13,3.7346406e-19
1.8333856e-20,1.1190892e-21,2.4338719e-17,3.2230752e-26,9.1889045e-11,3.652938e-16,1.1993689e-18,5.968004e-20
7.357181e-17,4.8728487e-16,1.2003255e-18,3.7091896e-16,2.7734837e-21,2.892849e-20,2.128574e-28,2.5884415e-18
4.52436e-14,1.7444721e-11,2.5684278e-16,1.0714714e-26,2.6225788e-13,8.652879e-19,1.5279089e-16,2.2109958e-20
3.3001476e-20,7.679999e-16,4.9038384e-17,5.244339e-17,1.7384298e-15,2.1378953e-17,9.3616216e-14,4.7080256e-19
4.905507e-23,1.5360508e-22,6.901809e-19,5.5944774e-28,6.366552e-13,5.5379135e-20,4.023809e-19,1.1845228e-19
1.1244197e-16,8.8183727e-16,3.8494463e-18,6.908193e-16,1.1248465e-20,4.762284e-20,2.1016027e-27,1.22358955e-17
1.0139679e-13,9.51027e-12,2.6204846e-16,9.967457e-27,1.8244478e-13,5.789225e-19,1.5679535e-16,1.7035334e-20
2.9785246e-20,1.2628489e-18,5.949867e-19,1.5154223e-17,1.6542573e-17,1.8511746e-18,1.6500299e-15,6.894851e-22
4.5979697e-24,3.1734375e-23,1.0152116e-18,2.851975e-30,1.6907769e-12,1.1397778e-21,7.635848e-19,1.4952815e-20
1.015631e-16,1.5010804e-15,5.076281e-18,6.4243256e-16,1.91167e-20,3.6281137e-20,6.05018e-28,6.924624e-18
2.1395992e-18,4.5067472e-14,3.804122e-17,1.3684416e-27,7.404399e-17,2.1290537e-20,3.6217525e-20,6.833218e-21
4.5943976e-22,1.0370712e-21,8.224096e-20,6.905183e-18,4.182565e-20,5.936194e-20,2.4540937e-17,6.1640663e-23
5.335308e-23,5.753836e-22,6.492365e-18,2.2051075e-28,6.725975e-12,1.1275832e-20,5.933755e-18,2.907088e-19
2.997452e-16,1.1796939e-18,3.5404203e-20,2.8239088e-19,3.352662e-23,5.219959e-21,1.577013e-29,7.9617116e-19
3.5234687e-21,1.0101255e-15,8.995991e-19,4.4964036e-28,9.170373e-20,7.727403e-23,2.3374037e-23,6.820791e-22
1.2140797e-20,1.7950532e-20,1.6116816e-18,8.671293e-17,4.2075152e-19,4.26944e-19,2.6357736e-16,8.538138e-22
3.1143377e-23,2.9559514e-22,1.5225835e-18,8.9714084e-29,2.099251e-12,8.385146e-21,2.6934533e-18,2.220565e-19
2.8538443e-17,6.9080143e-22,9.466046e-22,3.9943933e-22,1.2017427e-23,1.3382764e-21,2.2465993e-30,1.0700496e-19
3.7813146e-20,8.703347e-15,1.9068222e-17,1.23221206e-26,1.065915e-18,1.0276238e-21,2.343011e-22,1.591488e-20
2.4336361e-20,8.349396e-21,5.2998005e-19,6.201066e-17,3.684336e-19,1.8684203e-19,7.6288095e-17,2.5831194e-22
1.0601365e-18,4.550954e-19,7.6871803e-16,4.2879868e-24,3.420486e-10,3.5995038e-15,8.829712e-17,6.3768784e-18
2.664352e-16,7.901583e-21,1.28026096e-20,3.6183675e-21,2.4781703e-22,1.1113897e-20,6.986673e-29,8.549232e-19
2.3836722e-20,8.1982125e-15,1.280468e-17,2.9404467e-27,5.531561e-19,5.7186276e-22,1.7311243e-22,1.3345965e-20
3.3463588e-18,1.9918856e-14,4.2023732e-16,2.6295384e-15,4.754131e-14,1.0326845e-15,3.1117429e-12,1.12140355e-17
1.6448655e-21,4.4906428e-21,5.387477e-17,1.8823865e-25,3.499636e-11,2.207626e-19,2.4517263e-17,1.3680259e-17
2.0345782e-16,3.5390543e-21,8.7170765e-21,2.9429014e-21,5.613196e-23,3.5472586e-21,2.8030198e-29,4.9377337e-19
7.742845e-13,2.183143e-11,7.300492e-15,2.1268493e-24,9.115944e-13,2.691688e-17,4.7925853e-15,1.7160909e-18
9.0052924e-20,4.2039216e-19,1.6114865e-16,5.098818e-16,4.1735345e-17,3.5925984e-18,3.339664e-14,4.1493496e-21
8.552448e-22,3.695847e-21,6.4185655e-17,1.9920975e-26,2.6834378e-11,1.7359546e-19,2.1520672e-17,2.6993162e-18
5.0970513e-15,2.3325998e-14,1.665923e-16,2.87281e-14,7.43028e-19,5.1378425e-18,1.8268046e-25,1.3539467e-16
1.6497442e-18,8.7678205e-13,5.530008e-16,8.43122e-25,1.7445341e-16,5.8552044e-21,3.2357969e-21,9.1503844e-20
2.468295e-20,1.0889174e-19,3.8075484e-17,3.3571277e-16,1.0198117e-17,3.7273552e-18,6.864643e-15,7.358457e-21
8.635303e-19,7.247423e-19,3.7057967e-15,1.7849242e-23,6.9000766e-10,1.1160871e-15,4.86334e-16,4.3146e-17
8.888897e-15,4.502603e-19,7.790997e-19,2.7445736e-20,9.04909e-21,7.392618e-20,6.288867e-27,2.9352163e-17
3.4839508e-19,7.220536e-14,4.82389e-17,9.7777e-25,3.1866822e-17,4.109276e-21,1.3768604e-21,2.7179533e-20
2.8224563e-18,8.2984866e-16,2.6931184e-15,1.0911905e-14,1.02089146e-14,1.6474324e-15,1.4322039e-12,7.578278e-18
1.4758953e-19,1.4212294e-19,6.1947835e-15,2.470956e-24,2.4045985e-10,1.6751559e-17,7.7537105e-16,7.444644e-17
2.3080322e-15,9.849865e-20,2.9166406e-19,2.9792176e-20,4.9276248e-21,9.179298e-20,2.40768e-27,2.6861388e-17
5.546109e-15,1.2135226e-11,2.1701814e-15,1.0726228e-22,1.2078938e-13,6.97755e-18,6.0665764e-17,3.9111854e-18
6.21034e-19,1.9764145e-18,3.466763e-15,5.9329487e-15,3.1693233e-16,1.96463e-16,4.0324338e-13,1.8813871e-19
2.0293033e-20,4.9695722e-20,7.278798e-16,9.054838e-25,1.6337622e-10,2.4356354e-18,1.6580804e-16,3.029962e-17
5.9471145e-14,4.275868e-16,1.7184641e-16,8.71394e-16,1.4935499e-18,1.6733932e-17,1.07394e-24,3.2906148e-15
2.835159e-17,2.5650157e-12,3.678963e-16,1.7930873e-22,9.548767e-16,8.4254536e-20,6.741359e-20,2.5760985e-18
2.3553006e-19,1.8557348e-18,7.295561e-16,2.0137927e-15,3.059161e-16,6.79904e-17,1.5614382e-13,5.3674477e-20
1.7199379e-18,8.6518563e-19,1.4093279e-15,7.4400186e-24,5.41773e-10,5.461791e-15,2.4315439e-16,6.1053907e-18
7.6511016e-14,1.5858175e-18,2.2714239e-17,1.5167285e-18,3.6354722e-19,7.019438e-18,1.786204e-24,1.9593693e-15
7.603326e-18,1.5304495e-12,6.041038e-16,2.161918e-23,9.075351e-16,4.3462108e-20,2.7840747e-20,4.8206106e-19
4.7913717e-18,3.2148187e-14,8.668288e-16,3.826131e-15,6.029245e-14,2.0708962e-15,3.6156794e-12,3.695065e-17
1.1420037e-18,1.0141626e-18,1.3550945e-15,2.4272537e-23,3.515044e-10,4.4504606e-15,2.5214225e-16,8.9654715e-18
2.842603e-14,1.69233e-18,4.7482123e-18,5.1962225e-19,7.362561e-20,1.8728955e-18,1.1362549e-25,3.971524e-16
7.1657974e-13,2.936284e-11,5.7717507e-15,5.5102546e-24,1.6300006e-12,6.8379765e-17,5.475497e-15,3.07283e-18
1.3347155e-17,6.0075154e-14,1.7301733e-15,7.660604e-15,5.4379376e-14,4.6600055e-15,2.0389916e-12,5.200412e-17
3.858129e-21,4.4942784e-20,3.7674567e-16,4.2243064e-26,5.1123574e-11,6.095241e-19,1.7117189e-16,1.0226204e-17
6.010721e-15,1.4118684e-14,1.1308291e-16,2.3474847e-14,8.857468e-19,9.287829e-18,5.913893e-25,3.209289e-16
2.3977386e-13,3.056171e-11,6.680831e-15,1.1194426e-23,2.0276595e-12,1.575454e-16,3.598982e-15,7.6334626e-18
2.508936e-19,5.261105e-19,1.0168444e-16,2.2269828e-15,2.1851738e-17,2.4041497e-17,1.5350643e-14,7.358209e-20
5.7387137e-21,3.3999863e-20,2.5564926e-16,4.1985384e-26,8.254621e-11,5.9246817e-19,2.7381163e-16,8.153321e-18
9.675566e-15,7.916783e-15,6.0895535e-17,1.492209e-14,5.4162587e-19,9.529252e-18,1.0068163e-24,7.7640993e-16
7.1846623e-19,8.0953365e-14,1.3377542e-16,6.2731588e-24,5.759516e-17,2.516085e-20,7.763872e-21,4.194679e-19
1.9476656e-19,4.8284693e-19,7.386259e-17,1.7374751e-15,2.1628981e-17,1.33636115e-17,1.3773618e-14,6.9548486e-20
2.7387677e-21,1.1265298e-20,1.09518865e-16,2.432784e-26,4.4821258e-11,3.1767261e-19,1.154312e-16,5.118144e-18
7.35256e-15,2.512959e-19,6.540686e-19,1.3114724e-19,2.422244e-20,7.036566e-19,1.721329e-26,8.597676e-17
1.3975104e-18,1.3427871e-13,2.1016947e-16,4.670449e-24,6.858118e-17,3.259946e-20,8.176824e-21,3.037064e-19
9.2418395e-20,2.7231334e-19,5.218794e-17,1.1365339e-15,1.2642281e-17,5.5094096e-18,7.8460704e-15,2.8365716e-20
9.063871e-22,6.1483058e-24,2.1534387e-17,3.8738568e-25,2.3065181e-15,7.235939e-17,3.955084e-19,5.7166674e-21
6.6818757e-15,2.8442228e-19,5.506759e-19,1.214409e-19,2.5243334e-20,6.625313e-19,2.0691557e-26,5.591906e-17
8.1171937e-19,8.081698e-14,9.598758e-17,2.1391275e-24,3.7796473e-17,1.1572726e-20,2.8903328e-21,9.4366373e-20
3.919919e-20,1.2675063e-18,8.089686e-18,1.4906088e-16,9.20329e-18,3.804425e-18,9.835537e-17,1.1922099e-21
1.4208214e-21,5.505956e-21,2.0561427e-17,9.130861e-27,1.7665947e-11,1.2506425e-19,5.2612108e-17,4.9102e-18
3.0735385e-15,1.2512438e-19,3.3785262e-19,5.7185904e-20,1.3641675e-20,2.5499825e-19,6.006788e-27,2.8495906e-17
2.5952226e-19,4.1377754e-15,1.31151174e-20,3.1285282e-25,1.2805401e-19,1.886565e-23,1.0134268e-20,1.4554184e-23
2.3327675e-19,1.1917201e-19,1.5227295e-17,7.576205e-16,1.0332746e-17,1.5803041e-18,1.9983498e-15,5.6158576e-21
2.1539672e-22,1.1511475e-21,1.0221915e-17,2.0418131e-27,1.0425782e-11,2.7408174e-20,1.4840097e-17,1.5719586e-18
1.8676597e-17,8.4744866e-19,4.614305e-19,3.0845126e-20,2.301158e-22,2.3031384e-18,1.1947189e-28,2.2847522e-19
5.01465e-19,8.0509275e-14,8.8905835e-17,3.7391765e-25,1.7717218e-17,6.4810465e-21,1.4714752e-21,1.0286288e-19
5.630576e-20,6.019425e-20,9.4258166e-18,3.0219867e-16,1.9206993e-18,3.7892872e-19,1.2971208e-15,1.9212681e-21
3.5375272e-22,1.9497972e-21,1.8450771e-17,3.4633316e-27,1.5198095e-11,3.698557e-20,2.1335772e-17,2.1621217e-18
2.3669874e-15,3.0136e-20,1.7247924e-19,2.7112534e-20,2.460275e-21,6.6519506e-20,1.9797331e-27,1.3549432e-17
1.7001002e-19,3.9473385e-14,6.715139e-17,6.2055336e-26,6.6654706e-18,1.9787954e-21,4.25008e-22,4.7532638e-20
4.2672884e-20,6.528419e-20,1.2032326e-17,3.4534036e-16,2.48089e-18,8.0006817e-19,1.570247e-15,2.8549925e-21
1.9055521e-22,1.1042388e-21,8.9797445e-18,1.4313545e-27,1.0363468e-11,1.8764692e-20,1.3925513e-17,1.1312377e-18
9.256925e-16,1.5439832e-20,2.9009938e-20,5.262786e-21,9.117483e-22,1.4852986e-20,2.335125e-28,2.4279267e-18
1.8670096e-19,3.5686955e-14,4.7063063e-17,1.4388505e-25,7.9280125e-18,2.338039e-21,4.7374195e-22,3.623964e-20
3.059073e-20,4.2844476e-20,6.888792e-18,2.1124006e-16,1.502069e-18,3.7304403e-19,1.2313026e-15,1.5617653e-21
1.0879814e-22,6.213553e-22,5.1640352e-18,6.82215e-28,7.646544e-12,1.0474408e-20,8.472583e-18,6.323606e-19
1.0603647e-15,1.6056967e-20,5.3886403e-20,8.041307e-21,1.5037179e-21,2.7083178e-20,4.9440634e-28,4.748611e-18
1.5444964e-19,3.1978296e-14,4.8055597e-17,5.0423887e-26,5.638513e-18,1.4044238e-21,3.3078069e-22,2.9459582e-20
1.7583942e-20,2.4189937e-20,3.98492e-18,1.2770832e-16,9.728582e-19,2.220616e-19,8.5427254e-16,7.2715325e-22
5.811007e-23,3.769199e-22,4.0141214e-18,4.0264004e-28,5.879886e-12,6.027165e-21,5.154136e-18,4.215452e-19
7.141064e-16,1.05438015e-20,2.3877491e-20,4.364334e-21,7.937106e-22,1.3830043e-20,2.201779e-28,1.89077e-18
9.125426e-20,2.3603432e-14,3.3130562e-17,2.2017393e-26,3.4330413e-18,7.2696463e-22,1.7234811e-22,1.7807103e-20
1.3058357e-20,1.6738948e-20,3.1155224e-18,8.5549176e-17,6.273247e-19,1.6007377e-19,6.983895e-16,4.4676083e-22
4.9789196e-23,2.401366e-22,2.0574678e-18,5.9583573e-28,3.7041e-12,6.3246375e-21,2.6030966e-18,4.035538e-19
4.7181366e-16,5.5041285e-21,1.3365681e-20,2.3059217e-21,4.1491095e-22,8.4290504e-21,1.0444401e-28,1.0925254e-18
5.8527507e-20,1.8678764e-14,2.889523e-17,1.1246242e-26,2.1187336e-18,4.8461025e-22,1.1822684e-22,1.4358823e-20
1.3553236e-20,1.2967812e-20,2.9056593e-18,5.214536e-17,9.380831e-19,1.0775539e-19,7.8500483e-16,2.170745e-22
3.6772237e-23,2.0620444e-22,2.3705621e-18,2.504077e-28,4.5836117e-12,3.6627937e-21,3.1184591e-18,2.903641e-19
3.66599e-16,4.317604e-21,8.405385e-21,1.4868683e-21,2.4781138e-22,6.4515205e-21,5.9951527e-29,6.449411e-19
5.0918873e-20,2.6859635e-14,3.753068e-17,7.838843e-27,2.4820262e-18,3.475808e-22,9.7666376e-23,8.7499925e-21
5.799808e-21,1.0181969e-20,2.0930914e-18,5.1869194e-17,4.1790904e-19,8.7759714e-20,5.3174066e-16,2.305604e-22
4.347921e-19,6.791279e-20,2.0116494e-16,2.5682425e-23,2.8975078e-10,8.9719864e-15,7.631953e-17,2.6140822e-18
4.126645e-16,5.7890865e-21,1.153535e-20,1.2191889e-21,1.6375207e-22,3.2930406e-21,6.3185344e-29,6.8520964e-19
4.1369603e-20,1.4586183e-14,1.6452768e-17,6.500091e-27,1.7845748e-18,2.3531774e-22,6.089581e-23,6.166684e-21
2.1948046e-18,1.5731347e-14,2.3446645e-15,8.0554813e-16,4.4131938e-14,1.1883315e-15,1.0607243e-12,4.3579716e-17
7.395499e-19,8.952101e-20,3.122307e-16,2.6357742e-23,4.6759285e-10,1.4402645e-14,8.73487e-17,2.54075e-18
2.355394e-16,2.2151485e-21,5.332608e-21,7.733069e-22,1.5727652e-22,2.9435751e-21,2.836429e-29,4.563053e-19
3.757425e-12,1.5292694e-10,2.0189125e-14,1.0741249e-23,5.2788655e-12,6.120575e-17,1.6061602e-15,1.020356e-18
1.6796597e-18,1.9610978e-14,2.8916318e-15,9.382277e-16,5.240647e-14,1.2506929e-15,1.6048001e-12,4.8946805e-17
1.6653914e-21,2.3606771e-21,2.7764201e-18,4.306886e-25,1.2110086e-12,4.9165353e-18,9.694906e-19,9.080255e-19
9.0127e-16,4.5971077e-14,2.3054702e-16,2.6580796e-15,5.6555306e-18,2.3867485e-19,3.7104038e-25,3.6268336e-16
5.6645305e-12,1.870094e-10,1.9288018e-14,1.0099211e-23,6.5391624e-12,5.0410656e-17,2.2127817e-15,1.0432866e-18
5.2912986e-18,1.387997e-15,1.9212353e-17,1.6105339e-16,8.5179613e-16,6.2537084e-17,1.7290492e-14,1.2313377e-19
2.0574352e-19,2.4281651e-20,1.1935372e-16,5.6464163e-24,2.0005018e-10,4.4772294e-15,2.4435379e-17,8.723306e-19
9.514371e-16,4.8837396e-14,2.725507e-16,3.8313744e-15,7.913842e-18,3.2521596e-19,4.644737e-25,3.8146595e-16
1.1305061e-15,1.0847628e-12,1.0563676e-15,3.7302564e-26,3.0092556e-14,8.921903e-18,2.0537755e-17,2.563207e-19
7.3708544e-19,8.185557e-15,9.347482e-16,3.4879454e-16,1.810211e-14,5.2731486e-16,5.182589e-13,1.444025e-17
2.5914336e-19,2.579272e-20,1.612532e-16,5.9409166e-24,2.4311156e-10,5.359768e-15,2.3599077e-17,8.767443e-19
2.0763782e-15,1.6469289e-16,6.7470744e-19,1.1044858e-16,4.61136e-22,3.828574e-20,8.835525e-28,1.1665689e-17
1.707952e-12,7.677764e-11,7.816883e-15,2.0194606e-24,2.1825551e-12,1.9226649e-17,8.6005687e-16,4.2481737e-19
7.0339086e-19,8.526873e-15,1.2377922e-15,3.947448e-16,1.8680937e-14,4.5882123e-16,6.742798e-13,1.4648361e-17
9.631699e-24,3.1495347e-23,4.5894976e-20,1.510467e-29,2.8565838e-13,7.8888696e-22,3.3042303e-19,4.1550216e-20
4.449915e-16,1.7648272e-14,8.7827496e-17,1.4461599e-15,1.7397672e-18,1.2250828e-19,8.90541e-26,1.4170362e-16
2.2673736e-12,8.9837346e-11,7.17687e-15,1.810219e-24,2.4189114e-12,1.6216917e-17,9.963749e-16,4.39565e-19
7.182819e-21,7.282609e-22,6.046028e-20,5.840847e-18,3.818643e-19,8.268572e-21,3.6181955e-17,4.3296213e-24
7.6673307e-22,2.9761705e-22,1.1913435e-18,6.642117e-26,5.2876903e-13,2.6335898e-18,2.7972552e-19,2.5186404e-19
4.481841e-16,1.74681e-14,9.317038e-17,1.9195816e-15,1.7694988e-18,1.470781e-19,1.0261606e-25,1.2793849e-16
8.098412e-21,7.848016e-15,3.8100018e-18,1.2277064e-28,2.4022493e-19,2.3014025e-23,1.1385122e-23,1.1923463e-21
1.742218e-18,3.3299732e-16,7.7759775e-18,2.9594904e-17,2.4483535e-16,2.5058206e-17,2.749212e-15,5.0177093e-20
4.3770417e-20,8.5250914e-21,2.7381571e-17,2.8987974e-24,8.095471e-11,1.7653346e-15,1.3859005e-17,3.8335598e-19
7.691254e-17,1.0941872e-22,1.4473918e-21,1.2922023e-22,2.645433e-24,1.9123609e-22,3.3229706e-30,8.7118294e-20
9.330559e-16,8.9470456e-13,3.0131003e-16,9.94615e-27,1.33946106e-14,4.5646395e-18,1.0038247e-17,9.5139154e-20
3.0627293e-19,3.8640762e-15,4.0004445e-16,1.3491827e-16,1.1048073e-14,3.8546667e-16,2.3867196e-13,7.218539e-18
3.3011547e-20,1.0178513e-20,2.1968245e-17,8.1123134e-24,3.749766e-11,7.2828253e-16,1.535586e-17,9.447628e-19
6.0662324e-16,5.5135125e-17,3.057791e-19,2.7538064e-17,1.3502392e-22,8.9388215e-21,2.696863e-28,6.6697186e-18
8.226369e-13,4.8035954e-11,5.0048564e-15,1.0955018e-24,1.5135081e-12,1.3486521e-17,2.6568313e-16,1.2994409e-19
1.225322e-18,5.144558e-15,3.8285524e-16,1.7436225e-16,1.0251177e-14,8.008969e-16,1.157131e-13,6.3382934e-18
1.8603967e-20,4.706853e-21,1.5020126e-17,2.2976905e-24,1.8334884e-11,2.9833294e-16,7.3643096e-18,7.4176496e-19
1.6495068e-16,1.1939028e-14,4.1221427e-17,3.7582275e-16,9.705045e-19,2.4736395e-20,2.7207668e-26,8.5598794e-17
2.7770627e-13,4.010761e-11,7.111653e-15,2.0832393e-24,1.1432297e-12,3.758512e-17,2.0041048e-16,2.87516e-19
1.169594e-18,2.5562504e-15,1.9418819e-16,1.2049373e-16,4.926399e-15,3.8136846e-16,6.038855e-14,2.8133196e-18
8.505148e-21,5.448893e-21,4.126294e-18,1.1576594e-23,1.9951664e-11,3.6615178e-16,1.4603503e-17,4.6703e-19
4.5406085e-16,7.465184e-15,2.9400798e-17,2.6090637e-16,3.9679288e-19,3.0740933e-20,5.0605026e-26,1.6255821e-16
1.1618395e-13,2.0660992e-11,3.46839e-15,7.6672014e-25,5.1682654e-13,2.4689106e-17,1.308476e-16,2.3085293e-19
5.488849e-19,3.763092e-15,2.1618351e-16,6.536652e-17,1.1292955e-14,1.0772972e-15,6.988366e-14,4.8273665e-18
5.668549e-20,8.606027e-21,3.3642154e-17,2.9516779e-24,1.523191e-10,2.5612576e-15,1.1817574e-17,2.3731124e-19
4.647612e-16,3.552632e-15,1.4678007e-17,2.0835339e-16,9.525427e-20,2.820613e-20,1.7416792e-26,9.045346e-17
1.7829019e-13,4.0315917e-11,7.471309e-15,1.959704e-24,1.3104168e-12,3.4790932e-17,6.338973e-17,7.7424635e-20
1.4571826e-19,4.575141e-15,4.749431e-16,1.1267685e-16,1.2227236e-14,3.370987e-16,3.7729138e-13,7.021232e-18
2.5847274e-21,4.505122e-22,2.805892e-18,1.3682917e-25,1.1347701e-12,8.97252e-18,6.0448777e-19,4.8259097e-19
1.8453878e-16,6.200008e-15,1.5857214e-17,5.1506403e-17,4.3298467e-19,3.9078536e-21,3.851869e-26,1.5118373e-16
1.3544066e-12,6.3590466e-11,4.786994e-15,6.6598305e-25,1.8344668e-12,6.7566594e-18,2.9780196e-16,8.5286735e-20
2.3448132e-18,4.431113e-16,1.9461154e-17,4.0064136e-17,5.0477076e-16,4.5597167e-17,4.178541e-15,1.318656e-19
8.1929396e-20,2.5299828e-20,3.655473e-17,1.2300206e-23,2.9601505e-10,8.448294e-15,5.295057e-17,3.6090386e-19
1.1524333e-16,1.2324451e-14,4.0512597e-17,3.9442417e-16,1.5129955e-18,1.9858136e-20,3.0096732e-26,6.4263324e-17
3.7116683e-15,2.4262536e-12,4.1732027e-16,3.3960872e-26,3.552356e-14,8.834829e-18,2.3630878e-17,1.5297262e-19
1.746449e-19,8.556689e-15,9.088794e-16,1.9583149e-16,3.7040178e-14,1.1376529e-15,7.1952166e-13,2.7737962e-17
3.0945083e-19,3.189839e-20,2.9739552e-16,7.7104345e-25,2.6683625e-10,1.9610594e-15,2.190916e-17,9.379614e-19
8.093614e-16,1.2245942e-16,9.385126e-19,5.6293816e-17,4.5990444e-22,1.4581714e-20,9.04326e-28,1.8203911e-17
3.6059135e-12,1.366784e-10,1.3401664e-14,3.867716e-24,5.1284597e-12,1.7906104e-17,4.572801e-16,1.0520465e-19
6.4496074e-19,4.481809e-15,4.1317169e-16,5.0289484e-16,1.326353e-14,2.7282113e-16,7.7975023e-13,5.5720995e-18
1.4078842e-20,1.0955666e-20,2.5362678e-17,1.50619e-24,9.38081e-12,7.1419323e-17,5.638556e-18,1.7234977e-18
1.046636e-16,5.0846344e-14,1.2282995e-16,4.481567e-16,1.25708185e-17,1.6914504e-20,1.1357478e-25,1.6722708e-16
5.323544e-13,2.998163e-11,1.8376124e-15,3.63793e-25,6.1153003e-13,8.385734e-18,1.2999841e-15,3.7086607e-19
6.9233028e-18,3.5404963e-15,1.1198566e-16,4.7846917e-16,3.0982115e-15,2.970905e-16,6.001995e-14,1.0688752e-18
7.0444506e-22,2.6636036e-21,3.034564e-18,5.57867e-26,1.1115511e-12,1.2520132e-18,1.8223566e-18,9.159156e-19
9.766748e-16,7.6720975e-15,4.522628e-17,5.3990244e-15,2.093929e-19,8.433305e-19,5.558447e-26,6.309132e-17
1.0064912e-14,4.34967e-12,2.9264095e-15,3.2030977e-25,1.0979428e-13,2.4931965e-17,1.1634498e-16,9.556404e-19
2.4056712e-18,1.7678542e-16,6.875403e-18,1.668034e-16,3.269143e-16,3.2750205e-17,1.3514222e-14,3.283221e-20
3.7394713e-20,3.2695105e-20,4.005971e-17,7.728482e-26,2.190643e-11,8.771399e-17,1.567881e-17,1.1666931e-18
2.7308058e-15,1.146392e-15,5.2288953e-18,5.4387313e-16,9.4880314e-21,2.0964787e-19,9.3493545e-27,5.4864475e-17
1.3896918e-16,3.4147059e-13,7.8727197e-16,1.8341843e-26,2.550805e-15,2.134431e-18,4.0215553e-18,2.4722066e-19
1.0788417e-18,1.1720031e-15,1.7599538e-17,3.568222e-16,4.5489498e-15,1.4197523e-16,2.6075702e-13,9.202303e-19
2.0469385e-18,1.5884018e-19,9.559847e-16,1.1203995e-23,6.334052e-10,2.0270811e-14,1.3534664e-16,4.734051e-18
2.0910436e-15,6.367425e-17,4.1291737e-19,2.5188065e-17,3.108073e-22,5.422127e-20,5.4849103e-28,4.8051174e-18
2.2077157e-14,1.6902769e-12,9.834192e-16,1.01069475e-25,3.9630076e-14,6.580382e-18,3.8987063e-16,1.9635405e-19
4.5568276e-18,1.9675945e-14,2.8126155e-15,2.1599404e-15,5.9634935e-14,1.1286317e-15,1.8775437e-12,6.417758e-17
3.5433112e-20,5.470681e-20,3.6274825e-17,5.0690277e-24,8.182822e-12,6.637032e-17,2.3926854e-17,1.207647e-17
2.0213505e-15,2.7185516e-15,1.1464564e-17,2.7153594e-15,1.5668862e-20,7.260097e-19,6.726231e-27,1.3859112e-17
4.7043623e-12,1.3730786e-10,1.6546951e-14,8.382191e-24,3.3972519e-12,6.0208816e-17,5.9161114e-15,3.3039045e-18
4.240067e-17,6.8080265e-15,1.5692701e-16,1.5714155e-15,8.867155e-15,5.25672e-16,2.0110004e-13,2.057672e-18
4.268123e-18,7.29747e-19,2.0204794e-15,2.3070545e-23,1.2279502e-09,1.805859e-14,4.3330757e-16,1.3754565e-17
2.8868482e-15,5.768848e-14,4.0317125e-16,1.33398185e-14,5.1378037e-18,1.8289238e-18,6.72824e-25,4.4465895e-16
1.2823862e-14,5.492597e-12,8.246768e-15,1.4162467e-24,1.8948437e-13,9.5871954e-17,2.451765e-16,3.3757963e-18
8.897534e-18,3.472496e-14,3.2673743e-15,5.884803e-15,1.247404e-13,1.9242077e-15,5.7797903e-12,1.0553521e-16
2.3901587e-17,4.555177e-18,1.0057082e-14,4.0696347e-22,3.9110093e-09,1.0087653e-13,1.5898237e-15,5.4149834e-17
1.5112797e-14,2.3948156e-15,1.1378818e-17,1.419596e-15,1.2991083e-20,7.177978e-19,3.964314e-26,1.1629971e-16
4.2316354e-12,1.450617e-10,2.0044205e-14,1.7329274e-23,5.035957e-12,1.0439923e-16,1.1788145e-14,4.958632e-18
5.3419638e-17,2.160915e-13,2.0824119e-14,3.2131815e-14,4.1877127e-13,9.519966e-15,1.5962684e-11,8.3757037e-16
4.9762363e-18,3.2529055e-18,1.9780845e-15,2.2742878e-22,7.1942935e-10,1.7985098e-14,7.3440906e-16,7.361336e-17
9.862335e-15,8.085321e-14,5.7479523e-16,4.700034e-14,4.9033683e-18,9.433874e-18,1.7821677e-24,6.0546725e-16
1.0849848e-11,3.921457e-10,8.445769e-14,2.1080876e-22,2.0442963e-11,5.383104e-16,4.5913855e-14,2.8418074e-17
1.1764234e-16,2.098165e-13,5.3024e-15,3.285129e-14,2.341467e-13,6.186046e-15,7.14702e-12,2.2081429e-16
1.2307661e-17,1.7031976e-18,5.4120975e-15,6.828208e-23,1.64844e-09,3.9442604e-14,8.586964e-16,3.2480716e-17
4.5760684e-14,3.034809e-13,2.4242746e-15,2.1787896e-13,3.3752314e-17,5.9779926e-17,1.8374506e-23,3.384957e-15
8.8860077e-13,9.405611e-11,8.9381885e-14,8.5996845e-23,6.2658307e-12,7.200395e-16,1.575023e-14,2.893582e-17
2.808185e-17,6.727854e-14,7.944435e-15,1.1989506e-14,1.9928213e-13,3.818039e-15,8.591159e-12,3.237435e-16
3.6965014e-18,1.153039e-18,2.0322832e-15,2.0638928e-23,1.2322673e-09,1.1911277e-14,6.24451e-16,1.5898037e-17
1.0275399e-13,1.0949167e-13,7.2212455e-16,9.1981666e-14,4.900694e-18,3.6799154e-17,2.6806732e-24,2.1006694e-15
8.451853e-12,2.174886e-10,3.804643e-14,6.5721365e-23,8.409449e-12,2.5182697e-16,2.7637508e-14,1.5564454e-17
1.16660905e-17,3.751814e-14,3.4800658e-15,8.417155e-15,1.6133713e-13,2.4381303e-15,9.101303e-12,1.22689e-16
1.8399644e-20,6.158435e-20,5.114051e-16,4.9486374e-25,1.4959138e-10,1.2793493e-18,4.971706e-16,5.1012083e-17
2.1824986e-14,1.5619533e-13,1.2800396e-15,9.765863e-14,1.2244674e-17,2.3499362e-17,7.0090615e-24,1.3683247e-15
2.184425e-12,1.3120213e-10,1.8878011e-14,1.6130737e-23,4.8072228e-12,1.1621369e-16,1.1827468e-14,5.9868673e-18
6.906023e-19,9.684778e-19,6.0664637e-16,2.5064446e-15,1.4995114e-16,2.8169077e-17,1.0578385e-13,1.9026568e-19
6.6209354e-21,3.612894e-20,1.8589251e-16,4.4793223e-26,8.6262185e-11,5.106557e-19,4.318373e-16,1.6157453e-17
1.32717535e-14,7.918538e-14,4.149439e-16,5.5110393e-14,3.1109144e-18,1.6723084e-17,2.6643615e-24,6.1002286e-16
7.092488e-18,1.2422192e-12,1.2300492e-15,3.1154903e-23,5.6467626e-16,8.269839e-20,2.8120506e-20,6.465792e-19
4.1181469e-19,4.330557e-19,9.4900076e-17,2.3063335e-15,2.0811896e-17,8.970056e-18,1.1630783e-14,1.1399748e-19
3.0636143e-21,1.8795928e-20,9.41181e-17,1.893816e-26,5.997198e-11,2.9188557e-19,2.6520215e-16,8.575824e-18
3.1215302e-14,2.931813e-18,4.333534e-18,3.4927864e-19,9.868783e-20,1.5794843e-18,2.1097577e-25,2.310092e-16
2.2633182e-18,2.1598764e-13,3.1460397e-16,5.559725e-24,8.4402644e-17,4.448667e-20,9.321107e-21,4.285169e-19
3.70497e-19,2.7439155e-19,6.1520115e-17,1.4367681e-15,1.6120638e-17,5.026661e-18,9.2318206e-15,6.4539604e-20
1.2826024e-20,4.2507632e-21,2.743281e-16,3.9594344e-25,2.7975749e-12,1.7036857e-17,8.3281014e-17,2.0474226e-18
8.738811e-15,3.0552492e-19,7.7583146e-19,1.2620441e-19,2.9213492e-20,5.548637e-19,2.640027e-26,5.234026e-17
1.6275164e-18,2.0331265e-13,4.058454e-16,1.8751488e-24,5.281239e-17,3.1998816e-20,7.034412e-21,3.7446552e-19
4.640501e-19,1.5664873e-18,1.0191589e-16,2.4140496e-15,5.2232158e-17,2.501141e-17,3.902845e-15,8.2652656e-20
5.9848723e-21,1.864916e-20,6.843353e-17,3.445583e-26,3.3709632e-11,7.8738785e-19,2.1012295e-16,1.5507737e-17
6.6457028e-15,3.3913997e-19,4.382858e-19,8.985287e-20,1.4708588e-20,3.3301332e-19,1.3394017e-26,2.2645717e-17
2.45007e-18,8.792283e-14,8.757152e-18,1.2427028e-23,2.0812452e-17,6.7203013e-21,3.3051743e-20,1.9315866e-20
1.0358551e-18,3.1753936e-19,4.541715e-17,2.3195328e-15,3.6423188e-17,6.4740387e-18,3.6405586e-15,4.3998422e-20
1.6565652e-21,8.3505944e-24,2.728429e-17,4.137408e-25,2.3750916e-15,1.5237588e-16,6.7453756e-19,5.5733455e-21
2.0242287e-15,1.5845173e-18,2.634826e-18,3.3080646e-19,1.7597631e-20,3.6760833e-18,1.5881355e-26,3.193765e-17
1.5773829e-18,1.9441123e-13,1.7897919e-16,2.7515078e-24,5.4222384e-17,3.3720092e-20,8.367125e-21,3.1247689e-19
4.4127342e-20,1.1873963e-18,8.074795e-18,1.8236727e-16,1.2572354e-17,4.827698e-18,8.9605524e-17,2.1929186e-21
3.7139796e-21,2.1646353e-21,3.1490276e-17,2.9958478e-26,2.5097634e-12,2.0250752e-18,3.791836e-17,1.4326557e-18
7.117488e-15,2.3439264e-19,9.967422e-19,1.6127385e-19,9.974639e-21,3.2317295e-19,1.3542962e-26,6.256285e-17
4.032614e-19,4.6447784e-15,9.872733e-21,6.063312e-25,1.545015e-19,2.4348115e-23,1.6928447e-20,1.2161173e-23
3.250882e-19,2.3769448e-19,1.4978185e-17,8.913817e-16,2.7557927e-17,4.5649703e-18,8.8772695e-16,1.0312726e-20
1.5938569e-21,1.852196e-21,6.1504797e-19,5.275068e-28,2.0377163e-12,1.0140306e-19,2.5880673e-17,1.0962074e-18
2.4168206e-17,1.0797475e-18,7.127336e-19,5.2598583e-20,3.2174307e-22,3.0260213e-18,2.1942077e-28,3.7242975e-19
6.3320066e-19,5.421709e-14,8.061929e-18,1.1322402e-24,9.1748615e-18,3.3694358e-21,5.1461907e-21,1.6165072e-20
5.625684e-19,1.3483515e-20,4.667931e-19,2.3456563e-16,1.9933837e-17,2.0118384e-19,1.3559469e-16,3.5895223e-22
3.2693698e-22,6.179397e-22,7.615688e-19,2.347155e-28,2.7466532e-12,2.5930245e-20,1.21600505e-17,4.6488817e-19
1.2229469e-15,1.2922733e-19,6.6255156e-19,7.973044e-20,2.3885222e-21,3.686445e-19,2.6605894e-27,1.7785068e-17
2.6642461e-19,6.445197e-14,1.6329776e-17,2.1444362e-26,5.884165e-18,1.4889796e-21,6.189919e-22,3.574441e-20
8.488621e-20,9.552931e-21,7.3598685e-19,1.2419822e-16,4.124894e-18,1.0563091e-19,2.1534561e-16,2.8009883e-22
3.3621285e-22,1.1489627e-21,6.0714114e-18,3.9298916e-27,8.2377724e-12,4.1695024e-20,1.1865954e-17,1.7319602e-18
1.2408177e-15,1.7175553e-21,6.8949375e-20,1.0986594e-20,9.0401106e-23,8.533356e-21,4.379596e-28,6.9593145e-18
1.018446e-19,3.4102326e-14,1.6780596e-17,1.01156974e-26,3.2929076e-18,6.633218e-22,1.7741183e-22,1.6819343e-20
7.207085e-20,4.067854e-20,1.1170486e-17,1.6882694e-16,7.0551955e-18,4.952807e-19,2.6570555e-15,1.3459972e-21
2.4978451e-22,7.219653e-22,1.6111837e-18,5.112225e-28,4.2223313e-12,2.5389742e-20,1.0864704e-17,6.202929e-19
5.7778717e-16,1.6118576e-21,1.8535187e-20,3.0094287e-21,1.0130005e-22,4.7099608e-21,1.0400349e-28,2.0162416e-18
1.879142e-19,9.19301e-14,1.260641e-16,8.6276337e-26,1.2396055e-17,1.9687513e-21,4.954387e-22,3.263056e-20
7.379234e-20,1.574712e-20,1.8393277e-18,1.2203459e-16,3.5865187e-18,1.7777114e-19,5.0562255e-16,4.9766056e-22
5.869936e-23,1.9796475e-22,7.0732736e-19,2.54584e-28,2.0770983e-12,7.5659044e-21,2.6560484e-18,3.1398003e-19
1.533018e-15,4.1133873e-20,9.240711e-20,6.569837e-21,9.296885e-22,1.7431402e-20,7.0198298e-28,5.273666e-18
1.2126222e-19,4.5758675e-14,4.1246597e-17,1.5720241e-26,4.325194e-18,1.0095022e-21,2.7066625e-22,2.382063e-20
2.2483515e-20,6.264679e-21,1.1558135e-18,3.779575e-17,1.6174835e-18,7.458846e-20,3.5156367e-16,1.5628314e-22
2.0679398e-19,2.7801162e-20,1.5856133e-16,3.1536807e-24,6.288331e-11,1.3175173e-15,2.9524316e-17,3.1648865e-18
7.691727e-16,5.6735434e-21,2.7114292e-20,3.956468e-21,2.030811e-22,7.575579e-21,1.7825859e-28,1.9740337e-18
4.3779597e-20,2.6956532e-14,2.5076946e-17,5.2582348e-27,2.1392158e-18,3.3070627e-22,9.362472e-23,6.312441e-21
7.237232e-18,6.379418e-15,6.821619e-16,7.826098e-16,1.3839692e-14,5.8166165e-16,2.4767357e-13,1.35076816e-17
6.90701e-23,2.506149e-22,1.0645537e-18,2.9675116e-28,2.783502e-12,9.342609e-21,3.3386316e-18,3.4122669e-19
3.6545964e-16,3.9780186e-21,1.4711113e-20,1.2518584e-21,7.8495415e-23,2.1506185e-21,5.515288e-29,8.762094e-19
2.8082335e-13,2.961244e-11,6.10214e-15,2.2718577e-24,7.05216e-13,5.39661e-17,9.10969e-16,2.0378074e-18
2.2247271e-20,8.264977e-21,1.3904964e-18,4.7910632e-17,1.5378598e-18,1.01257324e-19,3.8672152e-16,1.9343276e-22
8.006562e-22,2.3995635e-21,1.9588733e-18,5.1629113e-26,1.1175458e-12,4.896898e-19,2.5927995e-18,2.010305e-18
2.9022517e-15,9.531702e-15,5.446556e-17,2.175345e-15,2.2172556e-19,5.068693e-19,1.134094e-25,2.297367e-16
4.730057e-20,2.7091116e-14,2.59901e-17,6.4013193e-27,2.251306e-18,3.9888662e-22,1.0779962e-22,8.380413e-21
1.6071629e-18,2.9798136e-17,8.136139e-18,1.4048613e-16,3.06513e-16,9.42668e-18,1.6372152e-14,1.0781701e-20
1.7672757e-22,6.9890446e-22,3.2652632e-18,8.045026e-27,3.0392709e-12,2.5224273e-20,3.9223614e-18,2.107505e-18
3.9855627e-16,4.0980676e-21,1.4972678e-20,1.4303273e-21,1.0243905e-22,3.0768017e-21,5.951312e-29,9.83354e-19
6.074033e-17,4.5393512e-13,6.8644556e-16,2.8905127e-26,1.6107192e-15,4.0991824e-19,6.1551507e-19,1.4472112e-19
1.1663231e-19,1.457138e-19,1.5459481e-17,1.117373e-16,1.8105018e-17,5.9004354e-19,6.9293385e-15,5.948383e-22
6.4309967e-23,3.2738626e-22,6.5870336e-19,1.3363994e-28,2.0884718e-12,9.558327e-21,4.4692535e-18,2.4113297e-19
2.475203e-15,1.18134726e-17,4.3844135e-19,3.354641e-18,3.5637224e-22,2.640176e-20,6.8763123e-28,5.669009e-18
7.255196e-19,2.8368955e-13,3.0889224e-16,1.995619e-26,3.321535e-17,1.9390273e-21,1.7381393e-21,5.9382094e-20
4.488761e-20,5.885503e-21,6.937576e-19,5.1076338e-17,1.4985437e-18,9.568985e-20,2.046238e-16,2.3436815e-22
1.9879036e-22,8.1386984e-22,2.6519783e-18,3.9995351e-28,4.7607326e-12,2.4188645e-20,1.238046e-17,5.737341e-19
1.8950406e-15,1.5279241e-19,1.2128581e-19,8.69403e-21,4.2500963e-22,1.040559e-20,5.3766677e-28,2.1533718e-18
4.122939e-20,2.1597314e-14,2.8681412e-17,4.0601496e-27,1.2927423e-18,5.46323e-22,1.4037375e-22,1.32518575e-20
7.162602e-20,1.912757e-20,1.8287495e-18,1.6007767e-16,1.9206553e-18,2.2293838e-19,3.7474188e-16,7.1755576e-22
9.761051e-23,3.7191952e-22,3.7227496e-19,8.444207e-29,1.4390768e-12,1.21026476e-20,4.6134456e-18,2.0240238e-19
3.7417622e-16,3.6696466e-21,1.3906276e-20,1.9644075e-21,6.682843e-23,3.637799e-21,6.264725e-29,7.347162e-19
9.864004e-20,2.838285e-14,3.4704376e-17,1.6221174e-26,2.7734456e-18,1.2835416e-21,2.9546325e-22,3.3565703e-20
7.0825854e-20,4.8576177e-21,2.774587e-19,5.3461024e-17,1.7819218e-18,8.3840946e-20,8.3999536e-17,1.3635781e-22
2.194641e-22,1.2098718e-21,7.73158e-18,7.9469624e-27,6.388792e-12,2.4321604e-20,9.2525015e-18,2.6271782e-18
6.5089855e-16,5.4197875e-21,1.9566306e-20,4.3122383e-21,2.2803863e-22,9.661152e-21,1.4478396e-28,1.5907737e-18
4.6497134e-20,1.907571e-14,1.664442e-17,2.3503186e-27,9.850021e-19,4.9902735e-22,1.5573206e-22,1.3925069e-20
8.2564736e-20,6.824156e-20,1.9850366e-17,1.6741604e-16,9.172832e-18,6.1252393e-19,6.824694e-15,8.084487e-22
2.8043667e-22,1.1408785e-21,4.3617614e-18,9.420382e-27,4.687246e-12,2.4385984e-20,7.652064e-18,3.1110331e-18
3.1807937e-16,1.4140357e-21,1.1868787e-20,2.366926e-21,3.5196904e-23,2.9549723e-21,4.9586043e-29,7.352685e-19
2.6001277e-19,1.9300761e-13,3.3571148e-16,4.7069854e-26,1.3149102e-17,1.4164434e-21,7.850174e-22,7.0370723e-20
1.0780308e-19,7.182548e-20,1.6932091e-17,1.464697e-16,1.614821e-17,4.995786e-19,6.5179092e-15,4.360455e-22
2.1972593e-18,2.0385683e-19,1.1618449e-15,1.5943355e-23,6.3996164e-10,1.93062e-14,1.487689e-16,5.7924977e-18
2.6483834e-15,9.62074e-20,1.2187529e-19,4.0832434e-21,9.698552e-22,2.1003678e-20,1.0000206e-27,2.7506977e-18
4.2669163e-19,3.4113077e-13,3.465862e-16,3.2204205e-26,2.0172197e-17,1.0518407e-21,8.854852e-22,7.2065074e-20
7.380255e-18,2.476295e-14,3.4047582e-15,2.845683e-15,5.4202614e-14,1.3469207e-15,1.6796713e-12,8.7663814e-17
1.2440104e-18,1.4812538e-19,5.774919e-16,2.9002588e-23,8.88814e-10,2.832007e-14,1.8287932e-16,2.8173575e-18
2.7498205e-15,6.536692e-20,1.4550773e-19,3.8078747e-21,6.7494833e-22,1.3569843e-20,9.712815e-28,2.7968618e-18
3.5346992e-12,1.2713175e-10,1.8205953e-14,1.13797374e-23,3.6246973e-12,7.8823616e-17,5.9174213e-15,4.8907397e-18
2.8292369e-18,2.6333392e-14,4.196688e-15,1.6023905e-15,7.1351345e-14,1.9863264e-15,1.6528044e-12,1.4364934e-16
3.1987728e-19,1.4333219e-19,2.9426396e-16,1.220313e-24,1.899627e-10,1.7090707e-15,4.901762e-17,2.3059076e-18
4.2942927e-15,4.8223707e-14,3.5885477e-16,1.3971935e-14,4.5531094e-18,2.3378287e-18,8.156154e-25,5.4865336e-16
6.106364e-12,2.3300212e-10,2.4684295e-14,1.4423582e-23,6.743483e-12,6.502853e-17,3.9238488e-15,2.0285854e-18
2.7915753e-18,8.659435e-15,2.9098994e-16,1.9097724e-15,2.1050102e-14,3.464157e-16,1.3942346e-12,9.163843e-18
1.4317972e-19,4.907592e-20,1.3333778e-16,3.3283326e-25,1.764548e-10,7.363755e-16,2.1498434e-17,8.830176e-19
1.6495831e-15,8.2527985e-14,3.8947523e-16,5.275948e-15,1.4513367e-17,5.3242385e-19,1.0715175e-24,6.1100796e-16
3.253249e-13,1.5189747e-11,5.011792e-15,6.5095273e-25,4.780694e-13,1.2725939e-17,2.0579498e-15,1.1763684e-18
5.77317e-19,4.101067e-15,1.1624205e-16,6.199745e-16,1.1476176e-14,1.859613e-16,8.741738e-13,3.9493263e-18
2.114154e-20,1.5141775e-20,2.5482642e-17,2.1008181e-26,3.027123e-11,8.6815524e-17,9.255113e-18,3.9506958e-19
3.5080028e-15,1.527252e-14,6.1556736e-17,1.2214277e-14,2.8451885e-19,1.9663525e-18,6.0907334e-26,5.333127e-17
2.041594e-13,1.1470658e-11,1.7014856e-15,1.8179827e-25,3.5449665e-13,4.910031e-18,1.2656384e-15,2.1344137e-19
3.2017763e-19,5.200018e-16,1.0639493e-17,1.7746109e-16,2.6059619e-15,6.545236e-17,1.5507917e-13,8.3573397e-19
5.780575e-19,2.2013357e-19,5.6008317e-16,1.573898e-24,2.5782082e-10,2.281134e-15,7.253626e-17,3.2640803e-18
1.5741512e-15,8.654151e-15,3.1239257e-17,7.397291e-15,1.1150126e-19,1.0166765e-18,1.65043e-26,2.4370493e-17
1.7476965e-14,1.3632913e-12,4.675281e-16,4.6144123e-26,3.4919628e-14,2.8913846e-18,2.4896524e-16,6.2415204e-20
2.4682503e-18,9.5377045e-15,3.6141416e-16,2.0112747e-15,3.4577244e-14,5.8492363e-16,2.2199083e-12,1.2362102e-17
1.7996588e-22,9.759903e-22,1.6392812e-17,1.6404865e-27,1.1083295e-11,3.3736044e-20,1.0963585e-17,1.0544175e-18
9.091673e-16,1.9711996e-15,7.3389854e-18,2.1034841e-15,1.1669412e-20,3.5736658e-19,2.0923314e-27,8.303418e-18
6.265768e-13,1.6673735e-11,4.1195223e-15,1.2333701e-24,6.5170585e-13,1.5413727e-17,3.0160459e-15,1.1531402e-18
3.0194112e-20,2.478466e-20,1.074706e-17,9.1011056e-17,4.4561618e-18,1.40298e-18,2.4008435e-15,2.6724679e-21
3.6754027e-22,1.9830347e-21,1.2248225e-17,1.7950742e-27,1.497032e-11,6.7553895e-20,2.855935e-17,1.2912488e-18
3.1051216e-15,2.0723715e-14,1.0485783e-16,1.89037e-14,4.7178955e-19,3.339307e-18,1.2210994e-25,8.501856e-17
1.4571546e-19,6.135018e-14,7.307645e-17,1.1005484e-25,8.79089e-18,2.5539032e-21,9.320143e-22,2.4022117e-20
8.175955e-20,6.065618e-20,8.329114e-18,3.1663627e-16,3.211968e-18,7.870005e-19,1.3242694e-15,3.8171683e-21
1.9176528e-19,1.715069e-19,2.1489921e-16,6.096318e-24,4.9510136e-11,7.2965345e-16,5.922067e-17,9.660208e-18
1.1701402e-15,1.3350044e-19,1.1113351e-19,1.31557034e-20,9.362262e-22,3.9391814e-20,9.313432e-28,5.543605e-18
1.9495762e-19,5.2623233e-14,1.1061134e-16,8.7162234e-26,7.512681e-18,4.515051e-21,8.303147e-22,7.492753e-20
2.7793252e-17,1.4004003e-14,4.579242e-16,3.6996387e-15,3.1970124e-14,9.63409e-16,8.404955e-13,9.682086e-18
6.5029983e-18,1.0078569e-18,3.459022e-15,6.649252e-23,8.1795226e-10,2.703779e-14,3.5474028e-16,2.7273051e-17
1.2807088e-15,4.1109558e-20,6.050943e-20,1.07355305e-20,1.3479137e-21,3.4059058e-20,5.523692e-28,4.225565e-18
7.707713e-14,1.1095647e-11,1.2041988e-14,3.3509214e-24,4.743617e-13,8.0389005e-17,1.0700354e-15,5.2425566e-18
4.200672e-17,6.9678956e-14,6.8802153e-15,1.2144539e-14,1.4741276e-13,3.1190586e-15,5.6531863e-12,1.6136765e-16
3.1198872e-18,3.513004e-19,1.8442275e-15,5.230418e-23,4.810401e-10,1.5315928e-14,1.2750583e-16,1.6286415e-17
1.0190044e-14,1.5061977e-14,5.3039923e-17,7.178594e-15,1.3696432e-19,2.6412464e-18,1.2873097e-25,2.1713563e-16
3.6991504e-12,1.408023e-10,4.5478852e-14,3.9802914e-23,5.395306e-12,2.0493392e-16,1.5246297e-14,2.0964247e-17
2.549392e-17,4.3659822e-14,5.5044813e-15,5.7125e-15,8.137367e-14,1.7617691e-15,2.6458935e-12,8.6404196e-17
2.7047805e-17,1.818211e-18,1.157338e-14,2.9958766e-22,2.9886427e-09,8.8353695e-14,9.487369e-16,4.488905e-17
1.9981565e-14,1.1796091e-13,8.019486e-16,5.915528e-14,6.6704812e-18,1.5683596e-17,3.3266205e-24,1.1775106e-15
2.5546993e-12,1.2079578e-10,2.5126971e-14,2.0066376e-23,4.3128582e-12,1.2188199e-16,8.406727e-15,9.765732e-18
4.1497696e-17,1.3110662e-13,2.6940857e-14,1.720591e-14,3.4337244e-13,6.1108057e-15,1.3182138e-11,6.8906914e-16
4.200688e-17,4.176192e-18,1.5226244e-14,8.982159e-22,5.848465e-09,2.093009e-13,1.782883e-15,6.637412e-17
1.17793806e-14,6.021132e-14,5.0006173e-16,2.8906903e-14,3.032076e-18,5.6755654e-18,1.5113354e-24,8.356938e-16
1.572324e-11,4.7036663e-10,5.0736094e-14,1.8899732e-22,2.2531052e-11,4.3900434e-16,3.7059402e-14,2.0144052e-17
5.7800516e-17,3.0057692e-13,4.2588044e-14,3.51874e-14,6.257659e-13,1.269769e-14,1.9060498e-11,1.363609e-15
2.225707e-17,6.5680676e-18,1.084042e-14,1.0552205e-21,6.7318764e-09,1.5070117e-13,2.3045746e-15,3.997864e-17
3.0721448e-14,2.4802578e-13,2.1200064e-15,1.4186392e-13,2.3828845e-17,3.8333002e-17,1.9030233e-23,3.561683e-15
1.9939984e-11,7.2259515e-10,9.693767e-14,4.6311916e-22,4.5441723e-11,7.987246e-16,5.749942e-14,3.122234e-17
3.834967e-17,3.331141e-13,3.3264786e-14,4.033655e-14,6.646217e-13,1.9093219e-14,2.0025929e-11,1.91355e-15
1.00313574e-17,1.2429479e-18,4.661517e-15,5.2577235e-23,1.844381e-09,3.7536248e-14,7.753563e-16,2.1834073e-17
4.9985918e-14,4.2075203e-13,3.6601653e-15,2.370428e-13,6.294011e-17,6.326749e-17,2.9102776e-23,7.353849e-15
1.2242586e-11,4.730911e-10,8.1666756e-14,5.935961e-22,5.160174e-11,6.9893585e-16,3.776591e-14,1.9247416e-17
1.7464109e-17,5.489753e-14,7.177116e-15,9.655213e-15,2.2329399e-13,3.7267358e-15,8.550681e-12,3.0021092e-16
4.2049185e-18,9.48949e-19,2.5709091e-15,1.8196288e-23,1.1389004e-09,1.3437421e-14,5.5006166e-16,1.0485698e-17
3.466824e-14,3.6120797e-13,2.5649435e-15,2.2012039e-13,7.234172e-17,6.399667e-17,2.401933e-23,6.6434213e-15
7.862966e-12,2.0832742e-10,2.8044692e-14,6.2442253e-23,1.0006832e-11,2.0331815e-16,2.029464e-14,9.569578e-18
9.0675894e-18,3.3657095e-14,2.7001236e-15,6.0335787e-15,1.4973304e-13,2.6090751e-15,6.9528476e-12,1.278136e-16
9.631691e-18,1.800514e-18,5.2182426e-15,7.9256653e-23,2.070745e-09,2.7955076e-14,8.886993e-16,2.6808565e-17
1.5288142e-14,1.5105339e-13,1.0821862e-15,8.0467676e-14,1.1619766e-17,2.1107967e-17,4.90354e-24,1.460246e-15
2.7269218e-12,9.095754e-11,1.3661793e-14,2.1067037e-23,4.5977085e-12,1.1021331e-16,1.0241054e-14,4.6230996e-18
1.8968467e-17,6.957298e-14,8.5309415e-15,1.19109595e-14,2.7061743e-13,5.4229887e-15,1.2009711e-11,2.450699e-16
3.0471569e-21,1.396928e-20,1.3651593e-16,2.8291067e-26,6.8676814e-11,2.689304e-19,1.5761215e-16,7.50907e-18
9.2330886e-15,7.0738445e-14,4.022081e-16,4.651847e-14,3.5665447e-18,1.6582883e-17,2.1767463e-24,6.6238824e-16
4.631781e-12,2.302713e-10,2.6467842e-14,5.89797e-23,1.0692378e-11,2.37918e-16,1.9048622e-14,1.00034235e-17
1.2659255e-19,2.5253752e-19,7.212872e-17,1.0427868e-15,1.7516018e-17,6.7367905e-18,1.1792554e-14,3.6294837e-20
2.2553385e-17,1.9365169e-18,9.035527e-15,1.6900429e-22,2.2645978e-09,1.1347154e-13,1.0144466e-15,3.77269e-17
1.7505522e-14,1.1861429e-13,8.337578e-16,8.478307e-14,7.294579e-18,3.023611e-17,8.343907e-24,1.7415627e-15
9.955035e-19,1.4949161e-13,2.0048695e-16,2.9246103e-24,6.113737e-17,1.7863096e-20,3.7859023e-21,1.5406598e-19
5.147321e-17,1.1759048e-13,2.1364922e-14,2.1233784e-14,3.8195507e-13,5.577935e-15,1.27182145e-11,6.5622136e-16
1.0689388e-21,3.4888148e-21,8.94593e-18,2.331238e-26,1.0120657e-11,8.606754e-20,3.116974e-17,5.896883e-18
4.6015704e-15,2.2593575e-19,4.23468e-19,6.0115545e-20,1.7158012e-20,3.3838015e-19,1.0311552e-26,3.9375498e-17
1.38480815e-11,3.3798564e-10,6.8112637e-14,1.7322474e-22,1.7082691e-11,3.9100857e-16,3.209127e-14,3.1956538e-17
3.5054542e-19,1.07901e-19,3.0573628e-17,4.029652e-16,4.0356805e-17,9.357563e-19,9.929984e-15,2.907906e-21
9.318117e-22,2.1317993e-21,2.844463e-18,1.7176285e-27,7.3345306e-12,8.1518514e-20,3.352506e-17,1.5577337e-18
2.4630258e-14,2.9635411e-13,2.1468135e-15,1.2119113e-13,3.1901607e-17,2.8883546e-17,1.2917433e-23,3.3388658e-15
6.5672376e-19,3.3213073e-13,5.023772e-16,3.0198298e-25,4.290522e-17,4.4884848e-21,1.6405228e-21,1.0735945e-19
2.408333e-19,4.0569438e-20,3.3637903e-18,3.6630265e-16,1.267362e-17,3.728207e-19,8.2102893e-16,1.3917732e-21
1.2758432e-21,4.1973798e-21,2.126451e-17,1.131048e-25,1.2989259e-11,1.2006821e-19,2.5447376e-17,1.3160442e-17
4.639767e-15,1.6652089e-19,3.455019e-19,1.4664272e-20,2.4898934e-21,4.3488148e-20,4.1426464e-27,1.1282087e-17
3.215595e-19,8.56636e-14,7.21345e-17,6.574132e-26,1.19994145e-17,2.7966655e-21,6.926222e-22,6.006305e-20
3.1287884e-19,5.5354663e-19,1.1552856e-16,5.081982e-16,8.4977376e-17,2.3913889e-18,4.9774705e-14,3.9205453e-21
1.5401948e-20,4.0654803e-20,1.16769985e-17,2.2920616e-24,3.3997733e-12,1.7424715e-17,1.7353406e-17,1.2196797e-17
1.3842007e-15,1.1283834e-20,6.9391077e-20,1.0624187e-20,5.990465e-22,1.8830232e-20,5.3952207e-28,6.00842e-18
2.2178152e-18,9.609349e-13,1.3915384e-15,4.294975e-25,1.7038036e-16,7.468294e-21,5.427153e-21,2.019774e-19
3.418863e-17,2.456756e-15,5.354041e-17,1.084302e-15,7.538069e-15,2.2888297e-16,1.4402265e-13,5.572777e-19
4.3476745e-18,2.8507074e-19,2.134133e-15,2.8309785e-23,9.553915e-10,3.591167e-14,2.4126492e-16,8.444157e-18
8.3399686e-15,9.681195e-19,6.949257e-19,2.4777948e-20,5.8534624e-21,6.950871e-20,6.7276685e-27,1.4002593e-17
2.5637013e-15,2.3527228e-12,5.7638737e-15,8.1056893e-25,6.7621005e-14,4.0484013e-17,6.597199e-17,1.4881188e-18
1.10541266e-17,3.1636074e-14,7.58231e-15,4.4942035e-15,1.3267382e-13,1.6584734e-15,4.154809e-12,1.885996e-16
9.546275e-19,1.2952887e-19,5.068179e-16,3.3444743e-23,3.2051023e-10,9.763141e-15,1.3751056e-16,6.6166032e-18
1.4491538e-14,8.3472524e-16,6.331647e-18,4.0442665e-16,4.8222057e-21,3.968489e-19,1.4671559e-26,7.1907836e-17
7.181961e-12,1.893528e-10,2.4439841e-14,2.8556648e-23,7.2016455e-12,1.01983945e-16,8.987367e-15,6.5061494e-18
1.1914667e-17,2.2487915e-14,3.624125e-15,2.142551e-15,6.452146e-14,1.9869402e-15,9.689889e-13,1.01233156e-16
1.4265315e-18,1.4136001e-19,7.1254714e-16,3.438353e-23,8.6790514e-10,2.640501e-14,1.5835944e-16,2.6239428e-18
5.0063844e-15,1.2345797e-13,7.2396144e-16,2.595259e-14,1.0090654e-17,3.9417555e-18,2.072325e-24,9.990392e-16
1.993172e-12,1.2765587e-10,2.3188662e-14,1.8805366e-23,3.911921e-12,1.2798485e-16,2.890981e-15,4.0818323e-18
3.2870342e-18,2.9454954e-14,5.2339123e-15,1.5680443e-15,9.965242e-14,2.1061822e-15,2.3150104e-12,1.620153e-16
1.0944984e-18,9.3619856e-20,5.255156e-16,2.2578367e-23,7.932917e-10,2.217515e-14,1.1385988e-16,2.053312e-18
3.8989757e-15,5.138412e-14,2.818177e-16,5.4472676e-15,3.641831e-18,8.903269e-19,1.1385507e-24,8.427946e-16
5.1662476e-12,1.9596658e-10,2.3431411e-14,1.5428739e-23,6.4972906e-12,6.005375e-17,3.841956e-15,1.980097e-18
2.1925287e-18,2.1661341e-14,4.4246117e-15,1.295153e-15,7.792622e-14,1.2367207e-15,2.2076126e-12,1.10947724e-16
1.7491237e-18,1.7389371e-19,7.858048e-16,3.083484e-23,8.9220414e-10,3.509517e-14,1.9939096e-16,3.5731903e-18
1.7200457e-15,9.479095e-14,3.7441037e-16,5.57028e-15,1.3577113e-17,6.335679e-19,1.5654015e-24,7.187387e-16
5.47254e-12,2.033599e-10,1.878527e-14,1.1177826e-23,7.389688e-12,4.2177886e-17,3.0175881e-15,1.3720076e-18
3.2081108e-18,2.5987413e-14,4.9273385e-15,2.0799614e-15,1.0707511e-13,1.9025446e-15,2.5997403e-12,1.350877e-16
3.467485e-18,3.5440295e-19,1.419087e-15,7.630445e-23,1.33248e-09,6.060398e-14,3.867717e-16,6.7925814e-18
1.304226e-15,7.883276e-14,3.0807322e-16,5.0091157e-15,1.0571244e-17,5.055677e-19,7.586988e-25,5.2268063e-16
7.557876e-12,2.3224385e-10,2.3687409e-14,2.3126409e-23,9.255636e-12,7.150901e-17,4.57289e-15,2.2233552e-18
6.497692e-18,4.4337804e-14,9.515318e-15,3.8124356e-15,1.8232442e-13,3.218228e-15,4.305207e-12,2.8818626e-16
9.660826e-20,4.5563192e-20,9.611766e-17,5.605597e-24,3.1753218e-11,4.923804e-16,3.9069074e-17,5.1989216e-18
1.6744357e-15,1.1230004e-13,5.279811e-16,8.558092e-15,1.6150859e-17,9.114264e-19,1.0880343e-24,7.832759e-16
1.1771267e-11,3.4255984e-10,3.9552898e-14,5.619859e-23,1.4517814e-11,1.3059428e-16,7.798031e-15,4.373891e-18
1.7646462e-17,7.277969e-15,5.1665034e-16,1.3611976e-15,1.5582301e-14,7.339441e-16,2.7416743e-13,9.947409e-18
1.486603e-19,9.623528e-20,1.574679e-16,4.9450353e-24,4.472211e-11,5.6021563e-16,4.3482737e-17,6.773666e-18
3.0444357e-15,1.8513911e-13,9.373905e-16,1.4375062e-14,3.222844e-17,1.7249119e-18,3.0088841e-24,1.436023e-15
7.955644e-14,1.6286122e-11,8.565539e-15,3.6339375e-24,5.9364525e-13,8.925449e-17,4.701177e-16,2.9471302e-18
1.8642289e-17,1.00716715e-14,4.4927104e-16,2.2176746e-15,2.1038747e-14,6.956455e-16,6.2903757e-13,7.515834e-18
2.1933295e-20,5.782733e-20,2.7697468e-17,2.441712e-24,5.0376764e-12,3.48422e-17,2.4049567e-17,1.1936003e-17
5.3279067e-15,7.425451e-15,3.1473465e-17,1.7767793e-15,1.07018036e-19,6.64014e-19,9.4661725e-26,2.4307278e-16
7.876573e-14,1.2563762e-11,8.812426e-15,2.5754029e-24,5.1360923e-13,6.374498e-17,7.154397e-16,3.6627996e-18
3.8703718e-17,4.4835017e-15,7.94379e-17,1.4839998e-15,8.193117e-15,4.6111627e-16,1.7309277e-13,1.2589529e-18
6.015677e-22,2.4782473e-21,7.287626e-18,8.584557e-27,9.234353e-12,6.972568e-20,1.9731687e-17,2.8008443e-18
8.040259e-15,8.019797e-15,3.6276624e-17,4.0850476e-15,1.01959665e-19,1.5336768e-18,8.9081625e-26,1.8840329e-16
4.623142e-15,2.3480558e-12,6.142403e-15,1.1893918e-24,9.0790304e-14,8.4142896e-17,1.3789613e-16,2.8203685e-18
1.859305e-19,6.160433e-20,1.4319461e-17,2.4185557e-16,1.4326345e-17,7.696793e-19,3.640461e-15,2.1823286e-21
1.7807327e-18,2.1460148e-19,8.7384747e-16,3.8287143e-23,8.070177e-10,2.7963131e-14,2.307309e-16,4.827661e-18
1.4295987e-14,1.6201786e-15,7.7917436e-18,8.977733e-16,7.5057084e-21,7.3421745e-19,2.1700619e-26,9.872036e-17
3.5145188e-19,1.5722715e-13,2.3668507e-16,1.4288901e-25,1.8672823e-17,3.6442435e-21,1.1011218e-21,6.668567e-20
6.870317e-18,3.0413033e-14,5.547442e-15,2.4795975e-15,9.544552e-14,2.3563298e-15,1.9893132e-12,2.0705952e-16
5.2831906e-18,3.5832758e-19,2.7540827e-15,2.6483525e-23,1.3290306e-09,3.6831862e-14,2.5448554e-16,9.021392e-18
2.6778339e-15,7.039999e-20,1.8572565e-19,1.23692526e-20,1.3175888e-21,2.8592884e-20,1.8901702e-27,7.6044864e-18
5.012287e-12,2.0095693e-10,2.9338385e-14,2.3744933e-23,6.1814082e-12,1.0853609e-16,5.2261315e-15,3.77312e-18
8.791762e-18,3.5061648e-14,5.97303e-15,5.221448e-15,1.1751514e-13,1.6813741e-15,4.273896e-12,1.483303e-16
4.7440123e-18,4.2979873e-19,2.5376832e-15,1.7702908e-23,1.2466693e-09,1.6363379e-14,2.9686393e-16,1.0689655e-17
3.033226e-15,1.006488e-13,5.0684297e-16,8.7271516e-15,1.25285e-17,1.134215e-18,1.8819494e-24,8.910451e-16
5.8164398e-12,1.8937807e-10,1.6880684e-14,2.1202806e-23,7.345829e-12,9.6127195e-17,1.1109903e-14,5.1833966e-18
5.9121994e-18,2.5004961e-14,3.6429206e-15,3.6556443e-15,9.7256005e-14,1.7060676e-15,4.5802208e-12,1.04746285e-16
2.7966271e-18,2.8823419e-19,1.7485125e-15,1.3283723e-23,1.0249092e-09,1.35235815e-14,1.9052818e-16,6.6398135e-18
8.4091966e-15,9.3903245e-14,6.1843204e-16,4.395234e-14,6.2663133e-18,7.095059e-18,1.5538829e-24,9.240624e-16
4.6249922e-12,1.536075e-10,1.040836e-14,1.6796428e-23,5.894517e-12,9.007917e-17,1.03843664e-14,3.2043558e-18
4.6471466e-18,2.1847895e-14,2.8496585e-15,3.120594e-15,7.176216e-14,1.289346e-15,3.2580696e-12,8.167177e-17
6.978505e-19,1.4068327e-19,5.8484555e-16,5.28388e-24,7.1981376e-10,4.9558598e-15,7.909651e-17,2.716163e-18
8.095101e-15,5.730629e-14,4.704101e-16,4.1315475e-14,3.3138005e-18,8.824253e-18,1.7015426e-24,6.906797e-16
3.3009541e-12,1.184578e-10,9.40927e-15,1.0450803e-23,4.5526543e-12,6.015968e-17,7.4327615e-15,2.3995945e-18
1.6247066e-18,1.3526342e-14,1.2563401e-15,1.837514e-15,3.9743694e-14,7.0158304e-16,2.0702756e-12,2.90901e-17
3.1836292e-19,1.2269911e-19,2.546312e-16,1.072241e-24,3.3794373e-10,1.8008327e-15,5.84319e-17,1.4144747e-18
5.748591e-15,5.2561135e-14,3.4898086e-16,3.1551225e-14,2.6950463e-18,5.712469e-18,9.15553e-25,4.7463883e-16
1.129454e-12,6.64346e-11,5.2220458e-15,2.554357e-24,2.6631633e-12,2.1713054e-17,2.8799957e-15,7.7989364e-19
1.0921377e-18,8.8233576e-15,2.9412144e-16,1.2704562e-15,2.8254676e-14,4.660946e-16,1.5960543e-12,1.1119809e-17
2.8001377e-19,6.509023e-20,2.8659114e-16,1.1051009e-24,3.103051e-10,1.9145357e-15,3.605217e-17,1.4848584e-18
2.5734212e-15,2.5655711e-14,1.2717404e-16,1.590443e-14,9.782543e-19,2.1595086e-18,2.0313194e-25,1.8357547e-16
2.8364304e-13,2.2559348e-11,3.231218e-15,6.3035484e-25,8.176905e-13,1.2451837e-17,2.121333e-15,4.863945e-19
8.95033e-19,5.80206e-15,3.8199455e-16,9.131609e-16,2.2345834e-14,3.2449398e-16,1.3407839e-12,1.0341618e-17
6.2083265e-19,5.0842792e-20,3.976178e-16,3.661475e-24,4.434855e-10,1.2661365e-14,5.554467e-17,1.4543122e-18
2.5332437e-15,1.4763046e-14,5.1474387e-17,1.01107435e-14,2.7792268e-19,2.3630412e-18,6.281941e-26,6.949953e-17
5.869227e-13,2.4406385e-11,2.538051e-15,6.8982603e-25,9.492072e-13,9.219137e-18,1.6281398e-15,3.602505e-19
1.3394533e-18,9.542073e-15,1.4490203e-15,1.0424568e-15,3.9270704e-14,5.823855e-16,1.110447e-12,3.461711e-17
1.1401145e-18,1.1902164e-19,5.871592e-16,1.963424e-23,7.080879e-10,2.5658893e-14,1.276528e-16,2.7875954e-18
1.5243933e-15,1.7465167e-14,7.179491e-17,1.0276039e-14,3.4753228e-19,1.2032228e-18,4.9478983e-26,6.67074e-17
2.2648409e-12,8.867325e-11,6.5146282e-15,3.0750605e-24,2.957884e-12,2.1968079e-17,2.491193e-15,8.4952007e-19
2.8338598e-18,2.2156083e-14,3.841106e-15,1.5547204e-15,7.071201e-14,1.5798122e-15,1.6030991e-12,1.162527e-16
1.2183567e-21,6.3867035e-21,5.7389665e-17,6.854108e-27,3.9127514e-11,1.221252e-19,7.8932545e-17,2.8560534e-18
1.162847e-15,4.5684112e-14,1.8894886e-16,6.8872e-15,2.3856757e-18,6.1850895e-19,1.4051121e-25,2.4567735e-16
4.8816775e-12,1.8220546e-10,1.9561442e-14,1.24974816e-23,5.9745204e-12,5.6342805e-17,3.9910875e-15,1.862387e-18
6.196777e-20,1.2250783e-19,2.6107054e-17,5.5103824e-16,6.5051816e-18,2.8997354e-18,4.7941214e-15,1.4855934e-20
4.3311286e-22,1.9501766e-21,1.0958357e-17,1.3006855e-27,1.3300361e-11,7.573184e-20,3.190197e-17,1.1255172e-18
1.4737606e-15,9.0134816e-14,4.134476e-16,6.494802e-15,1.0588518e-17,6.4098727e-19,7.18771e-25,5.80022e-16
4.1573066e-19,6.488231e-14,1.0137613e-16,7.610612e-25,2.2618607e-17,8.31082e-21,1.5485951e-21,8.464014e-20
9.153248e-20,4.5282487e-20,6.8389916e-18,3.3969724e-16,3.5925298e-18,7.4910417e-19,1.0336579e-15,3.7208858e-21
7.512179e-22,1.7447293e-21,1.6053249e-18,6.260357e-28,3.4028483e-12,6.806737e-20,2.3631597e-17,1.1010017e-18
2.0658702e-15,7.019056e-20,1.4953051e-19,2.3359275e-20,6.2972646e-21,1.4281914e-19,2.5799811e-27,1.4990761e-17
1.4018185e-19,3.967765e-14,6.845415e-17,1.0093769e-25,6.467226e-18,4.0786975e-21,6.0578197e-22,6.189972e-20
4.0129409e-19,2.3849725e-20,1.1983766e-18,2.418814e-16,8.5963935e-18,3.222902e-19,2.5173957e-16,9.191939e-22
2.1531303e-21,1.8099526e-21,5.019719e-20,1.4946994e-28,3.6320385e-13,6.483547e-20,1.3027329e-17,4.95897e-19
1.2356974e-15,2.5874318e-20,5.7244175e-20,1.0714869e-20,1.1102195e-21,3.612577e-20,4.944384e-28,5.4172534e-18
2.3421658e-19,5.364322e-14,4.1751114e-17,2.809458e-26,5.1345313e-18,2.9107581e-21,8.3274136e-22,6.702589e-20
2.41458e-18,4.9889246e-21,3.988642e-20,7.999866e-17,4.3957387e-17,9.9297313e-20,2.6763708e-17,5.424105e-23
5.5505156e-21,1.736828e-20,6.6601876e-17,5.877324e-25,1.9604724e-11,6.2145113e-19,5.0611248e-17,2.802556e-17
1.0583804e-15,6.172756e-21,5.55359e-20,1.1367997e-20,2.090837e-22,1.3933995e-20,4.0595753e-28,4.2826544e-18
3.6354024e-19,8.762132e-14,1.4285853e-17,2.5383647e-27,3.2465218e-18,1.0220684e-21,9.822876e-22,3.9968666e-20
1.2797839e-18,3.9669924e-18,2.5014762e-16,1.110117e-15,2.4758344e-16,1.3721549e-17,9.7374244e-14,1.8853592e-20
1.1474708e-18,1.7116311e-19,6.656483e-16,2.4330662e-23,1.4377587e-10,4.0723824e-15,1.0352083e-16,1.7474771e-17
8.220192e-16,3.641601e-22,5.0419618e-20,1.1225061e-20,9.775095e-24,3.3041265e-21,3.6727287e-28,3.2496932e-18
1.3676659e-17,1.7817369e-12,3.054638e-15,1.4897388e-24,6.598486e-16,5.987798e-20,4.8226132e-20,8.4504363e-19
2.7823272e-17,2.0474348e-14,2.3502077e-15,3.0989444e-15,4.4483755e-14,1.4183834e-15,1.0498031e-12,3.9989167e-17
1.12530734e-17,2.5592418e-18,6.4985198e-15,1.8757017e-22,2.3538935e-09,6.22182e-14,6.434062e-16,2.3915358e-17
1.6525537e-14,4.0621516e-18,2.0432718e-18,2.183047e-19,1.5205564e-20,2.6174634e-19,3.475655e-26,4.1643266e-17
9.598156e-13,6.409251e-11,1.6502133e-14,1.4838297e-23,2.2730112e-12,1.6010577e-16,3.196669e-15,7.397647e-18
2.7681937e-17,1.5941004e-13,1.32543495e-14,2.3012374e-14,2.9411854e-13,6.0563622e-15,1.3803937e-11,4.366444e-16
1.4110909e-17,6.366572e-18,7.0673282e-15,1.2164339e-21,4.3647024e-09,1.5068965e-13,9.343916e-16,4.3382665e-17
1.0749947e-14,2.4489772e-14,2.0539174e-16,9.656024e-15,8.530565e-19,2.4397734e-18,7.2665025e-25,6.874807e-16
5.31398e-12,1.6126937e-10,3.850174e-14,9.6866054e-23,1.431713e-11,2.3883552e-16,2.023072e-14,1.4450556e-17
8.736469e-17,7.26548e-13,2.869169e-14,6.3227784e-14,5.7338357e-13,1.7477364e-14,1.6577715e-11,1.1266529e-15
1.8690852e-17,7.125193e-18,9.441846e-15,7.019317e-22,4.616195e-09,1.565425e-13,1.3204356e-15,3.5892167e-17
2.4695268e-14,1.4353042e-13,1.0806517e-15,1.465616e-13,1.6428432e-17,3.3869817e-17,5.2136425e-24,2.1900744e-15
3.3590815e-12,2.8407768e-10,1.3549615e-13,2.452122e-22,2.6830541e-11,8.363444e-16,3.7885886e-14,3.3326528e-17
5.95755e-17,4.8413395e-13,2.4155569e-14,5.431086e-14,5.618302e-13,1.5848923e-14,1.8116713e-11,1.1323362e-15
1.4340453e-17,1.2169835e-18,5.5369773e-15,6.32e-23,1.4897984e-09,5.417564e-14,7.227005e-16,2.576444e-17
8.91306e-14,3.0942049e-13,2.0658702e-15,3.0535283e-13,3.4824393e-17,8.6386396e-17,7.740882e-24,5.5306017e-15
5.2834885e-12,2.5387062e-10,9.9164194e-14,2.709731e-22,2.5528982e-11,6.0738043e-16,3.7918494e-14,3.361637e-17
2.1914426e-17,6.4386234e-14,8.4815535e-15,8.9712326e-15,2.0996422e-13,4.1349353e-15,7.749498e-12,2.8970073e-16
5.0347573e-19,5.267913e-19,4.140948e-16,6.658234e-24,6.1688564e-11,7.1294684e-16,1.7111637e-16,1.8931312e-17
5.0931173e-14,2.6293055e-13,1.9548898e-15,2.5046116e-13,4.4484708e-17,8.140024e-17,1.0320384e-23,4.995777e-15
1.0455394e-11,2.377305e-10,3.368015e-14,7.3138696e-23,9.863666e-12,2.5442247e-16,2.5022373e-14,1.4482343e-17
2.4732752e-17,1.5426928e-14,3.441436e-16,3.864533e-15,4.1399013e-14,1.7317053e-15,1.58188e-12,1.33860595e-17
2.3477452e-21,1.5016722e-20,1.0176864e-16,1.5296332e-26,5.3124425e-11,2.1262545e-19,1.734104e-16,6.6667676e-18
1.609765e-14,1.4408806e-13,1.2738435e-15,6.950083e-14,1.4597933e-17,1.8391954e-17,6.2992015e-24,1.7955578e-15
1.6668248e-13,1.0522834e-11,8.765688e-15,7.205476e-24,6.105371e-13,1.1804875e-16,2.1288803e-15,5.969445e-18
1.6948745e-19,2.5481058e-19,4.27373e-17,9.509363e-16,1.04076295e-17,5.53944e-18,6.8961916e-15,4.4101764e-20
1.3002436e-20,9.5008944e-20,5.998876e-16,1.0942148e-25,1.363995e-10,1.0488973e-18,8.249249e-16,3.2730346e-17
1.5552133e-14,1.1012768e-14,7.1880685e-17,1.07397815e-14,2.0231978e-19,5.8322747e-18,3.2796826e-25,2.7928667e-16
1.0430201e-18,1.2183429e-13,2.0159282e-16,1.6680083e-24,4.3637447e-17,2.2733794e-20,5.1624718e-21,2.1753821e-19
8.356989e-19,9.922921e-19,1.8334243e-16,4.1721065e-15,3.6908107e-17,3.357062e-17,1.8889392e-14,3.5646932e-19
1.0738807e-20,4.4420707e-20,1.9270935e-16,1.9437555e-25,9.198531e-11,1.2244248e-18,3.4068353e-16,2.339034e-17
4.1272925e-15,1.8320232e-19,3.0663883e-19,5.1831932e-20,1.2027627e-20,2.776599e-19,7.567469e-27,2.3986348e-17
3.3690295e-18,2.631764e-13,4.3687265e-16,1.9770429e-23,1.4804369e-16,1.2231684e-19,2.6447825e-20,9.67241e-19
1.0754232e-18,1.0942521e-18,2.0881967e-16,2.9680634e-15,7.063278e-17,1.2189635e-17,3.31382e-14,9.1706173e-20
1.5093104e-20,5.0348647e-22,7.0754605e-19,1.657781e-26,2.6500673e-14,1.6987342e-17,1.0991306e-17,1.4521715e-19
1.5056949e-14,8.914381e-19,1.737002e-18,3.224021e-19,6.820512e-20,1.8739818e-18,7.7231473e-26,1.3223405e-16
3.4495028e-18,5.6184517e-13,1.5558297e-15,7.283712e-24,1.8752566e-16,7.970611e-20,1.678518e-20,9.849495e-19
3.974278e-18,1.1918792e-19,3.7631998e-19,3.403458e-16,2.7465377e-16,1.1561751e-18,4.1624208e-17,4.976378e-22
1.8535327e-20,1.2797471e-22,1.0820897e-18,1.0398937e-25,2.7818843e-15,1.1899276e-16,3.5732312e-18,3.690045e-20
1.6831878e-14,1.191348e-18,1.5095423e-18,1.9051262e-19,4.786197e-20,7.322902e-19,5.29057e-26,8.834126e-17
9.537467e-19,4.906222e-14,4.473379e-19,1.0438442e-25,2.0633942e-18,4.869192e-22,1.1968768e-20,2.3765343e-21
3.8239948e-18,4.0946655e-19,4.878272e-19,2.8923915e-16,3.1140163e-16,2.1184267e-18,2.598504e-17,4.605453e-22
1.14262125e-20,2.2508486e-20,1.644486e-17,2.4592366e-26,1.9329e-11,8.1298366e-19,2.1512474e-16,1.05261355e-17
4.202309e-16,1.7625983e-20,7.8973725e-19,8.7399555e-20,5.641769e-23,1.9117731e-19,1.2149186e-27,6.552802e-18
1.3475612e-18,3.0596775e-14,7.452134e-20,1.5368338e-25,7.2701566e-19,1.5125887e-22,3.514021e-20,3.6910123e-22
2.069314e-18,2.7990593e-19,1.4763981e-17,1.864245e-15,7.6824565e-17,2.7343247e-18,2.862373e-15,1.2859682e-20
5.985034e-20,1.1119833e-20,9.897063e-19,1.5604451e-26,4.3431852e-13,7.9160465e-18,9.599601e-17,2.1462289e-18
1.4732595e-16,6.808554e-20,1.417743e-18,1.2633108e-19,4.6543907e-23,7.112968e-19,1.0805997e-27,2.3812933e-18
2.1997754e-18,2.8828564e-13,2.483307e-16,9.45481e-25,6.443884e-17,2.5951221e-20,7.527328e-21,4.181514e-19
2.3855131e-17,1.1800893e-19,5.484224e-19,1.0979709e-15,8.734508e-16,1.9889847e-18,1.1764863e-16,1.3419316e-21
2.3849717e-21,5.851565e-21,5.2033064e-18,4.3415884e-27,9.508548e-12,1.9301439e-19,6.329549e-17,2.848361e-18
7.708709e-15,6.4169156e-20,6.0462617e-19,1.0301407e-19,4.2849357e-21,1.4770838e-19,1.1257402e-26,4.8519235e-17
2.4613113e-18,2.0329017e-13,9.3962e-18,2.6314617e-25,1.5264983e-17,6.5376616e-21,1.8818742e-20,7.6999607e-20
5.8467287e-19,9.036986e-20,4.984995e-18,5.8285666e-16,2.2047245e-17,8.4585964e-19,1.2602329e-15,3.2098562e-21
7.907338e-22,2.4843808e-21,3.1377546e-18,3.8236415e-27,5.6188296e-12,7.361213e-20,2.1673083e-17,2.115237e-18
3.5853477e-15,1.01837945e-20,1.6241363e-18,2.5086873e-19,1.7951541e-22,1.4455394e-19,1.0519303e-26,5.5738884e-17
6.7514e-19,1.2927727e-13,1.378672e-16,1.5138215e-25,2.022598e-17,7.4832946e-21,2.0540611e-21,1.4685778e-19
3.186995e-19,4.948442e-20,4.995884e-18,2.3384555e-16,1.5010959e-17,4.93975e-19,1.5005079e-15,1.5837898e-21
5.6865845e-22,1.7219574e-21,2.450472e-18,1.074139e-27,5.2774057e-12,5.472664e-20,2.2079818e-17,1.1723634e-18
2.6242074e-15,2.2680089e-20,1.5214621e-19,2.6213394e-20,1.1521886e-21,4.1382072e-20,1.919416e-27,1.1660929e-17
3.9969905e-19,1.2353924e-13,1.5272271e-16,7.609679e-26,1.4499422e-17,3.727492e-21,1.2692317e-21,6.9055454e-20
1.8042741e-19,3.644607e-20,2.3600594e-18,2.5285694e-16,6.2979232e-18,3.053583e-19,5.949672e-16,1.0916487e-21
4.346505e-22,1.8309245e-21,1.22323486e-17,4.2467953e-27,1.4591685e-11,5.425789e-20,2.2912395e-17,1.925174e-18
2.041e-15,3.0426863e-20,1.3059061e-19,1.3456333e-20,6.4018726e-22,1.9628805e-20,1.2710641e-27,6.1320698e-18
2.4408334e-19,5.9197716e-14,5.8599314e-17,3.4995494e-26,7.638619e-18,2.3116467e-21,6.563721e-22,5.4318366e-20
7.1673584e-20,7.1894015e-20,1.4352164e-17,2.739485e-16,4.9543023e-18,6.9324704e-19,3.1894462e-15,3.1491414e-21
6.613233e-22,2.3628576e-21,3.828213e-18,6.4163542e-27,6.0181643e-12,6.746607e-20,1.8423764e-17,2.7369963e-18
1.1268034e-15,8.087822e-21,4.439614e-20,7.815964e-21,3.7798832e-22,1.2697263e-20,3.5185402e-28,3.595217e-18
2.5834781e-19,8.042149e-14,1.3996192e-16,1.3520204e-25,1.475531e-17,3.4575996e-21,7.4610863e-22,5.4977945e-20
2.9096065e-19,5.3209062e-20,8.4129695e-18,2.1014782e-16,1.7755311e-17,5.638144e-19,2.6223858e-15,1.7711843e-21
3.3998568e-20,6.432822e-20,2.3207874e-17,6.567371e-24,5.191991e-12,4.916688e-17,2.3307862e-17,1.5696106e-17
1.6452782e-15,4.8499544e-20,7.5565334e-20,8.55898e-21,1.7163895e-21,3.095451e-20,7.629581e-28,5.35218e-18
4.2361661e-19,1.6915209e-13,2.2587666e-16,9.9125186e-26,1.9156221e-17,3.6602375e-21,1.3877545e-21,6.489288e-20
8.61442e-17,6.294858e-15,1.2807325e-16,1.804553e-15,1.1103336e-14,4.849428e-16,1.4771841e-13,1.8019226e-18
1.9487252e-22,7.450165e-22,1.5745092e-18,3.0948261e-27,2.6076114e-12,1.8105473e-20,5.6574944e-18,1.6480458e-18
2.605435e-15,6.1228297e-20,1.9036224e-19,1.3793374e-20,8.2685684e-22,2.0274462e-20,1.7939038e-27,6.7223632e-18
9.572771e-15,4.7014645e-12,9.263216e-15,1.752658e-24,1.8082725e-13,1.0754366e-16,1.832767e-16,4.180193e-18
1.2052942e-19,2.80727e-20,5.051863e-18,8.991335e-17,1.0269675e-17,2.3631123e-19,2.072714e-15,3.971512e-22
9.524104e-23,3.2781866e-22,6.2486945e-19,1.3598399e-27,1.1926225e-12,6.9763686e-21,2.561029e-18,1.1138822e-18
1.5367106e-14,1.6321821e-15,1.0804939e-17,1.1072538e-15,9.381823e-21,5.8847454e-19,4.5057485e-26,1.3965845e-16
2.046024e-19,1.3417707e-13,1.6010822e-16,2.2787904e-26,9.913392e-18,1.0065183e-21,5.378572e-22,3.0011182e-20
7.181151e-20,1.7173334e-20,2.6912656e-18,5.2364027e-17,8.461633e-18,1.0787878e-19,1.5529539e-15,8.0436e-23
2.2807085e-22,8.4472973e-22,4.1994678e-18,1.10017015e-26,4.4702727e-12,1.849147e-20,6.20582e-18,3.3200765e-18
1.4840509e-15,3.2788153e-20,8.94599e-20,3.4663557e-21,2.9088141e-22,6.945963e-21,5.201315e-28,2.3523116e-18
1.6246188e-19,1.5079604e-13,1.1418654e-16,4.3027274e-27,6.345067e-18,2.7979768e-22,2.8517907e-22,2.3039798e-20
6.8274363e-20,7.648934e-20,1.9366065e-17,1.2632839e-16,1.3617519e-17,3.8896537e-19,9.212542e-15,3.8695205e-22
2.6034386e-22,9.623372e-22,1.801799e-18,3.9391823e-27,2.9640288e-12,2.2447262e-20,6.759572e-18,1.8885284e-18
1.0507491e-15,1.3010077e-20,4.7264677e-20,1.1260609e-21,9.528502e-23,2.6746301e-21,1.8392553e-28,8.839713e-19
3.9493697e-19,3.2219407e-13,3.4474146e-16,3.3517492e-26,2.403095e-17,8.4177674e-22,7.020147e-22,4.9483857e-20
1.2014426e-19,3.6806393e-20,5.3845566e-18,1.0632642e-16,1.2366064e-17,2.7285718e-19,2.4977873e-15,3.631073e-22
6.372981e-20,3.5208507e-20,1.8017999e-17,4.3098658e-23,1.8312655e-11,6.696597e-16,9.249153e-17,8.2551905e-18
2.48256e-15,7.5018477e-20,1.21228e-19,2.5551993e-21,7.619396e-22,1.02727544e-20,7.4454256e-28,2.5293678e-18
2.633036e-19,1.668969e-13,1.780911e-16,2.3203783e-26,1.20589765e-17,9.956994e-22,6.4790406e-22,3.7807812e-20
2.0095316e-17,8.041087e-15,5.8425463e-16,5.991169e-16,3.47284e-14,2.6055839e-15,1.0746078e-13,2.0717083e-17
4.1385387e-20,9.274326e-21,1.4785736e-17,3.658976e-24,6.507398e-12,1.4682103e-16,1.7243864e-17,5.2194687e-18
1.7583249e-15,3.0600535e-20,1.008541e-19,3.605567e-21,3.4164682e-22,7.818559e-21,5.9944695e-28,2.5481752e-18
2.2854957e-13,6.097336e-11,2.20374e-14,2.5942866e-23,2.4006825e-12,3.9854105e-16,2.8650916e-16,1.5339929e-18
2.0623171e-17,2.6061804e-15,1.715111e-16,3.3925694e-16,8.4536785e-15,4.6556504e-16,3.6423735e-14,3.2413488e-18
3.3290088e-23,4.8197186e-23,4.879384e-21,4.6525814e-30,7.0588175e-14,1.950504e-21,5.3015794e-19,3.806773e-20
2.5708994e-15,1.396269e-14,6.4041355e-17,3.6719805e-16,4.71894e-19,6.4489644e-20,3.4112283e-25,9.800487e-16
5.465587e-14,1.8010494e-11,4.610655e-15,2.4067196e-24,4.678865e-13,1.2048684e-16,1.845437e-16,1.3141322e-18
6.9314885e-20,3.2179585e-22,6.4881454e-21,5.645809e-18,2.2490828e-18,4.9824586e-21,6.4913e-18,2.5522632e-24
1.2110216e-21,3.2328605e-21,1.9489004e-18,1.2404187e-25,7.8473046e-13,2.4200575e-18,1.5385757e-18,1.3734529e-18
3.4029144e-15,2.063783e-15,1.6505069e-17,3.8413534e-16,2.3003439e-20,9.3202246e-20,4.852919e-26,2.755195e-16
1.567813e-20,1.1209433e-14,1.9608246e-18,5.9983094e-29,2.6811506e-19,3.4475733e-23,3.108759e-23,1.3900912e-21
5.065197e-18,5.815529e-16,7.966911e-18,1.5832802e-16,8.1912056e-16,4.2648377e-17,2.1893239e-14,6.9781286e-20
5.0566944e-21,1.17989075e-20,7.806262e-18,7.444472e-25,2.6006233e-12,1.2785157e-17,5.9163733e-18,3.5910226e-18
9.261581e-17,4.677548e-23,2.9206905e-21,3.5700358e-22,5.2662697e-25,1.1353468e-22,4.7791485e-30,1.6540473e-19
7.278715e-16,5.579079e-13,9.157527e-16,2.8692224e-26,1.4225076e-14,7.108794e-18,1.3881439e-17,2.4988304e-19
1.4859698e-17,1.9542935e-15,3.6349486e-17,5.2577834e-16,2.5319104e-15,1.6758024e-16,5.2624934e-14,4.2442376e-19
5.2161965e-21,1.4555705e-20,4.0471023e-18,4.9243824e-25,1.6350604e-12,6.923013e-18,6.588746e-18,4.4180105e-18
2.032314e-15,1.3920315e-16,6.315916e-19,8.853254e-17,3.166933e-22,3.6659685e-20,5.97707e-28,7.856062e-18
2.7923036e-15,1.7164627e-12,2.7749526e-15,2.033979e-25,5.210776e-14,2.8178212e-17,5.289283e-17,9.610327e-19
2.3336242e-17,9.149077e-16,1.8139305e-17,5.2243743e-16,2.5162734e-15,8.637092e-17,3.6566985e-14,1.9566016e-19
2.7106927e-22,8.705542e-22,5.3461164e-19,2.08252e-28,1.6200388e-12,2.7883793e-20,1.0080497e-17,4.620664e-19
4.6718064e-15,6.328587e-16,2.5547742e-18,3.4772772e-16,2.0601664e-21,1.4433407e-19,4.1612247e-27,3.1373253e-17
1.5250738e-15,1.3747989e-12,2.614455e-15,1.3194672e-25,2.4560217e-14,1.551673e-17,3.0143636e-17,9.714675e-19
2.4598552e-19,1.1554596e-20,4.2492108e-19,1.3616331e-16,3.7857207e-18,1.2088442e-19,1.3152218e-16,3.0316654e-22
6.4877435e-23,2.9931695e-22,3.494746e-19,4.4535198e-29,1.1094774e-12,1.0560668e-20,4.447908e-18,1.7824716e-19
5.800821e-15,2.3251303e-16,2.2191947e-18,1.9034947e-16,1.0970047e-21,1.1916792e-19,4.2148237e-27,2.2387948e-17
1.371897e-19,3.5870117e-14,2.6984427e-17,4.9861514e-27,2.3080287e-18,1.0811555e-21,4.814153e-22,3.58311e-20
8.441732e-20,4.13841e-21,2.2226586e-19,7.120333e-17,9.593112e-19,6.466751e-20,5.7630765e-17,1.5841938e-22
1.5059044e-22,5.3072976e-22,8.034477e-19,4.3811165e-28,2.2334905e-12,1.7028059e-20,5.5905585e-18,5.193508e-19
6.937904e-16,2.62941e-21,2.0401542e-20,6.839555e-21,5.845713e-23,4.7919126e-21,1.2657893e-28,1.1857803e-18
4.0280148e-20,1.532402e-14,1.2358141e-17,1.2833614e-27,6.780694e-19,4.5203224e-22,1.838861e-22,1.6071184e-20
8.963376e-20,1.1501166e-20,1.0921502e-18,7.2636774e-17,3.4200748e-18,1.2416819e-19,3.7057953e-16,2.9265778e-22
3.8419715e-22,2.2502291e-21,9.1609426e-18,1.5882075e-27,1.1058525e-11,6.2775286e-20,2.990267e-17,1.4397505e-18
3.5234376e-16,1.5290537e-21,7.466955e-21,3.3084777e-21,2.2584398e-23,2.4353902e-21,3.0110353e-29,4.136205e-19
1.1238305e-19,4.5535702e-14,4.197212e-17,7.54559e-27,3.3043585e-18,8.06262e-22,3.1487071e-22,1.8867478e-20
1.5530158e-19,5.986496e-20,6.4790543e-18,3.957625e-16,3.2680671e-18,6.151559e-19,1.1043011e-15,3.6697028e-21
3.332697e-21,1.5114018e-20,1.1771687e-16,1.0758173e-25,5.4279567e-11,4.945274e-19,1.0957988e-16,1.3331736e-17
6.988452e-16,5.838254e-21,2.785817e-20,3.6019515e-21,9.9739824e-23,4.3596425e-21,1.4450475e-28,1.2911405e-18
2.823467e-19,5.874074e-14,1.0798023e-16,5.696734e-26,6.919501e-18,4.534141e-21,1.2377932e-21,9.9004194e-20
5.600054e-19,4.4105487e-19,1.5160937e-16,1.0085316e-15,4.798581e-17,8.016756e-18,2.6236029e-14,3.1208478e-20
2.145088e-21,9.0608686e-21,9.707901e-18,5.734101e-27,1.233416e-11,2.6162058e-19,8.8378e-17,3.547548e-18
1.6713724e-15,3.555755e-20,5.558952e-20,1.6900831e-20,8.901998e-22,2.9465427e-20,5.691581e-28,2.8778608e-18
2.2797127e-18,6.425046e-13,1.2815054e-15,2.2325442e-24,1.0934312e-16,3.4234256e-20,1.28526685e-20,4.3051907e-19
9.299665e-19,1.2884239e-19,7.57042e-18,8.70952e-16,1.7978999e-17,1.3121085e-18,1.47303e-15,7.3151604e-21
1.0590596e-21,6.3179094e-21,3.896043e-17,1.17719864e-26,2.7586515e-11,1.9824315e-19,6.523699e-17,4.250137e-18
1.3030082e-14,1.6540545e-18,1.2269917e-18,1.4566935e-19,1.6476544e-20,3.5778397e-19,3.2702235e-26,3.8011484e-17
9.401861e-19,1.4810124e-13,2.2854442e-16,1.7426771e-25,1.8244233e-17,1.3851479e-20,4.6064917e-21,2.9072542e-19
3.4589224e-19,1.6459717e-19,3.3444715e-17,6.64958e-16,1.026615e-17,2.5643331e-18,4.7390816e-15,1.6153175e-20
2.07896e-17,2.7076595e-18,6.476593e-15,1.8632501e-22,1.4399989e-09,5.84048e-14,1.4480314e-15,9.4184545e-17
4.000599e-15,5.958746e-20,2.0706868e-19,5.8783034e-20,1.6223194e-21,6.501652e-20,3.2672046e-27,9.430312e-18
7.898939e-19,1.7954191e-13,4.7826297e-16,3.6458074e-25,2.157122e-17,1.826391e-20,4.9114103e-21,2.6054894e-19
1.0583718e-16,1.0279749e-13,1.48008e-14,2.2869293e-14,2.8520976e-13,5.5809785e-15,9.8233765e-12,4.836108e-16
5.8335428e-18,1.7691276e-18,2.7425186e-15,1.575798e-22,8.038117e-10,2.767174e-14,7.923093e-16,5.572953e-17
4.9298766e-15,3.718676e-19,3.0148433e-19,6.411337e-20,4.3968535e-21,1.2774224e-19,5.3466666e-27,9.682566e-18
1.3113727e-11,3.719431e-10,1.0933411e-13,1.6670813e-22,1.1810827e-11,6.5476113e-16,3.677339e-14,5.4499853e-17
8.009607e-17,8.942639e-14,9.1738615e-15,1.9152487e-14,1.982566e-13,4.8256246e-15,5.4465902e-12,2.7357674e-16
4.66306e-17,7.1802e-18,1.3524433e-14,2.305059e-22,2.4984381e-09,8.903495e-14,3.511189e-15,1.195191e-16
4.8589974e-14,2.3631872e-13,2.2664234e-15,1.05507386e-13,2.1657711e-17,2.885546e-17,1.5758031e-23,2.6520737e-15
4.378938e-12,1.8756666e-10,8.690065e-14,9.3118227e-23,7.287676e-12,4.561633e-16,1.4877983e-14,3.3370547e-17
7.674666e-17,1.2834243e-13,1.4911934e-14,2.825349e-14,6.273876e-13,1.0878946e-14,2.510593e-11,6.9265595e-16
3.370124e-17,4.069379e-18,6.728967e-15,8.3017223e-22,3.1802347e-09,2.2562638e-13,3.824774e-15,9.5295124e-17
2.7999902e-14,1.4238766e-13,1.0995218e-15,5.0623483e-14,1.12815714e-17,1.2832896e-17,5.6463307e-24,1.78009e-15
2.3156298e-11,3.835691e-10,8.824743e-14,3.5055555e-22,1.7211189e-11,8.1622604e-16,6.639321e-14,4.9319033e-17
7.134389e-17,1.7796573e-13,3.9278422e-14,2.2644455e-14,7.9991504e-13,1.3804363e-14,1.788544e-11,1.8423642e-15
2.0291193e-18,3.1617732e-18,9.470989e-16,4.4147165e-22,1.120484e-10,2.3236509e-15,9.002838e-16,2.9361587e-16
4.9744243e-14,3.4099673e-13,3.707621e-15,2.1038714e-13,4.005054e-17,7.335043e-17,3.993828e-23,3.9981425e-15
5.921712e-11,1.1240527e-09,2.3780132e-13,8.951477e-22,5.1053314e-11,1.2923154e-15,4.8256365e-14,4.2609185e-17
6.892742e-16,1.2894801e-13,3.2984069e-15,3.5006588e-14,1.8922108e-13,9.4805e-15,3.5042763e-12,9.0096354e-17
5.4427336e-17,5.042679e-18,1.3909395e-14,5.923384e-22,2.4078721e-09,1.5805853e-13,2.9361715e-15,1.7189624e-16
2.5154734e-14,7.87177e-13,6.484108e-15,8.527562e-14,2.0599436e-16,1.4631607e-17,5.330609e-23,7.3223305e-15
1.7854032e-13,4.7304306e-11,1.2215214e-13,1.9325281e-22,2.9404968e-12,2.1551339e-15,5.494768e-15,6.751226e-17
1.7701216e-16,2.0440526e-13,3.5993476e-14,3.6771567e-14,7.143418e-13,1.1677952e-14,1.8511918e-11,1.2487763e-15
2.280953e-21,9.1394265e-21,1.9876282e-17,4.1573398e-26,1.6828053e-11,2.0945761e-19,6.551705e-17,9.2952014e-18
2.6649e-13,4.847167e-14,3.3825546e-16,3.0971556e-14,9.721681e-19,3.083294e-17,4.331736e-24,3.0901617e-15
3.05104e-11,6.47425e-10,1.8229905e-13,6.7479137e-22,2.7162661e-11,1.4923847e-15,7.233893e-14,9.426757e-17
7.99208e-19,2.1471286e-19,4.2428178e-17,6.579158e-16,4.5038277e-17,2.137666e-18,1.0585423e-14,9.535966e-21
6.3273642e-21,4.8814876e-21,1.1481051e-19,6.759951e-28,7.447741e-13,1.8245467e-19,4.1709246e-17,1.4171968e-18
6.4456266e-14,5.2949973e-13,5.5860485e-15,1.761875e-13,7.160891e-17,5.4371518e-17,4.9733004e-23,7.437612e-15
1.4104498e-18,4.2059398e-13,8.341777e-16,6.3041016e-25,5.687597e-17,1.52797e-20,5.257849e-21,2.9240044e-19
6.22144e-18,1.4240289e-20,1.3320539e-19,2.1907586e-16,1.5543755e-16,1.777196e-19,9.332583e-17,2.1639573e-22
1.8409754e-20,2.9975943e-20,7.108469e-18,2.8336753e-26,1.1326732e-11,8.366623e-19,2.1688231e-16,1.07597355e-17
7.8333006e-15,3.204562e-19,6.3387486e-19,4.3662015e-20,4.871963e-21,1.0356056e-19,1.1842519e-26,1.880148e-17
1.03223e-18,1.9156443e-13,3.543574e-17,1.3410429e-26,1.0957941e-17,2.9296282e-21,2.5401162e-21,9.424045e-20
5.619917e-18,2.232286e-19,8.655656e-18,1.3812152e-15,1.8967319e-16,2.3593302e-18,2.6499699e-15,7.6265535e-21
1.1709633e-20,1.2194128e-20,8.6526814e-19,2.4990206e-27,2.7923451e-12,4.737644e-19,1.1437531e-16,3.1175075e-18
2.1193514e-15,1.2864975e-21,1.5555121e-19,2.6179515e-20,3.937643e-23,8.031498e-21,1.419192e-27,9.281171e-18
3.812299e-18,5.53219e-13,4.0696627e-16,6.3988837e-25,7.505638e-17,2.8473912e-20,1.1963746e-20,6.0618277e-19
5.864177e-18,5.057797e-20,6.9013876e-19,6.5182293e-16,1.3806244e-16,6.0255393e-19,2.9912264e-16,1.298305e-21
3.8979824e-21,5.802773e-21,1.7594024e-18,2.0668115e-27,4.3020466e-12,2.3628598e-19,6.6344246e-17,2.4503317e-18
1.0118229e-14,5.644576e-20,8.85328e-19,1.2685263e-19,2.4964652e-21,1.387936e-19,2.2262314e-26,4.6857413e-17
1.7374989e-18,2.3471638e-13,7.111429e-17,7.483304e-26,2.225308e-17,8.9171944e-21,5.267908e-21,2.319953e-19
1.4824812e-18,4.8756093e-20,1.3575602e-18,5.0910825e-16,4.0137407e-17,5.618006e-19,4.084313e-16,1.5475558e-21
2.3837266e-20,1.374956e-20,1.9953903e-19,1.3401422e-27,8.875405e-13,6.506419e-19,9.919147e-17,2.9920907e-18
4.2358356e-15,5.5544976e-21,2.8135864e-19,6.3299505e-20,2.420385e-22,3.1568285e-20,4.0113785e-27,1.9919472e-17
8.341892e-19,1.359764e-13,6.521684e-17,7.810192e-26,1.578726e-17,6.303802e-21,2.495351e-21,1.4227103e-19
2.045113e-17,2.1835872e-20,1.2487833e-19,4.981445e-16,3.4670914e-16,4.1539938e-19,6.364924e-17,3.7312318e-22
8.627656e-21,6.1652017e-21,2.6059862e-19,9.938824e-28,1.123213e-12,3.2201492e-19,5.3710197e-17,2.0921335e-18
2.5272594e-15,8.234828e-21,1.612874e-19,3.2056118e-20,3.7254856e-22,2.749111e-20,1.746342e-27,1.2711481e-17
1.9221432e-18,2.4024264e-13,2.7659983e-17,3.517819e-26,1.4484608e-17,6.1205388e-21,6.1484795e-21,1.949881e-19
5.2693833e-18,1.8504242e-20,1.8657921e-19,3.5910674e-16,1.3059827e-16,2.9006078e-19,8.067255e-17,3.1829444e-22
1.0719851e-21,1.1036113e-21,9.8096305e-20,1.4150774e-28,5.6791746e-13,5.0788518e-20,1.2953444e-17,5.681281e-19
3.9028153e-15,1.2773627e-21,3.9631487e-19,8.022774e-20,5.1825328e-23,1.8841945e-20,4.8818264e-27,2.8470696e-17
9.081293e-19,1.4171978e-13,2.1800365e-17,2.8432907e-26,1.07036915e-17,3.3774915e-21,2.4944851e-21,9.207986e-20
1.0395762e-18,6.0834816e-21,7.839678e-20,1.1481639e-16,2.0993376e-17,6.855858e-20,3.5612987e-17,8.5193936e-23
1.1289038e-21,7.8703837e-22,2.0866797e-20,3.9330074e-29,2.2131556e-13,3.5799815e-20,8.0358305e-18,2.0756296e-19
2.3298107e-15,1.3006745e-21,2.1307283e-19,3.5777016e-20,6.0368004e-23,1.2315485e-20,1.8103819e-27,1.780224e-17
2.554305e-19,5.5466092e-14,9.913544e-18,3.4966518e-27,3.0430726e-18,8.0396463e-22,5.772897e-22,2.9978916e-20
1.0365785e-18,2.363804e-21,1.3366039e-20,5.0697814e-17,2.314713e-17,3.3641206e-20,1.10016676e-17,1.8857376e-23
2.3152307e-20,2.3576725e-20,1.3670965e-18,7.5618786e-25,7.6147823e-13,2.2294117e-17,6.7138296e-18,5.0896597e-18
7.2794366e-16,4.3388183e-22,3.4196664e-20,6.8360855e-21,1.5624548e-23,2.488222e-21,1.6337535e-28,2.7726734e-18
1.776315e-19,4.189189e-14,4.497936e-18,7.9260684e-28,1.5384994e-18,3.716359e-22,3.5789264e-22,1.6315367e-20
1.05939774e-16,1.3460423e-15,6.331623e-18,4.736043e-16,1.3858551e-14,1.165253e-16,1.6483007e-14,1.290746e-19
6.9150275e-22,4.5526836e-22,1.1823687e-20,3.624639e-29,1.6759296e-13,1.8772425e-20,4.3416254e-18,1.5570615e-19
4.145784e-16,8.1973976e-23,1.8166977e-20,4.104263e-21,3.4575813e-24,1.1158283e-21,8.4137247e-29,1.6218458e-18
5.191993e-15,2.7042305e-12,1.6447449e-15,1.2549877e-25,6.1200583e-14,2.9518685e-17,9.9447584e-17,1.0947364e-18
6.2480033e-19,1.3453915e-21,1.1603715e-20,2.6948216e-17,2.4820651e-17,2.1052049e-20,1.3667219e-17,8.207657e-24
2.881208e-20,7.984362e-21,5.0387947e-18,5.8376437e-24,6.3232787e-12,2.0712114e-16,1.7830922e-17,2.084009e-18
7.136438e-15,1.2901769e-16,4.847277e-18,5.952465e-16,4.9154935e-22,1.0322058e-19,7.802297e-27,6.0025354e-17
1.1918338e-19,4.547755e-14,4.134929e-18,4.9648336e-28,1.4197942e-18,1.7423207e-22,1.8400679e-22,7.99689e-21
1.0947536e-17,2.7006284e-15,9.479297e-17,1.5338832e-16,1.4452039e-14,8.5002705e-16,2.1104658e-14,3.0518727e-18
3.6901713e-20,3.4215063e-20,8.943848e-18,1.1378703e-22,1.7914539e-10,4.9763194e-15,1.5201592e-16,3.182779e-19
3.6083146e-16,6.266776e-23,1.6030896e-20,2.1679905e-21,2.146943e-24,7.0647964e-22,6.2619054e-29,1.2374458e-18
5.951471e-14,2.5600173e-11,4.3323173e-15,1.7067238e-24,5.1359454e-13,9.138608e-17,1.4361317e-16,5.1544085e-19
4.940372e-19,1.9134669e-14,6.8009366e-16,1.1610956e-16,1.1104951e-13,1.1445616e-14,2.7517856e-13,8.9022925e-17
2.8784165e-21,3.6674773e-21,2.0465e-19,4.4162067e-26,2.003615e-13,2.9566905e-18,1.2410574e-18,8.967588e-19
1.6160243e-15,1.8523569e-15,1.5864656e-17,1.4700708e-16,3.5522302e-20,2.2017123e-20,7.300562e-26,3.4044057e-16
7.870449e-13,1.7672426e-10,2.6522114e-14,7.29929e-24,3.9184177e-12,5.0845e-17,2.7685118e-16,8.7269965e-20
1.9427776e-17,2.1201993e-16,7.1861145e-19,9.339671e-17,2.6597735e-15,1.9777882e-17,3.634633e-15,1.1937443e-20
8.192154e-21,3.1449995e-21,6.227685e-18,9.5965225e-25,4.041429e-12,5.6586195e-17,6.3169794e-18,1.358866e-18
2.0883321e-16,6.221441e-14,7.078707e-17,5.5225843e-17,1.5852557e-17,2.4738553e-21,1.66659e-24,7.0483703e-16
9.139659e-16,6.5008567e-13,3.3919614e-16,7.1302726e-27,9.338683e-15,4.2241144e-18,1.5765414e-17,1.8558685e-19
4.777665e-18,1.4216119e-15,5.8689914e-17,1.2008946e-16,3.1494394e-15,3.4793871e-16,1.5520249e-14,1.2313618e-18
9.325619e-22,1.8083515e-21,2.6759494e-19,2.8678764e-26,2.4311534e-13,1.7000685e-18,7.4091374e-19,5.2144706e-19
1.7115891e-15,1.6668374e-17,7.217516e-19,9.856759e-17,4.4211015e-23,1.5760941e-20,4.7650088e-28,8.422828e-18
1.3842171e-14,7.070858e-12,2.0970505e-15,4.807998e-25,1.4271066e-13,4.7858936e-17,7.0534233e-17,4.3150725e-19
7.818004e-18,1.8873563e-16,1.0458488e-18,7.6259574e-17,9.321772e-16,1.7549123e-17,3.3876958e-15,1.4138475e-20
5.4857245e-21,2.0731428e-21,1.853443e-18,3.318887e-25,1.4373733e-12,2.5277584e-17,3.123126e-18,9.540851e-19
1.297992e-15,1.06538e-15,5.5198225e-18,1.07449345e-16,9.481519e-21,3.11685e-20,9.971907e-27,1.1015825e-16
4.710314e-16,4.1755816e-13,3.1870726e-16,4.6729185e-27,5.875315e-15,3.0768885e-18,8.925206e-18,1.3768513e-19
7.457175e-18,6.3315326e-16,1.4619221e-17,8.5178275e-17,2.147862e-15,1.4461648e-16,4.6235298e-15,3.220616e-19
1.9085275e-22,2.4460027e-22,1.5587842e-20,6.3429535e-28,4.2253717e-14,8.519179e-20,2.3098416e-19,1.3710336e-19
1.0938905e-15,2.2237803e-17,3.9759137e-19,6.1439674e-17,4.6275168e-23,1.20273976e-20,2.204477e-28,4.568733e-18
7.423155e-15,4.2622464e-12,9.573166e-16,1.1639373e-25,6.3011675e-14,2.5092832e-17,4.2745617e-17,3.153713e-19
1.5982064e-18,1.4549671e-18,5.0975432e-20,1.2573361e-17,1.9980667e-16,5.7423545e-19,2.7231376e-16,1.5047042e-22
1.8560232e-20,1.27691015e-20,1.13538e-17,1.4163934e-23,8.3865484e-11,1.6085147e-15,4.38084e-17,2.768529e-19
1.1463438e-15,2.4617176e-16,2.7502256e-18,8.9364874e-17,1.5101677e-21,1.6486918e-20,3.8774008e-27,5.2952182e-17
1.590841e-17,1.189809e-13,3.019266e-17,2.1124604e-28,1.7620574e-16,3.3704786e-20,1.2501798e-19,1.4815412e-20
3.9189793e-19,7.76434e-15,3.393385e-16,1.03163266e-16,2.4313378e-14,3.094798e-15,1.3723564e-13,2.3303418e-17
2.4039074e-20,4.0836194e-20,5.756679e-18,3.5101188e-22,4.107677e-10,1.3523557e-14,2.4510727e-16,1.3469282e-19
3.3324637e-16,1.4538234e-19,5.643456e-20,7.996745e-19,1.882337e-24,9.365977e-22,2.2460949e-29,7.684032e-19
2.5588527e-13,5.5891177e-11,9.8617336e-15,2.078009e-24,1.2009406e-12,2.939127e-17,1.7752338e-16,1.0304512e-19
1.0552016e-19,3.3345085e-14,1.1881638e-15,7.8651813e-17,2.3530627e-13,2.6416749e-14,5.981929e-13,2.0841461e-16
8.9556394e-23,5.7341996e-23,6.6754314e-22,5.600041e-31,2.1926503e-14,3.0277026e-21,7.5578066e-19,1.3728699e-20
2.0931175e-16,2.2993597e-14,3.078029e-17,7.049845e-17,2.3217868e-18,5.570667e-21,1.880004e-25,2.4853445e-16
1.9792197e-12,3.2604722e-10,4.5889606e-14,1.3570134e-23,1.04758945e-11,4.0525266e-17,2.1144888e-16,2.5723643e-20
2.292435e-19,1.0208912e-22,3.3728292e-22,5.2413365e-18,3.8722008e-18,2.5264517e-21,5.131083e-19,4.927351e-25
1.3390769e-23,3.1066138e-23,4.610465e-21,4.8017353e-30,5.335933e-14,1.0261196e-21,2.8113225e-19,3.6517184e-20
5.874435e-17,1.8344449e-13,1.08812585e-16,2.5493725e-17,1.4665198e-16,6.187346e-22,2.5152929e-24,9.226605e-16
1.509967e-20,7.0995638e-15,3.4257264e-19,9.660776e-30,9.1734524e-20,2.1197066e-23,2.8914327e-23,1.4580651e-21
4.2028452e-20,2.6824865e-22,7.561922e-21,4.1962335e-18,1.905287e-18,5.43345e-21,8.735331e-18,1.1126175e-24
4.7769785e-23,1.5323054e-22,1.2285555e-19,2.0522368e-28,4.1244403e-13,3.5223265e-21,1.1017326e-18,3.3805372e-19
5.6577996e-17,2.4214076e-24,1.4655093e-21,4.2592335e-22,5.9945676e-26,7.115016e-23,2.149534e-30,1.3510089e-19
1.0927534e-20,1.5479275e-14,2.8630894e-18,2.1784022e-29,1.6042527e-19,1.7674096e-23,2.810845e-23,1.5258083e-21
5.170101e-20,4.5859955e-21,3.3496263e-19,2.157163e-17,5.085254e-18,4.443596e-20,2.5622236e-16,1.2470004e-23
1.0793254e-22,9.877469e-23,1.0514315e-21,9.009193e-31,2.3889544e-14,5.4722226e-21,1.1020858e-18,2.2633763e-20
1.0094509e-16,8.017928e-23,3.587115e-21,2.1199664e-22,3.9821403e-25,1.0851422e-22,3.5278237e-30,8.427029e-20
6.857297e-20,7.8034055e-14,3.225796e-17,4.9369957e-28,1.5479006e-18,8.939051e-23,1.3414243e-22,1.058741e-20
4.66021e-19,1.4090218e-22,4.665058e-22,8.77963e-18,4.3934395e-18,4.3808313e-21,4.9363404e-19,1.0781185e-24
5.8501975e-23,3.6377552e-22,2.1998593e-18,1.6562884e-27,2.771746e-12,7.856649e-21,2.947906e-18,1.039465e-18
4.9795643e-16,1.822333e-21,2.0097969e-20,5.457398e-22,1.3478867e-23,9.269723e-22,4.367881e-29,3.4093394e-19
1.984428e-20,8.807788e-15,4.807774e-19,1.4959822e-29,1.0224439e-19,4.0052245e-23,6.5362326e-23,2.5641432e-21
3.9940778e-20,2.6854377e-20,6.6196328e-18,7.107063e-17,4.3579026e-18,2.27614e-19,2.422546e-15,1.7476327e-22
8.619226e-23,9.266289e-23,1.2543584e-21,8.733742e-31,3.2992953e-14,4.8274143e-21,1.1947249e-18,1.9385697e-20
8.600104e-17,5.802321e-24,2.5383822e-21,1.0471087e-21,8.417494e-26,1.03148e-22,4.079504e-30,1.8060301e-19
1.3852755e-19,1.3229276e-13,1.6909636e-16,5.7624976e-27,5.006835e-18,4.1692596e-22,3.4301937e-22,3.7330722e-20
3.321823e-19,1.2547025e-22,6.782599e-22,8.171536e-18,3.545573e-18,4.453538e-21,7.649872e-19,1.62371e-24
8.360671e-23,2.2552465e-22,3.001977e-20,1.04500154e-29,2.6543283e-13,8.611938e-21,2.6841297e-18,6.55432e-20
1.1138414e-15,3.261762e-20,4.9907164e-20,1.5266234e-21,2.1753707e-22,5.9585834e-21,1.8871359e-28,7.844888e-19
1.8772567e-20,9.535304e-15,6.858164e-19,1.5760508e-29,1.04503465e-19,4.3942667e-23,6.095019e-23,2.4557274e-21
1.5800379e-19,8.339493e-22,1.768262e-20,2.1994913e-17,2.3164699e-18,2.775263e-20,9.398888e-18,2.1863925e-23
4.5088677e-23,2.846487e-22,1.1375601e-18,5.2162575e-28,2.0109708e-12,6.4375808e-21,2.8029606e-18,5.3442e-19
9.238998e-17,9.6423975e-24,2.6312866e-21,1.0842987e-21,1.209574e-25,1.3456423e-22,4.484904e-30,1.5343841e-19
2.9242706e-20,1.4668737e-14,4.4823834e-18,2.2842538e-28,3.008295e-19,1.9903468e-22,1.2414811e-22,7.5440584e-21
3.728006e-20,1.0707881e-20,2.3690436e-18,4.820064e-17,2.5904466e-18,1.3350705e-19,9.433525e-16,1.4140295e-22
1.5923991e-20,4.383542e-20,2.3153138e-17,8.663752e-25,4.147596e-12,2.2372326e-17,2.2104764e-17,7.381466e-18
1.9459159e-16,1.8983984e-22,7.1332316e-21,1.9526182e-21,2.7613392e-24,9.330566e-22,1.99752e-29,3.5289738e-19
7.4671016e-20,7.11418e-14,8.0399434e-17,3.3387055e-27,2.4077644e-18,3.3766266e-22,2.264402e-22,2.1184648e-20
1.6207456e-17,2.144849e-15,3.1645138e-17,9.154105e-16,4.3813287e-15,3.3110362e-16,1.1045107e-13,4.653885e-19
1.439331e-21,5.506901e-21,4.6689515e-17,2.5645768e-26,2.0561138e-11,2.304895e-19,3.583703e-17,4.810216e-18
8.5522783e-16,1.4414802e-20,3.0410736e-20,1.3869132e-21,9.6668934e-23,4.100695e-21,1.150915e-28,5.6713204e-19
2.5087689e-15,1.6044451e-12,3.4093851e-15,4.7758985e-25,3.552166e-14,3.913799e-17,9.015651e-17,1.7767565e-18
1.8594471e-19,3.961501e-19,4.25499e-17,3.2280378e-16,3.7133782e-17,7.178091e-18,1.503858e-14,1.2018592e-20
2.75229e-20,6.9462854e-20,3.5623317e-17,2.1595018e-24,5.337302e-12,4.239323e-17,3.0999345e-17,1.143399e-17
1.22221535e-14,7.622617e-16,4.537989e-18,4.3564945e-16,4.218327e-21,5.799415e-19,1.18528246e-26,5.288153e-17
2.5929875e-18,3.8489936e-13,3.8354668e-16,4.827865e-25,1.0379209e-16,2.177324e-20,1.5783081e-20,1.4402444e-19
4.0352802e-17,4.5588342e-15,6.8756947e-17,1.550734e-15,8.149757e-15,5.72122e-16,1.7220595e-13,1.2616452e-18
4.4503648e-20,6.461646e-20,5.0168362e-17,1.6990066e-24,1.0901021e-11,9.529984e-17,2.5986033e-17,7.777727e-18
5.0989956e-15,1.226201e-18,5.917341e-19,1.4736564e-19,4.0980834e-21,1.6248296e-19,7.7602065e-27,1.7141487e-17
5.8930246e-15,2.6268506e-12,6.332237e-15,1.0900658e-24,8.146451e-14,9.133938e-17,1.9342893e-16,3.7315664e-18
1.8073e-17,5.2126717e-15,8.296678e-17,1.3809781e-15,9.503928e-15,4.8060395e-16,2.6181658e-13,1.4338532e-18
1.4876422e-18,3.4336288e-19,9.69714e-16,4.914795e-24,4.708559e-10,4.1436356e-15,1.5617334e-16,7.831765e-18
1.5457708e-14,1.9442623e-15,8.159855e-18,1.0613399e-15,7.884541e-21,9.517731e-19,2.9886904e-26,9.2655386e-17
1.5468502e-14,4.038224e-12,5.3987356e-15,7.663635e-25,1.3226148e-13,5.2260858e-17,3.2266714e-16,2.3371242e-18
3.764781e-18,1.4102295e-14,9.430719e-16,2.4709103e-15,6.50718e-14,1.023808e-15,4.428832e-12,2.5122334e-17
6.1805645e-18,7.1125616e-19,2.3977406e-15,4.2413804e-23,8.168982e-10,3.632792e-14,4.480422e-16,2.1141974e-17
9.898857e-15,3.1298454e-15,1.1981805e-17,1.9248097e-15,1.4878903e-20,8.952242e-19,2.6195418e-26,7.795851e-17
1.4888558e-12,5.0891638e-11,7.19101e-15,3.760779e-24,1.8041324e-12,3.6508463e-17,5.5072752e-15,1.7057462e-18
2.0825078e-17,4.5898533e-14,5.2404446e-15,6.787437e-15,1.5398594e-13,2.986291e-15,4.6184246e-12,1.6159681e-16
1.5515074e-17,1.2517123e-18,4.627729e-15,1.417075e-22,1.8756567e-09,8.038192e-14,1.1432955e-15,3.4165163e-17
5.3335594e-15,3.9046864e-14,2.178109e-16,2.7231455e-14,9.891893e-19,5.6043315e-18,5.1527615e-25,2.0568422e-16
6.8368857e-12,1.8707969e-10,3.9325795e-14,4.1988327e-23,6.216347e-12,2.0861744e-16,1.5264774e-14,1.3130806e-17
2.41849e-17,7.017645e-14,1.40870515e-14,9.863464e-15,3.7242453e-13,5.114327e-15,1.167071e-11,4.315277e-16
8.494173e-17,5.6218896e-18,2.1318557e-14,1.4830841e-21,5.427352e-09,3.520084e-13,3.2425287e-15,1.3884782e-16
1.0781939e-14,1.3755746e-13,1.0666163e-15,3.578456e-14,1.0981835e-17,7.636346e-18,2.9379056e-24,1.2321343e-15
1.9283046e-11,5.1442767e-10,6.0214874e-14,1.5822792e-22,2.1223774e-11,3.785118e-16,2.6307288e-14,1.4123133e-17
1.3339934e-16,3.2365506e-13,8.2216115e-14,4.402432e-14,1.0323652e-12,1.5790356e-14,2.9563064e-11,2.429181e-15
6.099853e-17,4.3860714e-18,1.9604545e-14,5.363901e-22,3.9935593e-09,2.4329532e-13,2.1172584e-15,9.5002573e-17
1.463897e-14,3.330785e-13,2.1823685e-15,6.266338e-14,3.2338904e-17,1.3597379e-17,1.1780135e-23,2.7822345e-15
5.3966265e-11,1.3145093e-09,2.2040186e-13,1.1742414e-21,6.710038e-11,1.4187947e-15,9.262938e-14,7.664806e-17
1.12229e-16,2.3706948e-13,4.4060614e-14,3.8470688e-14,7.0212103e-13,1.1614821e-14,2.070328e-11,1.4566908e-15
1.4656018e-17,9.885178e-19,5.1713767e-15,1.1406646e-22,1.3233795e-09,6.120572e-14,6.5264646e-16,3.56916e-17
6.057798e-14,9.155027e-13,8.048913e-15,2.5670508e-13,1.6609354e-16,6.3118275e-17,9.103022e-23,1.1685216e-14
2.7711977e-11,6.632816e-10,1.2805928e-13,5.0867185e-22,3.1743833e-11,9.306458e-16,7.852901e-14,7.0139007e-17
5.2563166e-17,7.6837726e-14,1.543193e-14,1.1808398e-14,2.5306433e-13,3.620256e-15,8.220256e-12,4.3886537e-16
8.8885785e-18,8.897021e-19,3.7080595e-15,4.2672815e-23,1.0133725e-09,4.2439735e-14,5.8239434e-16,2.0830798e-17
5.6212467e-14,5.710044e-13,5.1831475e-15,2.5715004e-13,7.598256e-17,7.1467287e-17,4.1620746e-23,7.6109985e-15
1.1011189e-11,3.3163242e-10,6.193499e-14,1.146729e-22,1.2773496e-11,3.78001e-16,2.6710813e-14,2.5726234e-17
2.7442848e-17,4.8888007e-14,7.202953e-15,9.054262e-15,2.180544e-13,2.9654153e-15,7.798711e-12,2.4427374e-16
3.686716e-17,3.864454e-18,1.270818e-14,1.5920453e-22,2.17054e-09,6.936244e-14,1.8017672e-15,8.815409e-17
2.2800565e-14,2.3015284e-13,1.7163817e-15,7.039201e-14,1.8294552e-17,1.8682228e-17,8.569683e-24,2.4788597e-15
7.470779e-12,1.851009e-10,3.7911697e-14,5.483919e-23,7.2655944e-12,2.1334644e-16,1.9222352e-14,1.5400386e-17
6.5220564e-17,1.1018636e-13,1.5063786e-14,2.1856689e-14,5.206695e-13,7.464842e-15,2.2644966e-11,5.933105e-16
4.1163835e-21,1.8688044e-20,1.183549e-16,3.7426424e-26,7.2565405e-11,2.936557e-19,2.3783724e-16,1.1319203e-17
1.38610614e-14,1.8431289e-13,1.1418267e-15,5.9410376e-14,1.1965088e-17,1.485607e-17,4.4538373e-24,1.3938602e-15
1.7009408e-11,3.035491e-10,5.9820746e-14,2.3589837e-22,1.6040818e-11,5.647172e-16,5.451854e-14,3.3984745e-17
2.5151168e-19,3.7131197e-19,8.52228e-17,1.5478085e-15,1.9892135e-17,5.496374e-18,1.3967351e-14,5.311111e-20
1.9753753e-17,1.3540227e-18,7.109701e-15,1.1351519e-22,1.5752314e-09,7.3324945e-14,8.299626e-16,4.1627543e-17
4.3146476e-14,3.1608402e-13,2.976011e-15,2.0516068e-13,2.5437768e-17,7.1857385e-17,2.2492315e-23,3.5421306e-15
1.7891075e-18,2.1563982e-13,3.459746e-16,3.1482117e-24,8.580508e-17,2.5962017e-20,5.4949402e-21,2.6815187e-19
5.6104306e-17,8.5221794e-14,1.7988733e-14,1.6353208e-14,3.2995297e-13,3.773687e-15,1.2431798e-11,5.1598267e-16
2.7063233e-21,7.795003e-21,2.3109282e-17,1.7453638e-26,2.732145e-11,2.322069e-19,1.0268191e-16,6.0633576e-18
6.057818e-15,2.6646427e-19,4.5110445e-19,7.020341e-20,2.155679e-20,3.4416674e-19,1.2859249e-26,3.3962712e-17
1.3234539e-11,3.111574e-10,6.15242e-14,1.3943551e-22,1.4861784e-11,3.69339e-16,2.8950878e-14,2.884237e-17
4.0477176e-19,1.9882479e-19,3.295033e-17,1.0028881e-15,2.5157817e-17,1.7324756e-18,6.450703e-15,1.0772081e-20
1.4033955e-21,5.954039e-21,3.7410183e-17,2.2327035e-26,3.3629936e-11,1.4663945e-19,6.78391e-17,6.2041627e-18
2.4905718e-14,2.7441908e-13,1.8975361e-15,1.0176841e-13,2.1523053e-17,2.5162134e-17,1.043917e-23,2.7000825e-15
1.0787224e-18,2.3374334e-13,3.4562372e-16,6.575364e-25,5.1097385e-17,1.2113595e-20,2.6341789e-21,2.0708447e-19
1.9244167e-19,2.0066034e-19,5.12737e-17,7.7711514e-16,1.600892e-17,2.0416433e-18,8.893917e-15,1.27425824e-20
3.8800817e-18,3.121564e-19,1.878415e-15,3.7156055e-23,5.653321e-10,2.0121695e-14,2.3127988e-16,1.6762105e-17
4.5711806e-15,1.0749592e-19,2.5346693e-19,3.5377872e-20,5.6146795e-21,1.0428206e-19,4.4592023e-27,1.8316618e-17
8.0620486e-19,1.8805103e-13,3.4088243e-16,7.95073e-25,4.773022e-17,1.02749104e-20,2.2833731e-21,1.3545128e-19
2.9157538e-17,3.364856e-14,7.177253e-15,5.7923298e-15,1.1325446e-13,1.6620962e-15,3.0600542e-12,1.7219485e-16
1.7322641e-18,1.9160879e-19,7.666886e-16,5.323882e-23,7.3353074e-10,2.552495e-14,2.138549e-16,5.9716083e-18
3.7997026e-15,1.8470894e-19,2.5499727e-19,3.0495655e-20,7.224147e-21,1.0357123e-19,3.848783e-27,1.563324e-17
4.2989457e-12,1.5779521e-10,2.9643873e-14,3.4347878e-23,5.707488e-12,1.7372093e-16,8.953284e-15,1.13498155e-17
7.472039e-18,3.3290495e-14,6.6387605e-15,2.4702884e-15,1.1935503e-13,2.4025384e-15,2.3155713e-12,1.9864087e-16
5.7495033e-18,5.031167e-19,2.4208185e-15,7.472305e-23,1.098959e-09,5.110302e-14,4.2456044e-16,1.37974975e-17
9.967594e-15,9.760147e-14,6.6680715e-16,2.6939571e-14,5.236021e-18,5.4122543e-18,2.1941785e-24,1.1145852e-15
5.8211235e-12,2.331497e-10,3.3794433e-14,2.9242215e-23,8.137685e-12,1.0962002e-16,4.775376e-15,3.5050947e-18
1.5543154e-17,4.6922593e-14,1.0696484e-14,5.9882925e-15,1.9044308e-13,3.1115838e-15,5.2417723e-12,2.7930798e-16
5.8813343e-19,7.970276e-20,4.005285e-16,1.0038179e-23,1.0444397e-10,2.4235626e-15,6.806643e-17,9.1633885e-18
2.763312e-15,1.1981578e-13,5.599678e-16,7.79244e-15,1.414918e-17,9.121116e-19,2.046768e-24,1.0218922e-15
1.1187557e-11,2.904646e-10,4.3961728e-14,6.950621e-23,1.1875907e-11,1.8572026e-16,1.1107615e-14,9.354178e-18
1.951654e-17,1.2057018e-14,1.5416153e-15,2.0554076e-15,3.0977818e-14,8.759032e-16,6.64519e-13,2.830318e-17
4.625514e-19,9.8546763e-20,2.1074186e-16,4.282905e-23,5.536283e-10,1.8150581e-14,1.8284372e-16,1.6875143e-18
6.0520902e-15,1.861724e-13,1.1156233e-15,2.6775899e-14,2.1141974e-17,4.438112e-18,4.2241983e-24,1.5832268e-15
5.459776e-13,4.6117547e-11,1.1351002e-14,8.1958925e-24,1.5164903e-12,1.091739e-16,1.8680748e-15,4.875707e-18
1.9883474e-18,2.3746035e-14,3.3642571e-15,8.897543e-16,1.0717012e-13,3.064968e-15,1.5097687e-12,1.6308865e-16
1.1533163e-18,1.1359203e-19,5.5558045e-16,2.727099e-23,7.4248035e-10,2.2527881e-14,1.4198444e-16,2.627549e-18
6.9905362e-15,1.8968317e-14,1.1829712e-16,5.7569077e-15,4.6567265e-19,1.6130594e-18,3.3960501e-25,4.615738e-16
3.7059227e-12,1.9450352e-10,3.000355e-14,1.8928366e-23,6.9859075e-12,7.19575e-17,1.8245575e-15,9.192548e-19
3.0472895e-18,2.322314e-14,4.6922034e-15,1.4729232e-15,9.1179905e-14,1.6406905e-15,2.272773e-12,1.336989e-16
1.6912254e-19,2.6597363e-20,1.2286323e-16,7.640315e-24,3.1273335e-11,6.023021e-16,2.841157e-17,7.523148e-18
8.061783e-16,1.2665308e-13,3.0419383e-16,1.7714599e-15,1.9737934e-17,1.5947342e-19,1.2367056e-24,7.2941697e-16
5.470672e-12,2.0256087e-10,2.2892422e-14,1.4895747e-23,7.045454e-12,5.6199835e-17,3.3353525e-15,1.740139e-18
2.1738416e-17,6.8541237e-15,7.6481326e-16,9.770586e-16,1.3723454e-14,6.7398046e-16,1.6439625e-13,1.0860229e-17
2.438172e-19,4.591809e-20,1.3525374e-16,1.4349219e-23,1.2016248e-10,3.2643093e-15,7.4025346e-17,3.6316066e-18
1.4689617e-15,1.0030957e-13,3.7202568e-16,5.4224512e-15,1.2283131e-17,5.6850536e-19,1.08703455e-24,6.308364e-16
1.5248631e-13,2.8727543e-11,7.397404e-15,4.633449e-24,8.221992e-13,1.1373616e-16,6.4070223e-16,3.2208267e-18
5.9924653e-18,1.0362881e-14,1.4169071e-15,8.7779983e-16,3.5532775e-14,1.2821215e-15,4.5442973e-13,3.9982913e-17
8.1978205e-19,1.098836e-19,3.729066e-16,2.5194715e-23,7.3810313e-10,2.0557459e-14,1.7903794e-16,1.8971497e-18
5.904636e-15,6.193673e-15,4.26165e-17,1.684957e-15,1.00989996e-19,5.442542e-19,1.4043834e-25,3.8132627e-16
8.215612e-13,7.445547e-11,1.464076e-14,9.794242e-24,2.4270822e-12,9.63166e-17,1.015217e-15,1.5888571e-18
2.2360454e-18,2.156714e-14,3.5585997e-15,1.1241544e-15,9.4146065e-14,2.0597876e-15,2.052093e-12,1.4764778e-16
4.8408186e-22,2.1101482e-21,1.9912785e-17,1.2518839e-26,1.6950786e-11,7.64415e-20,2.0535796e-17,2.9871301e-18
1.8888267e-15,3.0024845e-14,1.2476377e-16,1.6677741e-15,1.4843318e-18,2.6718285e-19,3.2117725e-25,5.072298e-16
4.4863314e-12,1.9690026e-10,2.3910287e-14,1.31086444e-23,6.193966e-12,5.4791276e-17,2.6872893e-15,1.2600484e-18
9.0517185e-20,8.3810567e-20,3.6093725e-17,2.635864e-16,1.0364366e-17,1.1466264e-18,7.962517e-15,4.4385793e-21
3.161673e-20,9.0096215e-20,4.6716236e-17,3.4387843e-24,8.710469e-12,2.4448898e-17,5.064292e-17,2.283883e-17
1.2510793e-15,1.06210044e-13,3.097631e-16,3.2834171e-15,1.4524777e-17,3.426171e-19,1.1736126e-24,5.937701e-16
3.0699816e-19,1.4493646e-13,2.7893637e-16,3.115024e-25,2.526476e-17,4.5577248e-21,1.1215637e-21,5.815451e-20
2.8915405e-17,1.9703047e-15,1.190477e-16,2.0431578e-15,6.9902686e-15,3.7372687e-16,2.744285e-13,8.1367554e-19
6.2281537e-20,6.751216e-20,6.572783e-17,1.12061754e-23,1.572576e-11,1.5923113e-16,3.111118e-17,1.2926294e-17
2.7587302e-15,1.8991691e-19,1.9634657e-19,1.3723411e-20,2.9872965e-21,4.621949e-20,2.1089669e-27,9.752404e-18
1.9778279e-15,2.817205e-12,8.456807e-15,2.4594453e-24,5.0307286e-14,3.664115e-17,5.2113735e-17,3.1092654e-18
5.814573e-17,1.0163917e-14,3.7999904e-16,2.2733505e-15,1.2232041e-14,8.2056857e-16,1.9789052e-13,5.181775e-18
1.2365491e-18,2.2231079e-19,4.6294575e-16,8.677752e-23,1.0240904e-09,4.1974508e-14,3.474254e-16,3.3879364e-18
2.6412415e-14,8.405632e-16,9.358674e-18,2.928139e-16,1.4998003e-20,1.1967775e-18,4.343148e-26,1.2606506e-16
2.2719516e-14,1.01582735e-11,1.0655026e-14,3.2390398e-24,3.8748044e-13,1.3404104e-16,3.4274312e-16,5.1661433e-18
3.0385719e-18,3.6485754e-14,6.4893786e-15,1.7157403e-15,1.5038331e-13,3.8081187e-15,2.6593057e-12,2.8408548e-16
5.443001e-18,3.9574836e-19,2.5063298e-15,1.6440481e-23,1.1473382e-09,1.7958943e-14,3.252909e-16,1.2697185e-17
1.5752243e-14,3.3642571e-15,1.850865e-17,1.9062496e-15,2.9770935e-20,9.488331e-19,7.856329e-26,2.4066284e-16
1.02925715e-11,3.6081807e-10,4.8323328e-14,4.3731296e-23,1.375395e-11,1.1501277e-16,3.787402e-15,1.8148295e-18
7.0338054e-18,2.361253e-14,4.1692427e-15,3.6720386e-15,1.1198605e-13,1.6622863e-15,5.1998397e-12,9.7645826e-17
2.6871624e-18,6.491767e-19,1.7449876e-15,1.9376352e-23,1.3029444e-09,1.0738962e-14,3.235793e-16,9.380835e-18
1.3043753e-15,1.8780192e-13,6.482077e-16,4.2731144e-15,4.5473837e-17,3.636096e-19,2.4689209e-24,1.0724464e-15
5.227984e-12,1.8521921e-10,1.2355709e-14,1.67164e-23,5.9169557e-12,1.0442035e-16,1.0917652e-14,3.982473e-18
4.463733e-18,2.9882814e-14,2.9225383e-15,4.4467442e-15,1.0637953e-13,2.3045568e-15,5.647711e-12,6.6281255e-17
2.817829e-19,1.9252096e-19,2.35837e-16,3.8864696e-24,8.698258e-10,2.846812e-15,1.3560349e-16,2.351298e-18
8.2077255e-15,6.561845e-14,5.113758e-16,3.7777507e-14,3.4595578e-18,8.570952e-18,2.0892717e-24,7.602725e-16
1.8715728e-12,1.2832771e-10,9.5888145e-15,1.1203226e-23,5.3632637e-12,7.80061e-17,7.088063e-15,2.6179942e-18
7.755977e-19,1.1748685e-14,2.5562112e-15,1.7609494e-15,6.718993e-14,1.468407e-15,3.865778e-12,1.2962193e-17
2.090849e-18,3.0019902e-19,1.3104548e-15,1.2750099e-23,1.1409028e-09,1.00372295e-14,1.8236936e-16,6.701675e-18
6.973889e-15,3.667071e-14,2.7214867e-16,3.415323e-14,2.032381e-18,8.292876e-18,1.5150817e-24,6.166417e-16
1.4792085e-13,1.6578101e-10,3.645284e-15,1.1575572e-24,3.612502e-12,3.938331e-17,1.0195715e-15,8.444056e-19
3.540748e-18,2.2627918e-14,2.7005873e-15,3.1250374e-15,7.7789886e-14,1.3770276e-15,3.6763956e-12,5.9423424e-17
4.915145e-19,1.7200093e-19,3.9686014e-16,1.8337805e-24,4.3022147e-10,2.5611208e-15,7.5618224e-17,2.122722e-18
9.878107e-16,5.5297576e-15,2.7990088e-17,4.0357922e-15,2.1810323e-19,1.1134361e-18,6.818309e-25,4.0465043e-16
2.1180412e-12,1.3024891e-10,8.841991e-15,7.751549e-24,4.793882e-12,5.555886e-17,6.1767087e-15,1.8938958e-18
1.481181e-18,1.1165817e-14,3.9790762e-16,1.6067425e-15,3.5890236e-14,5.988107e-16,1.9317306e-12,1.5519453e-17
1.8153617e-19,6.412193e-20,1.314946e-16,2.7329073e-25,1.6269674e-10,8.3892626e-16,3.153235e-17,1.2291936e-18
5.2113194e-15,4.169992e-14,2.6169385e-16,2.8217837e-14,1.9411468e-18,5.393273e-18,8.035894e-25,4.5818283e-16
4.5400004e-13,2.687551e-11,4.0020185e-15,1.1562509e-24,1.097422e-12,1.6705614e-17,2.8489087e-15,6.420126e-19
5.9941995e-19,4.1684473e-15,8.9021905e-17,6.2077197e-16,1.8349654e-14,2.1693774e-16,1.2151177e-12,4.0541483e-18
7.850695e-19,6.900331e-20,4.8926857e-16,2.940866e-24,4.2963189e-10,1.0399114e-14,6.9338e-17,1.9114678e-18
3.1255143e-15,2.0124844e-14,8.1032175e-17,1.5063988e-14,4.4072524e-19,3.1555917e-18,9.662123e-26,9.769165e-17
2.316352e-13,1.0578255e-11,1.7641028e-15,2.2839434e-25,3.8707343e-13,6.852728e-18,1.6040234e-15,2.0901382e-19
1.6332381e-18,9.307493e-15,1.1896014e-15,1.2241557e-15,4.2031384e-14,5.8376674e-16,1.4065426e-12,3.0913377e-17
1.3018579e-18,1.3972059e-19,6.7918103e-16,1.8980282e-23,7.7529494e-10,3.0851928e-14,1.5234683e-16,3.2623249e-18
1.922887e-15,1.2228589e-14,4.2469954e-17,8.4752795e-15,1.2673122e-19,1.312494e-18,1.6326772e-26,3.082988e-17
2.0699833e-12,7.366289e-11,5.919114e-15,2.9385893e-24,2.5049522e-12,2.3535964e-17,2.9475283e-15,1.001965e-18
2.9874037e-18,2.198748e-14,3.9996527e-15,2.10464e-15,8.1545346e-14,1.5035792e-15,1.887396e-12,1.1839464e-16
7.1918906e-22,3.3456136e-21,2.7003167e-17,3.189244e-27,2.6416137e-11,7.594043e-20,5.3517133e-17,1.8831619e-18
1.6475393e-15,4.230073e-14,1.8487558e-16,9.405251e-15,1.7858346e-18,1.0372152e-18,1.5716173e-25,2.2804544e-16
5.5621033e-12,1.90062e-10,1.8966796e-14,1.4793138e-23,7.074892e-12,5.696065e-17,4.439761e-15,2.0449483e-18
5.5072406e-20,7.7181354e-20,1.5754892e-17,4.1027237e-16,4.247382e-18,1.3074917e-18,3.0286938e-15,8.0147864e-21
2.6396293e-22,1.3757999e-21,4.1007793e-18,1.0653654e-27,6.904506e-12,4.6102036e-20,1.4890793e-17,9.455452e-19
1.5960946e-15,1.0890287e-13,4.8216297e-16,9.1080614e-15,1.1289535e-17,8.14191e-19,6.6972555e-25,6.169876e-16
2.9111606e-19,5.599032e-14,8.5681763e-17,2.9766771e-25,1.5217655e-17,5.156055e-21,9.040115e-22,6.3039254e-20
1.1902662e-19,2.874972e-20,4.0016765e-18,1.7364936e-16,4.8514027e-18,5.2609845e-19,7.7641586e-16,1.616969e-21
7.060916e-22,9.476127e-22,2.1951804e-19,1.4859557e-28,1.1069745e-12,3.8162385e-20,1.3471146e-17,4.611877e-19
1.5925672e-15,4.177622e-20,8.006724e-20,1.3171824e-20,3.1105893e-21,7.0404554e-20,1.0944558e-27,7.811326e-18
1.3274429e-19,4.983959e-14,9.3607504e-17,4.3320124e-26,5.355877e-18,2.9233768e-21,6.2010036e-22,5.085094e-20
4.805848e-19,7.03664e-21,1.8931437e-19,9.8892235e-17,1.2119991e-17,1.0438275e-19,7.743095e-17,1.6658353e-22
1.4437193e-21,7.4656135e-22,4.3334284e-21,7.8210625e-29,4.8982367e-14,2.1991186e-20,4.5189175e-18,4.1331767e-19
1.0095669e-15,2.5592779e-20,6.502496e-20,8.864084e-21,5.248709e-22,1.981372e-20,4.0413117e-28,3.6982645e-18
1.9169288e-19,5.1140366e-14,1.8207522e-17,5.303682e-27,3.0810466e-18,1.0574005e-21,4.617978e-22,3.17767e-20
4.8408466e-18,1.6179686e-21,8.169092e-21,2.8431194e-17,1.5499641e-16,2.4698773e-20,1.5532958e-17,4.649615e-24
1.5269976e-19,6.9691104e-20,5.746546e-17,2.444593e-23,1.20836735e-11,3.4668802e-16,6.208664e-17,2.3500977e-17
6.3675993e-16,1.0528604e-21,2.9937434e-20,5.805541e-21,3.5923015e-23,4.697329e-21,1.7292117e-28,2.381911e-18
3.3076988e-19,1.6191051e-13,1.0561289e-17,3.4574954e-28,2.2934594e-18,2.2580443e-22,6.8791407e-22,2.0924826e-20
1.3672022e-16,8.869726e-15,5.226986e-16,1.7828968e-15,2.6597699e-14,1.6595746e-15,1.2163577e-13,1.1450883e-17
1.0303181e-18,3.4155223e-19,2.6750452e-16,4.4394406e-22,6.5256006e-10,2.9051943e-14,6.711685e-16,6.0850913e-18
8.6859634e-16,1.4509789e-22,5.91709e-20,3.319489e-21,1.1622473e-24,7.165492e-22,2.3299997e-28,1.543767e-18
7.995973e-14,2.5697576e-11,1.4769581e-14,1.2243096e-23,8.2014744e-13,4.0788167e-16,5.5406294e-16,7.597701e-18
7.723061e-18,6.1625665e-14,7.0765545e-15,1.719724e-15,2.953446e-13,1.4010684e-14,2.2090279e-12,4.8003776e-16
5.3429598e-18,6.8765535e-19,1.5390828e-15,1.5628791e-22,1.8261854e-09,9.879718e-14,9.980107e-16,1.0326637e-17
1.6103728e-14,5.532227e-15,4.7921782e-17,1.6961587e-15,6.3498546e-20,6.770201e-19,3.6170764e-25,7.900669e-16
6.0249175e-12,4.394974e-10,8.0257524e-14,1.0850264e-22,1.722196e-11,2.9244885e-16,2.857104e-15,2.1533226e-18
7.965816e-18,5.799883e-14,1.3294708e-14,5.0790006e-15,3.174174e-13,5.2458055e-15,7.53259e-12,5.996565e-16
1.5600952e-17,1.0042073e-18,5.4168693e-15,2.1109846e-22,3.0293903e-09,9.0561144e-14,8.6770876e-16,2.4067187e-17
2.6339857e-15,2.0666094e-13,5.722835e-16,1.8831501e-15,5.0445673e-17,1.8804041e-19,1.1268848e-23,2.8514638e-15
2.3313757e-11,5.608867e-10,6.662688e-14,1.52724e-22,2.912428e-11,2.5012184e-16,9.9941324e-15,5.2350023e-18
2.0037752e-17,8.838538e-14,2.488136e-14,1.0943043e-14,2.7424433e-13,4.101286e-15,1.0291257e-11,5.964352e-16
1.1124093e-17,2.8989167e-18,5.168734e-15,8.698736e-22,4.1642245e-09,1.9290972e-13,1.2560573e-15,2.4227468e-17
3.998371e-15,3.328759e-13,1.5252716e-15,1.7245469e-14,8.122963e-17,1.8808786e-18,6.9473576e-24,2.301921e-15
1.6917325e-11,6.6108263e-10,4.70233e-14,1.394387e-22,3.0331397e-11,3.3575375e-16,2.0647683e-14,1.0902819e-17
3.087861e-17,2.7258285e-13,3.569935e-14,2.4948652e-14,5.348112e-13,1.2425331e-14,1.3227398e-11,1.3815156e-15
4.2877875e-18,8.3888987e-19,1.1437798e-15,4.110591e-22,1.5013426e-09,8.8404436e-14,1.0724874e-15,1.4874782e-17
1.6838141e-14,1.9416555e-13,1.3789567e-15,6.8149154e-14,2.5284044e-17,1.2958782e-17,1.07864565e-23,2.8423523e-15
1.3803041e-11,5.092914e-10,1.209542e-13,3.3201457e-22,3.9902123e-11,4.8800474e-16,2.1178412e-14,1.7606117e-17
1.1384288e-17,9.103499e-14,1.5133767e-14,4.7340947e-15,3.3764167e-13,9.645457e-15,5.5712874e-12,7.077603e-16
6.566937e-19,1.7037036e-19,2.380551e-16,3.3531735e-23,2.5841407e-10,1.1649299e-14,3.39512e-16,7.041779e-18
1.5494633e-14,4.034134e-13,2.280638e-15,7.844623e-14,1.0257621e-16,1.1865773e-17,1.3469667e-23,4.8057117e-15
2.1019084e-11,6.600319e-10,1.1684441e-13,2.5422086e-22,3.2903392e-11,4.531853e-16,9.453703e-15,6.3369397e-18
7.45985e-18,1.8914413e-14,2.514393e-15,1.7053975e-15,9.0368935e-14,2.889724e-15,1.1590533e-12,1.2666954e-16
5.4124347e-20,9.712521e-20,6.5518554e-17,7.7578806e-24,1.1121369e-11,1.2223865e-16,4.0327106e-17,1.5897189e-17
4.256699e-15,3.4993788e-13,1.7461329e-15,1.0904623e-14,1.1561718e-16,1.3345214e-18,9.9632154e-24,3.2818391e-15
3.1530922e-12,1.5970275e-10,3.5625884e-14,4.333622e-23,6.385673e-12,2.4559585e-16,2.3893133e-15,2.960946e-18
5.546188e-17,1.0359322e-14,2.3378043e-16,2.5491709e-15,1.4281624e-14,9.373154e-16,2.8319274e-13,3.862243e-18
2.6302827e-21,1.5576488e-20,1.1614587e-16,1.707471e-26,5.563867e-11,2.3312997e-19,1.7345869e-16,6.6501305e-18
2.3292775e-15,8.830703e-14,3.900164e-16,3.035194e-15,9.4570434e-18,4.892958e-19,9.726029e-25,1.0329997e-15
1.6134412e-14,5.9242854e-12,9.742714e-15,3.0341267e-24,2.7640948e-13,1.4479863e-16,3.4247781e-16,5.4387464e-18
1.4393325e-19,2.5935698e-19,4.3083663e-17,1.1018143e-15,1.00433805e-17,6.0882495e-18,6.5064323e-15,3.9922192e-20
1.1685708e-21,5.8707936e-21,2.5319755e-17,8.901942e-27,2.4770644e-11,1.695172e-19,6.6950854e-17,3.4940146e-18
1.717614e-14,3.822965e-15,1.6423734e-17,1.9345337e-15,2.4434875e-20,1.167873e-18,6.541386e-26,2.0918643e-16
9.343724e-19,9.898258e-14,1.5277633e-16,1.8763151e-24,3.7681164e-17,2.0022745e-20,4.2735745e-21,1.9200902e-19
2.4436097e-19,1.3281977e-19,2.4713607e-17,6.022217e-16,1.1173896e-17,1.7930773e-18,4.4128803e-15,1.03945204e-20
2.2729881e-21,4.4988213e-21,1.9806259e-18,1.5735541e-26,2.9359236e-12,8.7015e-20,3.1619677e-17,6.50816e-18
3.838308e-15,1.4224986e-19,3.201251e-19,5.423306e-20,1.3016877e-20,2.9965326e-19,7.498417e-27,2.6249055e-17
5.381617e-19,1.4619333e-13,3.180575e-16,3.7306282e-25,2.3864415e-17,1.12778096e-20,2.2903785e-21,1.927348e-19
1.1769429e-18,8.7025624e-20,7.390144e-18,3.2087869e-16,1.2289088e-16,5.70946e-19,5.3763756e-15,6.706981e-22
9.629326e-21,5.9732627e-21,1.551938e-19,6.152235e-28,8.3834046e-13,2.8027774e-19,5.660822e-17,1.5741609e-18
3.5968682e-15,1.2928697e-19,2.0300011e-19,2.7071713e-20,3.9980236e-21,9.364092e-20,3.1500447e-27,1.1838871e-17
1.498435e-18,7.182519e-13,4.3927237e-16,6.986444e-26,4.3028476e-17,2.7656655e-21,3.0875247e-21,1.879429e-19
7.2332585e-18,1.4139716e-20,1.0994733e-19,3.136166e-16,1.5164987e-16,2.2049748e-19,5.973252e-17,2.2603283e-22
1.5067268e-21,2.6438833e-21,1.7563514e-18,1.2187015e-27,4.8355187e-12,9.9083914e-20,3.634325e-17,1.3663406e-18
6.971974e-15,5.407709e-20,4.2421332e-19,1.15286206e-20,6.2633854e-22,2.5044213e-20,5.1402893e-27,8.2098114e-18
1.0008381e-18,1.568327e-13,2.0014606e-17,1.7179505e-26,9.624897e-18,3.0585348e-21,2.5447228e-21,1.0241731e-19
4.3176745e-19,3.156696e-20,1.6430932e-18,2.8589996e-16,1.6884103e-17,3.655358e-19,5.274859e-16,9.70229e-22
9.224043e-22,1.7446762e-21,6.637759e-19,6.348811e-28,2.2579568e-12,6.011761e-20,1.764956e-17,8.3262186e-19
2.2544116e-15,8.2277587e-22,1.5942172e-19,3.3376987e-20,3.7534286e-23,1.0254471e-20,1.5384805e-27,1.34254375e-17
4.2643945e-19,1.01634955e-13,5.889243e-17,4.3030745e-26,1.0620719e-17,3.042859e-21,1.0101648e-21,7.450883e-20
4.3889816e-19,1.7349871e-20,6.2698016e-19,1.4645798e-16,1.49859e-17,2.2547253e-19,2.5689961e-16,3.6464945e-22
5.003808e-22,1.7150085e-21,2.7869785e-18,9.961262e-27,3.1800053e-12,3.357659e-20,9.780159e-18,3.836458e-18
1.6445755e-15,6.531255e-21,7.644413e-20,1.30978185e-20,3.2346968e-22,1.9218406e-20,7.4742245e-28,6.3616682e-18
3.0206338e-19,8.096896e-14,4.2720345e-17,1.432956e-26,5.913215e-18,1.8035635e-21,8.1835294e-22,4.8680267e-20
2.7676e-19,7.3900516e-20,9.885862e-18,1.7814817e-16,3.1525134e-17,5.1769714e-19,4.8104255e-15,3.8230095e-22
3.4131204e-22,7.1724107e-22,7.2986953e-19,3.5498602e-27,1.3805799e-12,1.8558745e-20,4.6734034e-18,2.0699928e-18
1.1668774e-15,3.49777e-21,5.827288e-20,9.52059e-21,1.0985745e-22,9.533201e-21,4.522913e-28,3.659615e-18
6.1166e-19,3.8743978e-13,3.6024555e-16,3.095017e-26,2.0926134e-17,1.3552144e-21,1.3920546e-21,1.0916748e-19
2.1644971e-19,2.9443403e-20,3.281146e-18,7.91744e-17,3.045815e-17,2.0220482e-19,2.1597672e-15,1.136456e-22
3.7635814e-22,1.0746545e-21,1.9290112e-18,1.1241737e-26,2.080532e-12,4.4680555e-20,4.103393e-18,2.2381022e-18
3.1871472e-15,5.427901e-20,2.0784659e-19,5.3215526e-21,5.1390867e-22,1.5089362e-20,1.474944e-27,3.617269e-18
4.6454603e-19,3.3846312e-13,1.535745e-16,9.769749e-27,1.5819272e-17,5.753748e-22,7.534248e-22,4.2100343e-20
2.7470573e-19,2.1519911e-19,8.445896e-18,1.0676497e-16,4.2017456e-17,7.467647e-19,5.310841e-15,5.2456064e-22
3.2238734e-19,2.0727653e-19,8.815611e-17,5.6154694e-22,1.2559678e-09,4.488355e-14,6.1306953e-16,9.652433e-19
1.940476e-15,1.8105681e-20,1.2055056e-19,3.0976704e-21,1.3601857e-22,5.1430904e-21,5.8545584e-28,2.2861918e-18
1.5626795e-18,3.8025922e-13,2.8800052e-16,1.972693e-26,5.5748665e-17,3.3041392e-21,3.8229824e-21,7.240594e-20
7.164245e-19,7.199166e-14,5.0961958e-15,5.2145985e-16,3.823574e-13,2.2603073e-14,2.7941566e-12,5.5973504e-16
1.878367e-20,6.1403463e-21,4.4321226e-18,1.0157702e-24,2.1812732e-12,5.2513253e-17,7.549742e-18,2.729854e-18
2.0738134e-15,1.2878637e-19,1.7697812e-19,1.851342e-20,2.9254504e-22,1.0696695e-20,7.966262e-28,3.1708079e-18
7.818535e-12,5.7449007e-10,9.179956e-14,5.757587e-23,2.159788e-11,1.00252424e-16,1.4953253e-15,3.0803748e-19
2.6036636e-17,1.2639209e-15,3.4583323e-17,2.2332773e-16,5.5479705e-15,2.3095367e-16,1.1578546e-14,7.774964e-19
8.3757504e-20,1.3467176e-19,2.0917116e-17,9.492843e-22,5.70375e-10,2.170373e-14,6.987386e-16,6.4759376e-19
3.7520246e-16,4.225221e-13,4.6108985e-16,4.071029e-16,2.5843296e-16,1.9547879e-20,9.431256e-24,1.778522e-15
1.4757445e-14,6.888459e-12,1.919113e-15,4.2604627e-25,1.2980825e-13,5.8970434e-17,9.9853194e-17,9.327414e-19
5.3299486e-19,5.9160244e-14,2.9974306e-15,2.668451e-16,3.678863e-13,4.0173085e-14,1.2354378e-12,4.875768e-16
2.3693676e-19,1.0427609e-19,8.2492135e-17,1.651737e-22,1.0855531e-09,3.0133217e-14,2.7826364e-16,5.275213e-19
3.0364443e-15,4.6760835e-16,6.540515e-18,2.5006557e-16,3.1109574e-21,5.9665016e-20,1.4590742e-26,1.2288385e-16
3.5608322e-12,5.019266e-10,1.1114381e-13,7.999902e-23,2.0403464e-11,1.5553898e-16,5.200474e-16,1.4724426e-19
3.7395018e-19,4.484282e-14,3.1439536e-15,3.3738302e-16,2.0279366e-13,1.0718867e-14,1.992522e-12,2.6862014e-16
5.505026e-23,6.92894e-23,1.0345074e-20,5.0688577e-30,1.44942e-13,2.9064087e-21,9.927047e-19,3.828574e-20
2.0863811e-16,3.5318599e-13,2.6313836e-16,8.664977e-17,2.5041306e-16,3.9212036e-21,8.326515e-24,2.1466578e-15
5.2573323e-12,3.5937917e-10,4.5680192e-14,1.744794e-23,1.1441268e-11,4.507609e-17,1.1868818e-15,2.0197124e-19
5.2393924e-20,4.43619e-22,8.646304e-21,8.22627e-18,1.990146e-18,7.676846e-21,7.826718e-18,3.5502452e-24
4.005855e-21,5.2577894e-21,2.7358064e-18,7.970321e-24,1.0887681e-11,1.9784606e-16,2.2086052e-17,5.2515407e-19
2.6816965e-16,2.2195219e-13,2.647473e-16,3.5988296e-16,1.10144386e-16,1.7709486e-20,3.2686432e-24,8.950514e-16
1.9034471e-20,1.1635398e-14,1.7964663e-18,9.1962204e-29,3.0404833e-19,4.3258592e-23,3.0851435e-23,2.0506007e-21
1.2025391e-18,3.1404534e-15,1.2420437e-16,8.698891e-17,9.145523e-15,1.7371305e-15,2.8223219e-14,6.190569e-18
1.1187106e-19,8.765967e-20,3.986047e-17,2.0352473e-22,7.364157e-10,2.0317573e-14,3.291002e-16,3.79477e-19
9.936757e-17,3.5463485e-23,2.6362696e-21,3.753173e-22,9.465563e-25,2.2525642e-22,5.456168e-30,2.1628792e-19
4.073488e-14,2.106351e-11,6.830476e-15,2.028649e-24,5.7275506e-13,6.25211e-17,4.5106017e-17,1.3052984e-19
3.2951678e-19,3.8481405e-14,2.3230662e-15,2.471522e-16,1.9129351e-13,1.5033649e-14,1.4267998e-12,2.7050087e-16
1.2319714e-20,2.6076554e-20,5.9131473e-18,1.0516315e-22,4.487806e-11,1.2653005e-15,1.2931234e-16,8.450243e-19
2.9946175e-16,5.772984e-15,9.9677696e-18,2.9169777e-17,2.123612e-19,3.7055595e-21,4.0272036e-26,2.0843448e-16
3.3707496e-12,3.2796826e-10,5.1681546e-14,2.0195464e-23,1.0213603e-11,5.4903623e-17,6.748783e-16,1.4028723e-19
1.2257988e-18,1.2818213e-14,4.88191e-16,1.6861648e-16,4.929005e-14,1.0657383e-14,1.3059871e-13,4.2103778e-17
6.062948e-23,2.4601706e-22,7.015044e-19,1.9668835e-27,7.984836e-13,1.918164e-20,8.173621e-19,4.397478e-19
2.0269709e-16,2.3006285e-13,1.920496e-16,1.704122e-16,1.1072152e-16,8.370221e-21,3.4566185e-24,8.718696e-16
2.0523737e-13,7.6629585e-11,2.8178038e-14,1.943691e-23,3.020708e-12,1.6782399e-16,1.0923972e-16,1.735319e-19
1.1783035e-19,2.116794e-19,2.6742875e-18,4.1121855e-17,1.3426461e-17,4.5323986e-19,1.9401207e-15,3.113912e-22
7.97437e-23,3.315058e-22,8.727734e-19,2.1902783e-27,1.1920949e-12,1.977936e-20,1.3294961e-18,5.934974e-19
3.2309699e-16,3.6999368e-14,4.1892943e-17,3.9665408e-17,4.5752733e-18,4.1513917e-21,4.604708e-25,8.3555036e-16
9.895781e-19,1.2155576e-13,1.0491104e-16,2.319917e-27,2.9038655e-17,2.8170306e-21,3.3482944e-21,2.885674e-20
1.3515038e-19,1.1110002e-19,3.309581e-18,5.723749e-17,1.1703935e-17,3.942235e-19,1.4398132e-15,2.7124923e-22
1.4014268e-21,4.287274e-21,1.2577576e-18,6.7265165e-26,7.378839e-13,1.8923144e-18,2.2779307e-18,1.4355333e-18
6.1306254e-16,1.2461992e-19,4.6417024e-20,2.1719319e-20,5.398323e-23,3.564771e-21,8.560447e-29,7.5629976e-19
7.1366956e-19,1.6621328e-13,1.2387362e-16,2.908729e-27,1.8607476e-17,1.684958e-21,2.0917552e-21,3.9447907e-20
7.33795e-18,1.5954241e-16,4.166295e-18,1.8659943e-16,7.6020873e-16,2.6157094e-17,8.619788e-15,3.060754e-20
8.573513e-23,3.0908933e-22,1.5663192e-19,3.2731393e-29,6.170709e-13,1.1593804e-20,4.137438e-18,1.5709928e-19
7.9667673e-16,6.961034e-20,5.7719565e-20,1.32567115e-20,7.447888e-23,4.1522152e-21,1.4576373e-28,8.755678e-19
3.4141076e-16,5.4874215e-13,7.3808545e-16,1.9207282e-26,4.5412e-15,2.852308e-18,6.012157e-18,3.203621e-19
1.4888221e-19,2.8425714e-21,9.1634144e-20,5.671867e-17,1.6178538e-18,5.3314912e-20,2.794741e-17,7.932561e-23
2.9796905e-23,3.0034174e-22,1.5468026e-18,7.465985e-29,3.2610288e-12,9.188157e-21,4.4944883e-18,1.5765337e-19
2.266631e-15,3.393435e-17,7.0831026e-19,3.8815348e-17,2.179258e-22,3.4212455e-20,7.514047e-28,7.281345e-18
4.2450938e-20,1.5845176e-14,7.884403e-18,8.487906e-28,5.66142e-19,3.8367428e-22,1.9200288e-22,1.4933946e-20
2.4705746e-20,6.0952815e-21,7.8833766e-19,6.5685215e-17,3.9199658e-19,1.4882543e-19,1.3945775e-16,4.4081366e-22
2.9326908e-22,3.7690696e-22,1.55598e-20,2.368732e-29,1.7743157e-13,1.6219429e-20,3.777815e-18,1.2832637e-19
3.0702086e-16,6.716941e-22,8.166475e-21,3.0426037e-21,1.07049245e-23,1.7768078e-21,2.87028e-29,4.7317197e-19
2.4158031e-20,1.149813e-14,2.5720248e-17,2.7139342e-27,5.4069276e-19,7.1521654e-22,1.5713079e-22,1.8094426e-20
5.8607525e-19,1.0601592e-21,1.4517997e-20,2.5180763e-17,1.25707225e-17,2.6017236e-20,1.1988801e-17,1.700434e-23
7.034086e-22,4.314375e-22,9.402456e-22,2.6233364e-30,2.7640564e-14,1.8838996e-20,4.3306747e-18,4.9345308e-20
2.9047314e-16,5.983616e-21,8.66182e-21,2.7728595e-21,8.519264e-23,5.9106574e-21,3.6847533e-29,3.995024e-19
8.6149e-20,3.5537792e-14,5.440282e-18,3.7934498e-28,8.2696213e-19,2.5528594e-22,2.5317662e-22,8.781726e-21
3.0578743e-18,2.2854287e-22,5.207406e-22,1.8139374e-17,2.6606842e-17,7.833037e-21,8.241279e-19,2.3938548e-24
3.9641427e-21,1.0217104e-20,7.571258e-18,8.480443e-25,4.232515e-12,2.0390136e-17,6.65447e-18,1.8754765e-18
3.820499e-16,1.843996e-22,1.7654918e-20,3.4928764e-21,2.241111e-24,8.28151e-22,5.827705e-29,7.9297943e-19
8.079254e-20,2.7636666e-14,1.1171163e-18,4.2405426e-29,2.9847365e-19,1.1474772e-22,2.3679724e-22,7.960914e-21
9.6292666e-18,2.0515614e-15,4.9444678e-17,5.321891e-16,2.1934022e-15,1.8692502e-16,4.2618517e-14,7.0160074e-19
5.346741e-22,2.6644166e-21,2.0973206e-17,1.8621521e-26,1.1336372e-11,8.706613e-20,2.112158e-17,3.9168144e-18
2.4832311e-16,8.632449e-24,8.5279534e-21,3.486992e-21,1.4773725e-25,2.7098134e-22,2.9762054e-29,5.0256614e-19
3.3525606e-15,2.434686e-12,2.9094567e-15,1.913781e-25,6.70711e-14,2.4091807e-17,4.7892358e-17,7.8493774e-19
1.7926864e-19,2.696577e-19,4.6272305e-17,3.3034415e-16,2.5118497e-17,1.9779909e-18,1.6190857e-14,3.0593634e-21
4.7646416e-22,4.441916e-21,3.9323412e-17,1.5267469e-27,2.4930042e-11,6.3859035e-20,6.785644e-17,1.4723593e-18
3.4819515e-15,7.360723e-16,2.3669116e-18,2.891906e-16,3.4496558e-21,1.0921165e-19,3.8371866e-27,2.9234164e-17
1.2802378e-18,4.4649706e-13,6.298578e-16,1.0104171e-25,4.624813e-17,5.8116114e-21,4.4961107e-21,2.1330868e-19
6.4779105e-20,4.830125e-20,9.290238e-18,2.8766237e-16,3.0817753e-18,2.5056854e-18,1.4476337e-15,1.3710173e-20
8.509102e-22,5.3316314e-21,4.791447e-17,9.246744e-27,2.5669505e-11,1.2158229e-19,5.1050044e-17,3.1295303e-18
4.9296886e-15,4.8541585e-19,2.7264387e-19,2.1944173e-20,2.1523748e-21,5.852572e-20,2.8422593e-27,5.1318095e-18
3.0909454e-19,4.7469454e-14,7.049845e-17,2.3388999e-25,7.358216e-18,8.039344e-21,2.2106236e-21,7.8200246e-20
1.3553036e-19,1.0508471e-19,2.9690794e-17,3.639182e-16,9.0385455e-18,3.0713303e-18,5.6079536e-15,1.1935484e-20
1.4420507e-22,1.1056718e-21,4.8682172e-18,1.4424487e-27,6.225234e-12,3.305124e-20,9.159754e-18,1.0839984e-18
1.5561503e-15,8.3831666e-20,1.0706499e-19,2.8526858e-20,2.1125001e-21,1.07046606e-19,2.0734132e-27,5.6510233e-18
4.957854e-19,1.311734e-13,2.622525e-16,4.6718897e-25,1.941607e-17,1.0670694e-20,3.12112e-21,1.3602552e-19
1.0968259e-19,2.9143925e-20,5.4618244e-18,1.3583337e-16,3.2496436e-18,5.866904e-19,8.779639e-16,1.7551967e-21
2.3830379e-18,7.186609e-19,1.5318432e-15,2.9573597e-23,2.8552427e-10,6.4195767e-15,1.9878946e-16,2.1970427e-17
3.4484028e-15,2.5646448e-19,2.6086818e-19,3.4952507e-20,4.071842e-21,1.3522154e-19,5.4471096e-27,1.1540297e-17
1.3147885e-19,5.6846014e-14,1.4695102e-16,3.3351178e-26,4.1616884e-18,3.1192516e-21,8.360357e-22,5.235776e-20
2.8399976e-17,4.493452e-14,2.0763704e-15,7.381054e-15,8.908404e-14,2.2645136e-15,4.0842277e-12,4.212804e-17
2.7638397e-22,1.4029994e-21,1.3589653e-17,5.7488628e-27,1.2654913e-11,4.137907e-20,1.3724009e-17,2.1647707e-18
1.0767055e-15,6.151908e-20,8.353224e-20,1.06752125e-20,5.2015297e-22,1.8248381e-20,5.0684573e-28,2.511772e-18
1.1002367e-12,5.014374e-11,2.2994166e-14,1.4220889e-23,2.1236517e-12,1.2584404e-16,7.120883e-15,1.0988707e-17
4.8556562e-20,6.5131206e-20,1.6918854e-17,1.800825e-16,4.466799e-18,8.219646e-19,3.3548506e-15,2.9238676e-21
2.706752e-17,2.4462692e-18,9.6017715e-15,1.4013993e-22,2.025776e-09,8.470274e-14,1.3030722e-15,6.0564484e-17
1.7271242e-14,4.509602e-14,2.8447046e-16,3.1274e-14,1.4973435e-18,1.0217002e-17,1.172342e-24,5.519681e-16
2.5253653e-19,8.412505e-14,1.3409372e-16,1.3186974e-25,1.4687417e-17,3.0692056e-21,8.774689e-22,3.4856373e-20
4.645624e-17,9.909877e-14,1.4052354e-14,1.8074269e-14,3.9481916e-13,5.956579e-15,1.42664535e-11,5.179152e-16
1.04185986e-16,7.800041e-18,2.3353242e-14,2.1329545e-21,7.3908684e-09,5.192493e-13,5.7101473e-15,1.5411146e-16
1.5154932e-15,8.4830525e-20,1.0231423e-19,8.788965e-21,1.6340273e-21,2.4192614e-20,8.322656e-28,5.0507644e-18
1.6392894e-11,3.2407993e-10,5.4540387e-14,1.7796493e-22,1.5660867e-11,4.467281e-16,4.409811e-14,2.657874e-17
1.4626368e-16,4.021903e-13,1.05871454e-13,5.710095e-14,1.6720223e-12,2.2668914e-14,4.2278212e-11,4.1046357e-15
4.539077e-19,1.0670826e-18,1.0086623e-15,1.03825423e-22,2.0485012e-10,1.8494824e-16,1.1077988e-15,2.7359654e-16
2.9915093e-14,3.112495e-13,2.6897815e-15,1.5066523e-13,2.5913474e-17,3.6946144e-17,1.4549577e-23,3.140202e-15
6.909819e-11,1.696536e-09,2.8421598e-13,1.9814164e-21,9.7709466e-11,1.8512902e-15,1.0805578e-13,8.682944e-17
8.465351e-17,2.2843473e-15,4.0365313e-15,2.647718e-14,2.3626451e-14,1.5000844e-15,1.4369923e-12,8.717955e-18
1.2184149e-17,1.3600328e-18,3.6142676e-15,9.3918756e-23,1.0913681e-09,5.6343744e-14,1.1916952e-15,3.9287575e-17
6.725481e-14,1.4439187e-12,1.08265346e-14,2.762656e-13,3.0542984e-16,7.0453554e-17,1.4509014e-22,1.7280075e-14
2.3992138e-15,2.3171232e-11,5.166932e-14,1.8976598e-22,1.4739195e-13,5.035396e-17,3.9206432e-17,2.6224033e-17
4.9575373e-17,6.4983494e-14,1.0201478e-14,1.14006035e-14,3.2398983e-13,4.8838865e-15,8.756461e-12,4.2612782e-16
4.1176774e-18,2.0981275e-18,2.4928374e-15,2.508663e-23,4.6073e-10,7.831389e-15,6.51629e-16,3.2220697e-17
2.72242e-13,1.2599637e-15,1.0066553e-16,2.4625252e-16,7.4942724e-19,1.9352182e-17,2.0623333e-24,2.332532e-15
1.1300729e-11,2.9784944e-10,7.8956745e-14,1.5423392e-22,1.184957e-11,5.1451047e-16,2.2692709e-14,2.6029389e-17
3.7890454e-17,4.1968582e-14,2.0621775e-15,1.1534286e-14,1.7748674e-13,3.3238958e-15,9.306372e-12,1.0348135e-16
1.5202802e-17,6.866282e-18,6.305866e-15,1.388151e-22,8.994077e-10,2.1175019e-14,1.9542488e-15,1.2040552e-16
1.9427102e-14,2.7741617e-13,1.8294709e-15,5.2218592e-14,2.4509314e-17,1.5022017e-17,9.15054e-24,2.5441386e-15
1.7778907e-12,4.661527e-11,2.5408034e-14,3.309383e-23,2.6822956e-12,1.8376746e-16,1.2688586e-14,1.4969903e-17
1.1695594e-16,1.1321428e-13,6.15413e-15,3.1026187e-14,4.3412471e-13,7.78323e-15,2.3131313e-11,3.018634e-16
1.538886e-19,4.1952073e-19,5.711843e-16,9.15756e-24,7.445434e-11,2.0171582e-17,7.7516104e-16,1.4670065e-16
2.2740022e-14,7.801336e-14,5.176466e-16,6.327483e-14,3.071998e-18,2.7202708e-17,2.5826338e-24,7.0363885e-16
4.6331064e-12,1.12276875e-10,6.817125e-14,1.7220089e-22,7.628844e-12,5.7821714e-16,3.2631097e-14,4.586372e-17
1.8840681e-17,2.0540663e-16,7.9259954e-16,6.8423677e-15,5.035958e-15,4.4333614e-16,7.1954357e-13,2.0233917e-18
7.530057e-21,3.2118913e-20,1.5228349e-16,1.8344721e-25,7.447791e-11,6.913403e-19,2.776137e-16,2.3095622e-17
6.7626555e-14,1.8249908e-13,1.5008744e-15,1.536682e-13,1.0564552e-17,7.524014e-17,1.2651794e-23,2.172824e-15
7.137986e-16,5.8341066e-12,1.0195526e-14,6.4815097e-23,2.5608779e-14,8.606073e-18,9.072572e-18,5.8494983e-18
9.134313e-19,7.767169e-19,2.2594127e-16,1.9921618e-15,6.823984e-17,8.402834e-18,4.54173e-14,9.191527e-20
4.1496816e-21,1.2774754e-20,4.1022835e-17,2.2647166e-26,4.1033055e-11,3.2112558e-19,1.8119606e-16,7.915291e-18
9.83756e-14,2.6990925e-16,2.7181443e-17,4.596163e-17,1.9362575e-19,7.589185e-18,9.387496e-25,6.017326e-16
3.7077006e-18,6.427682e-13,1.6614306e-15,6.993411e-24,2.1694271e-16,6.228938e-20,1.595914e-20,6.3203744e-19
3.9650693e-19,2.9824033e-19,4.5502815e-17,1.4289628e-15,2.4291878e-17,2.424419e-18,8.724522e-15,2.4897235e-20
2.9991042e-20,3.0405515e-20,1.6647088e-17,4.9911587e-26,1.2854347e-11,2.6702102e-18,3.066147e-16,1.13449666e-17
1.6961628e-14,1.663508e-18,1.4379503e-18,1.6053607e-19,3.945182e-20,5.5199675e-19,5.7684166e-26,6.3674014e-17
1.4362948e-18,2.1221851e-13,3.5198772e-16,1.4115275e-24,7.194708e-17,1.951413e-20,3.61088e-21,2.6122266e-19
4.3966585e-18,3.3731048e-19,1.5012736e-17,2.8232792e-15,2.875417e-16,4.6557344e-18,2.703494e-15,1.7998873e-20
3.5659546e-21,1.0516526e-20,2.7464527e-17,2.6010408e-26,3.2687082e-11,2.8680725e-19,1.3226582e-16,7.99739e-18
5.2934265e-15,1.3073167e-19,2.9619947e-19,4.5927207e-20,1.0767891e-20,1.626293e-19,6.57872e-27,2.6604099e-17
2.8483938e-18,3.395028e-13,1.2586853e-16,2.5188167e-24,9.1406654e-17,2.9244602e-20,1.18734515e-20,3.1361015e-19
4.3710033e-19,2.6054894e-19,4.0060625e-17,1.3064519e-15,2.963614e-17,1.8232885e-18,7.83904e-15,1.4713527e-20
2.339556e-21,7.340627e-21,2.7776927e-17,1.56577e-26,3.2751427e-11,1.9840277e-19,1.0858246e-16,5.6657447e-18
9.152643e-15,8.504438e-20,1.5836896e-18,2.0906406e-19,5.0727497e-21,3.1402196e-19,2.1315094e-26,1.2518951e-16
1.3210786e-18,2.477912e-13,3.57633e-16,1.0124703e-24,7.09666e-17,1.3980315e-20,2.9943587e-21,2.1676369e-19
2.3624183e-19,1.8804758e-19,3.75619e-17,9.723847e-16,1.7642153e-17,1.5049197e-18,7.5855205e-15,1.3480223e-20
6.2423e-22,2.4578079e-21,1.3129303e-17,1.1523e-26,1.5011693e-11,7.069494e-20,2.6333801e-17,3.2837881e-18
5.2263902e-15,1.106483e-19,2.9967955e-19,3.955987e-20,7.8347405e-21,1.0934254e-19,5.4238247e-27,2.3850765e-17
8.871468e-19,1.8229e-13,2.686048e-16,7.7582306e-25,5.308952e-17,1.0335844e-20,1.9874194e-21,1.4896517e-19
1.1668127e-19,9.3487455e-20,2.7424326e-17,3.0734545e-16,1.0525251e-17,7.5165184e-19,6.7272475e-15,4.431051e-21
7.6681866e-20,6.65619e-20,6.990848e-17,1.0053929e-23,1.0381114e-11,1.0818514e-16,3.631539e-17,2.2291905e-17
4.2876304e-15,9.197244e-20,2.0501805e-19,2.7245762e-20,6.665995e-21,9.477402e-20,3.639328e-27,1.7898594e-17
4.0536823e-19,1.4988104e-13,2.6955323e-16,2.6608966e-25,3.0483723e-17,4.4019886e-21,1.0558448e-21,5.974564e-20
6.6794226e-17,8.9160314e-15,3.459614e-16,2.0700039e-15,1.7221047e-14,6.7581355e-16,3.8320576e-13,4.3444084e-18
2.0248503e-19,4.255519e-20,1.1720428e-16,1.066083e-23,1.7176559e-11,2.942112e-16,4.8594624e-17,2.4081056e-17
2.7896098e-15,1.054964e-19,1.4218965e-19,1.1148035e-20,2.5913224e-21,3.27819e-20,1.7520071e-27,7.983643e-18
2.5053275e-14,8.505916e-12,9.943213e-15,4.5915724e-24,4.5969966e-13,1.597702e-16,3.5977314e-16,4.4025497e-18
7.6546076e-17,7.492601e-15,7.1312366e-16,1.6155866e-15,1.7360418e-14,6.985201e-16,2.2050572e-13,1.0944279e-17
7.3002986e-22,3.1002592e-21,1.6381496e-17,5.0126217e-27,1.9435915e-11,7.559994e-20,4.4048536e-17,2.7220028e-18
2.0940062e-14,4.6892506e-15,1.8612017e-17,2.0456614e-15,2.3612727e-20,1.0864658e-18,9.017606e-26,2.5998837e-16
9.02716e-14,2.3656833e-11,9.906299e-15,8.839657e-24,8.3049117e-13,2.5607677e-16,7.0175176e-16,6.2125938e-18
1.1175249e-19,1.08265056e-19,1.8387884e-17,4.883251e-16,6.0948024e-18,7.904365e-19,3.663308e-15,6.433555e-21
2.8904856e-22,1.6869454e-21,1.3326906e-17,1.6010427e-27,1.5372259e-11,3.3410998e-20,2.6060285e-17,1.3339361e-18
1.9178737e-14,6.037677e-15,3.9315613e-17,2.2027765e-15,5.044444e-20,1.029442e-18,2.1023584e-25,5.2028554e-16
4.2809536e-19,8.9887767e-14,1.6300904e-16,2.271813e-25,2.1847901e-17,5.345153e-21,1.115841e-21,8.65687e-20
4.357184e-20,5.3065142e-20,9.5923115e-18,2.4781116e-16,2.362059e-18,6.025493e-19,2.0008977e-15,4.2578714e-21
5.1757984e-22,3.4703514e-21,2.575697e-17,2.4765953e-27,2.1491737e-11,6.1192114e-20,5.554657e-17,2.0679172e-18
2.0407664e-15,5.1834107e-20,8.0940295e-20,1.2896674e-20,2.7106109e-21,4.2605547e-20,1.0312335e-27,6.490186e-18
2.2248302e-19,4.6096726e-14,7.9253875e-17,1.0066507e-25,9.9983885e-18,2.9948726e-21,6.90646e-22,4.374738e-20
8.673728e-20,8.831046e-20,1.40159e-17,4.4062164e-16,3.6667696e-18,1.1734463e-18,2.6242375e-15,1.1804895e-20
9.600053e-22,4.9996703e-21,2.4110469e-17,6.2966685e-27,2.3644699e-11,1.2715834e-19,6.507642e-17,3.07092e-18
1.1228129e-15,3.2647494e-20,4.1757418e-20,7.879399e-21,1.3800207e-21,2.8294928e-20,4.4695716e-28,3.1263326e-18
3.8378906e-19,5.6089305e-14,1.06544046e-16,2.2885047e-25,1.4191235e-17,6.903856e-21,1.6322579e-21,8.543587e-20
1.9493157e-19,1.4694295e-19,2.1378789e-17,6.810413e-16,7.487932e-18,1.284337e-18,3.8309797e-15,1.0764399e-20
2.6065404e-21,9.766984e-21,4.241523e-17,2.9698364e-26,3.7012907e-11,2.67646e-19,1.0718489e-16,7.423343e-18
1.7822033e-15,6.969775e-20,7.16528e-20,1.8226813e-20,2.519003e-21,6.262078e-20,1.0444725e-27,5.0505915e-18
4.999179e-19,1.0017076e-13,2.4064447e-16,2.994101e-25,2.1137621e-17,9.676643e-21,1.934417e-21,1.5666657e-19
3.5935422e-19,2.8561934e-19,5.754092e-17,1.0689299e-15,2.0779768e-17,2.2757592e-18,1.05703325e-14,1.9055177e-20
2.6910471e-20,6.533027e-20,2.8423385e-17,3.465385e-24,5.6191406e-12,3.273459e-17,2.9636594e-17,1.6313462e-17
2.9069497e-15,9.311943e-20,1.1755873e-19,2.3508202e-20,3.5178012e-21,7.2360106e-20,1.8216462e-27,8.04043e-18
1.1986828e-18,2.5055964e-13,5.195676e-16,1.0100708e-24,6.181982e-17,1.7000798e-20,3.6573346e-21,2.43793e-19
5.4294e-17,4.460557e-15,1.08522e-16,1.7181241e-15,8.008485e-15,3.8269753e-16,2.0719891e-13,1.5600945e-18
4.8797816e-18,5.8734197e-19,2.292186e-15,1.422691e-23,8.2452467e-10,2.0103051e-14,3.494711e-16,1.27346325e-17
6.0286558e-15,2.2042936e-19,3.19798e-19,4.4228288e-20,9.0610414e-21,1.3464454e-19,6.8731425e-27,2.0032402e-17
6.806027e-15,3.5242375e-12,8.4031996e-15,1.4130305e-24,1.2528477e-13,8.425659e-17,1.4699532e-16,3.4584095e-18
1.0236743e-17,2.6893674e-14,3.0032447e-15,5.4839213e-15,1.2629919e-13,1.5877993e-15,6.14267e-12,8.598431e-17
1.5743899e-17,1.0671112e-18,5.1846107e-15,6.1932226e-23,1.7724557e-09,6.4957595e-14,7.8670165e-16,2.971255e-17
1.8680973e-14,1.6923197e-15,7.961958e-18,9.06096e-16,8.461363e-21,6.7875525e-19,3.289454e-26,9.2044185e-17
4.690716e-12,1.1070455e-10,1.825084e-14,1.691364e-23,4.492985e-12,8.701115e-17,1.0223062e-14,6.1582774e-18
2.1252268e-17,5.777944e-14,9.797016e-15,9.706879e-15,2.4792974e-13,3.3099775e-15,9.6544e-12,2.6527198e-16
5.114436e-18,8.391074e-19,2.3588298e-15,2.7299093e-23,1.4245015e-09,1.7735906e-14,5.6469347e-16,1.5933069e-17
8.864078e-15,8.348057e-14,5.165952e-16,4.177197e-14,4.5548812e-18,8.243138e-18,1.4388291e-24,5.987262e-16
1.3512103e-11,3.3984152e-10,3.9524316e-14,7.26626e-23,1.3344168e-11,2.4162316e-16,2.3958676e-14,1.4269403e-17
8.0068536e-18,3.3771556e-14,3.953402e-15,5.538941e-15,1.6756834e-13,2.5378865e-15,7.440901e-12,1.3625319e-16
5.2563734e-18,5.8439416e-19,2.3340808e-15,2.4578243e-23,1.4334167e-09,2.0591993e-14,4.4146457e-16,1.38932e-17
1.7391506e-14,1.8024532e-13,1.4160696e-15,7.056193e-14,1.6177497e-17,1.5593337e-17,5.8537664e-24,1.8954454e-15
4.735836e-12,1.6929082e-10,1.8384582e-14,2.9147994e-23,7.694825e-12,1.2837749e-16,1.14471006e-14,4.250786e-18
7.963143e-18,3.1507867e-14,4.4500362e-15,5.197779e-15,1.4310454e-13,1.926514e-15,6.2931865e-12,1.2546441e-16
6.0429416e-19,2.342818e-19,5.039627e-16,2.773088e-24,3.0628894e-10,4.4480847e-15,8.143223e-17,3.0689764e-18
9.104553e-15,8.9267386e-14,5.979479e-16,4.4729977e-14,5.629594e-18,1.0988078e-17,2.5897866e-24,8.729112e-16
5.165292e-12,1.9133686e-10,1.8142587e-14,2.3431171e-23,7.588629e-12,1.1575002e-16,1.0743839e-14,4.2889e-18
3.789029e-18,1.436662e-14,6.134509e-16,3.011367e-15,4.3878546e-14,5.3782807e-16,2.4390364e-12,1.4915352e-17
2.4456813e-18,1.8150571e-19,1.1394553e-15,4.6572123e-24,5.937232e-10,1.47613e-14,1.5782151e-16,5.2872425e-18
8.884558e-15,8.5175804e-14,5.56879e-16,4.2162105e-14,5.1939854e-18,8.999292e-18,2.1354098e-24,8.238871e-16
6.299693e-13,2.3091376e-11,8.498979e-15,1.7102236e-24,9.719226e-13,2.0097845e-17,2.3539488e-15,2.1489735e-18
4.165977e-18,1.4166673e-14,1.684404e-15,2.3183916e-15,7.1864206e-14,8.2115736e-16,2.841988e-12,4.608206e-17
1.2197861e-18,1.1196114e-19,5.0523885e-16,8.002645e-24,6.7661393e-10,1.9440299e-14,1.6635225e-16,3.4396869e-18
3.2598669e-15,2.2437057e-14,1.0068242e-16,1.4325685e-14,7.904425e-19,2.3476411e-18,1.115294e-25,1.1741683e-16
3.4352983e-12,9.0798764e-11,1.0100953e-14,6.43114e-24,3.0196884e-12,4.758024e-17,6.1079626e-15,2.6854098e-18
2.2913083e-18,1.3049856e-14,2.288333e-15,1.8180751e-15,8.132975e-14,8.416445e-16,2.4079877e-12,6.860682e-17
3.178231e-18,3.5791637e-19,9.05367e-16,8.9712645e-23,1.4384012e-09,5.991346e-14,5.174768e-16,7.176257e-18
4.067724e-15,5.5872123e-14,3.1877172e-16,2.0256666e-14,2.5943232e-18,3.240409e-18,4.5035344e-25,3.7013164e-16
4.9317746e-12,1.577615e-10,1.3559405e-14,9.959035e-24,6.385722e-12,4.662793e-17,3.648358e-15,1.3310183e-18
4.62287e-18,4.2370092e-14,9.4947955e-15,3.2829913e-15,2.1760486e-13,2.8281083e-15,5.628365e-12,3.0972763e-16
2.13618e-20,8.678026e-21,1.6586363e-17,1.544581e-24,5.942029e-12,7.672528e-17,1.36802074e-17,4.357172e-18
1.8238961e-15,9.276623e-14,3.630142e-16,1.01324444e-14,6.158442e-18,9.158247e-19,3.6242314e-25,4.386411e-16
1.7409187e-11,4.766325e-10,5.1920053e-14,8.079365e-23,2.6423946e-11,1.4366633e-16,6.2487073e-15,3.0476845e-18
1.34964526e-17,1.9658978e-15,1.3198911e-16,3.6794963e-16,5.2320353e-15,3.0752492e-16,4.7409915e-14,2.3196266e-18
2.8326697e-19,1.4628746e-19,8.075784e-17,1.6782859e-22,8.1861556e-10,3.268978e-14,4.9175345e-16,1.2779739e-18
2.3932632e-15,2.1758412e-13,9.614852e-16,1.0763775e-14,4.9291385e-17,1.0456613e-18,2.6805198e-24,1.4733728e-15
2.4269593e-14,8.872803e-12,3.664929e-15,1.3233795e-24,2.628894e-13,7.4876224e-17,1.2837553e-16,1.1432154e-18
6.941627e-19,3.4782957e-14,3.8856573e-15,5.7725624e-16,2.522225e-13,8.531559e-15,2.3975706e-12,3.4798782e-16
1.3494946e-19,6.4547734e-20,3.7769236e-17,1.8822673e-22,7.296167e-10,2.0643274e-14,2.1940873e-16,5.6519907e-19
3.3335592e-15,1.947157e-15,9.884843e-18,3.6326493e-16,1.3733728e-20,1.1410668e-19,2.0538599e-26,1.4223435e-16
8.340331e-12,4.1174822e-10,6.892578e-14,6.2882804e-23,2.2651747e-11,1.0087349e-16,1.1634281e-15,3.2428807e-19
3.0391148e-19,2.8302354e-14,3.8796735e-15,3.024051e-16,2.104329e-13,4.756541e-15,2.5073138e-12,2.1969766e-16
1.3898062e-19,4.357799e-20,4.911214e-17,7.662882e-23,3.6731546e-10,8.550782e-15,1.04279424e-16,8.073774e-19
2.9604177e-16,3.5083945e-13,4.5489126e-16,5.731181e-16,1.4948112e-16,2.6464985e-20,2.6360947e-24,1.2785805e-15
8.429314e-12,4.474184e-10,5.551181e-14,3.1463405e-23,2.738651e-11,4.237318e-17,5.5615723e-16,1.1410363e-19
6.233719e-19,1.9067743e-14,2.5712426e-15,3.2699162e-16,9.691659e-14,2.489008e-15,1.2665796e-12,9.1038135e-17
6.879016e-20,1.683674e-20,3.7125285e-17,1.2313304e-23,5.215808e-10,9.332557e-15,4.4677216e-17,1.523582e-19
1.3492083e-16,2.5468356e-13,2.5873778e-16,2.7891405e-16,1.24139e-16,8.511541e-21,1.4826804e-24,7.338322e-16
3.4036855e-12,2.2794436e-10,3.0773056e-14,1.554103e-23,1.1741959e-11,4.079453e-17,5.033018e-16,2.080227e-19
9.960537e-20,1.0775607e-14,1.1022094e-15,1.3295228e-16,4.5965646e-14,1.4761068e-15,7.056573e-13,5.2891222e-17
1.2136957e-19,8.419635e-21,7.9484884e-17,8.0214375e-25,1.9992051e-10,3.642559e-15,1.3403637e-17,3.1184934e-19
2.6383186e-16,8.478259e-14,1.4117378e-16,3.7708215e-16,2.1209991e-17,1.9418857e-20,7.130497e-25,5.357149e-16
2.212971e-12,1.4279691e-10,1.0949808e-14,2.0154278e-24,4.5750695e-12,8.341164e-18,3.9963719e-16,5.96632e-20
2.0352192e-19,2.8564393e-15,5.10378e-16,1.9779474e-16,1.2244646e-14,1.658422e-16,4.483891e-13,8.530147e-18
2.923735e-20,7.457277e-21,1.6530902e-17,7.7911256e-24,3.3615397e-10,4.6370946e-15,2.112851e-17,7.501819e-20
8.6303724e-17,6.330223e-14,7.394688e-17,2.135728e-16,1.5726912e-17,7.43915e-21,2.0729566e-25,1.9196685e-16
1.3979492e-12,5.354078e-11,2.6320575e-15,5.6844286e-25,1.7079978e-12,4.9197994e-18,5.2399825e-16,1.364496e-19
4.8263307e-20,7.109158e-15,6.9817644e-16,6.789191e-17,2.6881573e-14,8.2303894e-16,4.522594e-13,2.5693477e-17
1.8605743e-20,1.1665672e-20,7.445293e-18,3.124452e-23,4.0300183e-10,8.2987435e-15,5.2769488e-17,6.95103e-20
1.8920637e-16,1.4396272e-14,5.022313e-17,1.0731994e-15,9.348894e-19,5.800563e-20,2.2029491e-26,6.847609e-17
1.4310734e-12,1.09033976e-10,7.207818e-15,9.018022e-25,3.6363796e-12,4.3828438e-18,1.801423e-16,2.6498115e-20
2.7782502e-20,9.959347e-15,9.554924e-16,5.888165e-17,6.289004e-14,1.9338105e-15,7.4606364e-13,5.3798375e-17
5.611575e-21,9.2660506e-21,1.7614373e-18,9.238265e-23,3.300844e-10,6.603475e-15,7.128241e-17,2.617832e-20
4.4860976e-17,3.1638124e-14,3.452401e-17,9.218017e-17,8.1636845e-18,2.7925185e-21,8.000318e-26,1.06158236e-16
3.301099e-12,2.1223584e-10,1.7283436e-14,3.664381e-24,1.12848975e-11,7.812846e-18,1.2890109e-16,1.3718073e-20
1.2169544e-20,1.3385441e-14,7.118897e-16,2.2715624e-17,1.05706405e-13,7.112413e-15,4.807908e-13,8.389002e-17
1.7682349e-20,1.321752e-21,1.6286849e-17,1.0517543e-25,8.727886e-11,1.1202886e-15,2.7789422e-18,5.0341595e-20
1.9083214e-17,9.473438e-14,6.42567e-17,4.670697e-17,5.0690654e-17,8.1175216e-22,1.5094161e-25,1.756179e-16
1.8337254e-12,2.3679644e-10,2.3134897e-14,3.1901006e-24,9.961395e-12,8.031601e-18,5.5336348e-17,3.6419086e-21
3.1497193e-20,8.4467105e-16,1.2654494e-16,4.8272768e-17,3.4612924e-15,4.7653624e-17,1.2529718e-13,1.8028918e-18
6.807564e-21,1.264843e-21,5.197276e-18,5.629165e-25,1.4380987e-10,1.4962039e-15,4.1477255e-18,1.7898429e-20
9.536962e-18,1.1168358e-13,3.7771687e-17,7.3604905e-18,1.0771816e-16,9.277041e-23,3.5320475e-25,2.3940838e-16
4.4711234e-13,2.2502708e-11,7.289969e-16,6.189812e-26,6.253351e-13,9.912555e-19,1.2366305e-16,2.1633568e-20
9.646017e-21,1.7077475e-15,1.6782462e-16,2.0865793e-17,6.418719e-15,1.4783263e-16,1.5141686e-13,4.5243855e-18
1.3588077e-20,6.737599e-22,1.7367645e-17,1.8778168e-26,5.320839e-11,3.818008e-16,1.1452757e-18,3.993133e-20
3.938917e-17,4.5771657e-15,1.1869756e-17,2.517578e-16,2.129063e-19,8.534463e-21,1.8266635e-27,1.6079182e-17
5.715023e-13,4.198306e-11,1.6655871e-15,9.388172e-26,1.2662511e-12,9.097279e-19,6.1014126e-17,6.2283885e-21
2.8929815e-20,4.0372992e-16,4.9117012e-17,3.653842e-17,1.5822245e-15,1.5624596e-17,8.711556e-14,5.1260744e-19
1.18421495e-20,7.9911837e-22,1.8418917e-17,1.7223735e-26,6.1494726e-11,2.9996253e-16,9.15245e-19,4.044459e-20
1.2780866e-17,9.233334e-15,1.0122075e-17,4.1225676e-17,1.3475971e-18,8.894903e-22,4.8281365e-27,2.2168265e-17
1.5250638e-13,9.210078e-12,2.5239247e-16,1.1040927e-26,1.8149519e-13,4.3143652e-19,1.0703739e-16,1.6290304e-20
2.9708085e-20,4.88791e-16,4.0830962e-17,4.731274e-17,1.3569412e-15,1.3866514e-17,8.9113436e-14,3.8274952e-19
6.8970384e-21,5.50188e-22,7.306861e-18,4.6862556e-26,6.4975414e-11,6.4154847e-16,1.2763515e-18,1.977921e-20
5.781485e-17,1.8757585e-15,5.1313785e-18,3.5480932e-16,2.5995611e-20,1.5698058e-20,5.7269496e-28,5.8512163e-18
9.4531133e-14,6.760199e-12,2.2497457e-16,6.915617e-27,1.429414e-13,3.3848083e-19,1.0072853e-16,1.5972418e-20
1.18331636e-20,5.3211605e-16,6.782926e-17,2.1298286e-17,1.9428759e-15,2.996387e-17,6.7951605e-14,9.533429e-19
3.7301803e-21,1.3935363e-22,6.5010387e-18,2.9665848e-27,2.8129967e-11,1.4417582e-16,2.3040247e-19,1.053138e-20
7.245109e-17,1.3865576e-15,3.8359603e-18,4.7916326e-16,1.6524382e-20,2.1466116e-20,3.6690875e-28,4.5012146e-18
2.639863e-13,1.5403899e-11,4.429237e-16,2.117489e-26,3.7753828e-13,4.553854e-19,6.2038824e-17,8.370892e-21
7.5822e-21,1.5837514e-16,1.6901244e-17,1.21613955e-17,4.494185e-16,4.858014e-18,2.755713e-14,1.3077904e-19
5.581132e-21,2.2804038e-22,8.269121e-18,3.463477e-27,2.841957e-11,7.0648676e-17,3.563075e-19,2.4756598e-20
1.6669519e-17,2.6896684e-15,6.0375065e-18,1.0536224e-16,1.284498e-19,2.7896866e-21,6.6363367e-28,8.3868215e-18
5.77779e-14,4.228932e-12,7.8498944e-17,1.3977279e-27,6.717096e-14,1.04641895e-19,4.114712e-17,4.8290538e-21
8.512093e-21,1.4455304e-16,1.6670727e-17,1.1057543e-17,6.5262655e-16,5.867153e-18,6.4126046e-14,7.7370604e-20
2.2040559e-21,9.716995e-22,1.342333e-18,1.3007668e-24,1.3437296e-10,1.5520773e-15,5.1218945e-18,8.699205e-21
2.071874e-17,5.608058e-16,1.529908e-18,1.392074e-16,5.913206e-21,4.392126e-21,6.995207e-29,1.7789131e-18
4.3234788e-14,5.3589078e-12,6.1707435e-17,1.3387473e-27,6.862891e-14,1.6189397e-19,4.910109e-17,4.3892283e-21
2.8807233e-21,1.7110928e-15,1.5013373e-16,1.08340775e-17,8.17052e-15,2.0434139e-16,1.4439536e-13,4.9121298e-18
2.0403167e-21,1.2935091e-22,4.3681555e-18,1.791599e-27,2.1795194e-11,6.006406e-17,1.8330368e-19,8.730955e-21
3.6292126e-17,4.142496e-16,1.3316381e-18,1.7910009e-16,2.3527119e-21,9.3484916e-21,1.8158935e-28,2.015004e-18
8.667011e-13,6.221486e-11,2.542538e-15,1.5585186e-25,2.7632421e-12,8.3533884e-19,2.3550065e-17,1.7414313e-21
5.6065466e-21,1.2054017e-16,8.2758105e-18,9.915397e-18,3.6947143e-16,3.4165277e-18,3.033702e-14,6.517246e-20
1.2835514e-21,9.68716e-23,3.0297523e-18,9.389452e-28,1.8033974e-11,2.6394046e-17,1.2047746e-19,7.619545e-21
3.1139895e-18,1.33220715e-14,9.305561e-18,1.1045023e-17,4.4116445e-18,1.1637969e-22,3.7599846e-27,2.0961688e-17
2.7223197e-14,2.315496e-12,5.446327e-17,6.509567e-28,3.9860303e-14,7.097434e-20,2.6338021e-17,2.491214e-21
2.9614607e-21,8.14605e-17,5.174131e-18,6.5027753e-18,2.8575493e-16,2.4743685e-18,3.135308e-14,3.108242e-20
1.5430699e-21,5.7607066e-23,2.6769207e-18,2.1635308e-27,2.1252212e-11,1.0059144e-16,1.3535366e-19,4.595978e-21
1.9651163e-17,4.2882501e-16,8.753274e-19,1.3423548e-16,2.3172617e-21,4.4762592e-21,3.7582025e-29,8.962869e-19
1.5729607e-14,1.7644655e-12,2.8073173e-17,2.9860323e-28,3.105881e-14,4.3426976e-20,1.854936e-17,1.2249461e-21
3.0665607e-21,9.9146073e-17,1.3906296e-17,5.9599108e-18,3.0606784e-16,2.9805394e-18,1.8037728e-14,9.3750654e-20
1.2933815e-21,3.212548e-23,2.497793e-18,6.2354505e-28,1.5483548e-11,4.1906045e-17,6.970121e-20,3.4072296e-21
1.6299652e-17,2.2529835e-16,5.057548e-19,1.1262012e-16,8.897007e-22,3.741253e-21,2.1622581e-29,5.8975103e-19
5.615867e-14,4.258143e-12,6.1353243e-17,9.055134e-28,7.214437e-14,5.9153295e-20,1.830579e-17,1.9527747e-21
2.1206387e-21,5.968173e-17,5.9560693e-18,3.473151e-18,1.6372011e-16,1.4167913e-18,1.34093345e-14,3.3111943e-20
2.857617e-22,5.2546558e-23,9.187499e-19,1.4990277e-28,7.927327e-12,5.6889396e-18,4.421648e-20,2.8783506e-21
7.312326e-18,4.0693985e-16,9.403474e-19,5.1300895e-17,5.8235514e-21,1.132622e-21,3.318703e-29,1.159156e-18
2.6233429e-14,2.3279532e-12,2.7040587e-17,2.3621459e-28,2.950286e-14,3.4143095e-20,1.5082307e-17,1.2136576e-21
8.909099e-22,3.4846323e-17,8.566012e-19,2.842803e-18,1.2372156e-16,1.0709036e-18,1.731551e-14,7.353968e-21
4.3443335e-22,4.560138e-23,1.291776e-18,1.6695963e-28,7.8602975e-12,7.0886475e-18,4.9986046e-20,3.4801346e-21
8.283833e-18,1.7817128e-16,4.4955147e-19,4.7425673e-17,1.2529094e-21,1.5336393e-21,1.4206639e-29,5.4970624e-19
4.4171748e-15,3.8655177e-13,1.00762295e-17,5.117686e-29,8.539536e-15,1.2493687e-20,7.2508006e-18,2.9995705e-22
9.711659e-22,3.0097102e-17,1.1826541e-18,2.3771727e-18,1.3411009e-16,1.2229077e-18,1.8150998e-14,7.7986604e-21
1.0638173e-21,3.6333018e-23,2.4960502e-18,3.5501702e-28,1.2783269e-11,3.2138696e-17,6.548197e-20,3.3310064e-21
7.007238e-18,8.487177e-17,1.7205211e-19,6.802905e-17,2.112749e-22,1.7192268e-21,2.637867e-30,1.3898541e-19
6.955264e-15,5.6707644e-13,9.662899e-18,6.8098993e-29,1.0049259e-14,1.5591766e-20,8.395561e-18,3.714559e-22
2.0437674e-21,5.0598698e-17,3.5653614e-18,3.589174e-18,1.5186176e-16,1.4445534e-18,1.27719905e-14,2.387148e-20
4.4600307e-22,1.3558697e-23,9.883368e-19,4.1924197e-28,1.1587799e-11,3.5418574e-17,3.3688465e-20,1.3387973e-21
7.013951e-18,8.956998e-17,2.107536e-19,6.199292e-17,2.3468127e-22,1.771299e-21,4.8619334e-30,1.884174e-19
1.706342e-14,1.3803086e-12,1.9527934e-17,1.5681892e-28,1.831158e-14,2.95609e-20,1.4552564e-17,1.0766242e-21
8.3736987e-22,4.070111e-17,4.7208864e-18,2.0412772e-18,9.77293e-17,9.766211e-19,6.973463e-15,2.4099675e-20
5.898716e-22,3.0615316e-23,1.0765848e-18,2.304446e-27,1.5115327e-11,6.605207e-17,7.325358e-20,1.9136244e-21
9.02714e-18,1.6559691e-16,3.9037605e-19,6.168672e-17,7.6238734e-22,1.9810687e-21,9.740485e-30,4.2669977e-19
2.1932356e-14,2.0878186e-12,2.0776519e-17,1.3783481e-28,2.9916404e-14,1.6035788e-20,6.946e-18,5.4923177e-22
1.2241333e-21,8.118782e-17,1.0694672e-17,2.8318067e-18,1.9579787e-16,2.4858636e-18,1.2372452e-14,5.8741566e-20
4.445287e-22,1.1014778e-23,1.092492e-18,1.7613275e-28,9.47435e-12,2.7711204e-17,2.464776e-20,1.1682054e-21
2.7841307e-18,1.3564695e-16,2.8775628e-19,2.007777e-17,1.3757422e-21,3.4616363e-22,4.949625e-30,3.5979456e-19
4.935327e-14,4.10465e-12,5.741813e-17,5.6395162e-28,7.28086e-14,3.3733088e-20,7.884944e-18,8.529219e-22
7.1999327e-22,2.943087e-17,3.0028048e-18,1.6916072e-18,7.4917364e-17,7.7350574e-19,5.585579e-15,1.5265017e-20
8.127774e-23,1.1440675e-23,3.3437665e-19,2.1792334e-29,3.5220002e-12,1.5076603e-18,1.33401106e-20,9.54841e-22
2.6549441e-18,2.6447373e-16,5.283591e-19,1.6461179e-17,6.0719354e-21,2.9178715e-22,1.7841971e-29,6.9798627e-19
1.5915354e-14,1.3298653e-12,1.241939e-17,7.2618326e-29,1.7055642e-14,1.2198779e-20,6.8348966e-18,5.0562485e-22
1.940595e-22,8.9094896e-18,2.9778903e-19,6.969992e-19,4.9803215e-17,4.0555536e-19,8.776997e-15,1.5685599e-21
7.995937e-23,6.212741e-24,3.16229e-19,3.29793e-29,4.5873635e-12,2.6928677e-18,8.973738e-21,6.4424177e-22
2.8705696e-18,8.898015e-17,2.1917164e-19,2.2372067e-17,7.10596e-22,4.241593e-22,3.1278402e-30,2.823715e-19
1.9213837e-15,2.1071565e-13,2.428408e-18,8.767627e-30,3.7700467e-15,3.716035e-21,2.311747e-18,6.7384435e-23
1.9372373e-22,1.18000946e-17,5.2894395e-19,7.2450734e-19,3.8448844e-17,3.067032e-19,5.5604507e-15,1.9461783e-21
3.4696478e-22,8.9221486e-24,8.965227e-19,9.0389453e-29,7.650979e-12,1.0530714e-17,2.0508599e-20,1.1516349e-21
2.0965836e-18,2.5460002e-17,5.2259982e-20,2.2256813e-17,3.869858e-23,4.617274e-22,6.1931973e-31,5.1144887e-20
2.073774e-15,3.6601896e-13,3.0799537e-18,7.5624355e-30,5.052699e-15,3.384082e-21,2.2359687e-18,7.770293e-23
5.658562e-22,1.9967935e-17,1.562024e-18,1.1515841e-18,6.038846e-17,4.653087e-19,6.4575975e-15,6.4261723e-21
1.0717555e-22,6.0986446e-24,3.9727298e-19,3.315843e-29,4.753782e-12,3.9557344e-18,8.94363e-21,6.1404367e-22
1.8741677e-18,2.635702e-17,4.7285776e-20,1.5943344e-17,5.0192332e-23,2.9829221e-22,5.128312e-31,5.7851603e-20
7.695547e-15,9.582772e-13,7.40883e-18,2.9199322e-29,9.832585e-15,9.879966e-21,5.3565305e-18,2.8785575e-22
2.4219459e-22,1.3404813e-17,5.1778994e-19,7.867663e-19,3.5829378e-17,2.7953672e-19,4.7869394e-15,2.2138643e-21
3.5380516e-23,8.005271e-24,1.5755058e-19,5.990966e-30,1.917839e-12,6.9300644e-19,8.179819e-21,4.8422034e-22
3.5119876e-18,5.4945737e-17,1.1881205e-19,2.1482776e-17,1.8029848e-22,5.8447575e-22,2.2973508e-30,1.5188238e-19
2.7844006e-15,3.4063922e-13,3.6845487e-18,7.998805e-30,4.6609127e-15,3.723683e-21,2.5478155e-18,1.00893196e-22
1.1038592e-22,5.50187e-18,8.1666036e-20,4.4024465e-19,2.8161235e-17,2.2631615e-19,5.0404364e-15,7.908786e-22
2.7255804e-23,3.3788013e-24,1.3099374e-19,1.0997237e-29,2.9100442e-12,8.6540675e-19,4.7116494e-21,3.8969398e-22
2.1134946e-18,2.991442e-17,5.353257e-20,1.741727e-17,6.447749e-23,3.2589848e-22,4.5152346e-31,5.836609e-20
9.561561e-16,7.441773e-14,1.4631321e-18,2.9591436e-30,1.4167935e-15,1.895136e-21,1.5929414e-18,3.2936656e-23
6.801068e-23,5.628692e-18,2.6546392e-19,3.5907605e-19,2.5584036e-17,2.1703094e-19,4.6418913e-15,6.425286e-22
1.699767e-22,5.2854927e-24,4.7607605e-19,3.3405496e-29,4.6502286e-12,4.316178e-18,1.27871856e-20,8.586708e-22
1.4978006e-18,1.6962022e-17,2.938898e-20,1.6319438e-17,1.8799056e-23,3.1229408e-22,1.514562e-31,1.8560941e-20
7.392802e-16,2.376798e-13,1.2645796e-18,2.25283e-30,3.141544e-15,1.6963669e-21,9.683411e-19,2.696263e-23
2.6884895e-22,9.882921e-18,8.293252e-19,6.1735157e-19,4.4798213e-17,3.0675936e-19,5.8689752e-15,2.4523197e-21
3.3236922e-23,6.493682e-24,1.6792233e-19,1.2912318e-29,2.5487516e-12,8.795817e-19,5.2074683e-21,4.308273e-22
8.734928e-19,1.0515339e-17,1.9566605e-20,8.3390964e-18,1.3848128e-23,1.354945e-22,2.2542815e-31,3.4108463e-20
4.0125357e-15,6.7681684e-13,3.5670075e-18,1.1404822e-29,6.144231e-15,5.7596364e-21,3.0856924e-18,1.3379848e-22
9.9178307e-23,8.190323e-18,1.4345581e-19,4.7653213e-19,2.3249964e-17,2.3986234e-19,4.384489e-15,6.977776e-22
3.5087824e-28,1.1234616e-27,4.032731e-22,1.780528e-34,1.3707574e-14,1.6772016e-25,1.2560194e-22,1.6617281e-23
2.0857268e-18,2.934903e-17,6.3270774e-20,1.3502941e-17,6.2220647e-23,3.2651695e-22,1.2658846e-30,9.1242073e-20
9.224564e-16,1.1810431e-13,1.7710857e-18,2.7093166e-30,2.0147763e-15,1.5824733e-21,1.3816926e-18,3.4763898e-23
4.9844235e-26,2.176355e-25,2.2145895e-22,2.1603621e-21,1.0740639e-22,1.7957011e-23,3.2994443e-19,3.2800297e-27
6.6727295e-23,1.4869964e-24,2.0438944e-19,7.358171e-30,2.8141437e-12,2.3774358e-18,4.589933e-21,3.0508422e-22
1.2898311e-18,1.3889755e-17,2.5109741e-20,1.3844845e-17,2.0837969e-23,2.2808735e-22,1.585916e-31,2.1116312e-20
2.4366874e-24,2.4776756e-17,1.841691e-21,1.3621936e-32,5.9164285e-22,4.8099557e-27,2.551568e-27,3.290521e-26
9.878184e-23,4.514317e-18,3.0131876e-19,2.5779748e-19,1.9731235e-17,1.05403884e-19,2.6784982e-15,1.0423978e-21
2.5944155e-23,2.5646578e-24,1.0556001e-19,5.5326272e-30,2.2332433e-12,6.1514413e-19,4.0824493e-21,3.5291976e-22
1.0430394e-19,8.692222e-25,7.376767e-25,5.4757584e-26,1.2931308e-27,1.4452151e-25,2.3178464e-35,1.2025413e-22
2.6031103e-15,3.3905303e-13,1.5849044e-18,2.9028607e-30,3.2047396e-15,2.110704e-21,1.5239899e-18,4.326602e-23
4.1476833e-23,3.5562467e-18,1.835934e-19,2.0247653e-19,2.060642e-17,1.8541631e-19,3.889231e-15,3.1343145e-22
2.7980287e-23,6.2981444e-24,1.2832637e-19,1.1007394e-29,2.8202208e-12,8.2293407e-19,5.4895975e-21,3.663267e-22
1.0550049e-18,1.6930154e-17,3.1060134e-20,7.136645e-18,2.656163e-23,1.19949e-22,1.8889193e-31,3.552176e-20
6.1812547e-16,2.4289379e-13,8.400041e-19,1.3588214e-30,2.2493521e-15,1.5637445e-21,8.0500933e-19,2.2283929e-23
7.832193e-23,8.420129e-18,1.432185e-19,4.6259197e-19,2.490022e-17,2.7116064e-19,4.369745e-15,6.6081896e-22
8.003453e-28,1.6413567e-27,9.444442e-22,5.337945e-34,2.9545373e-14,4.2586917e-25,1.5032068e-22,3.4645673e-23
5.8163417e-19,5.4470513e-18,1.35081236e-20,5.0884557e-18,7.548595e-24,9.6537756e-23,2.2430104e-31,2.9626033e-20
5.9477436e-16,1.3696683e-13,1.6147648e-18,2.2720762e-30,2.176831e-15,1.66623e-21,1.2920521e-18,3.0764348e-23
7.144297e-26,3.846057e-25,6.3312477e-22,2.8218923e-21,2.62563e-22,4.8163366e-23,6.7135695e-19,5.2614053e-27
2.36691e-27,1.2504425e-26,1.6936191e-21,1.6792874e-34,2.8891525e-14,8.570562e-25,1.445924e-21,2.428078e-23
1.2022777e-18,1.1460366e-17,1.9798836e-20,1.147883e-17,1.6994678e-23,2.3160055e-22,1.5394578e-31,2.3946543e-20
7.22805e-24,7.79939e-17,2.9915958e-21,3.3656275e-32,1.8056424e-21,7.854468e-27,6.606005e-27,4.6555736e-26
3.3350303e-25,1.2645756e-24,1.9708168e-22,1.852854e-20,1.0605146e-22,5.4311445e-23,2.3685903e-19,3.0697715e-26
3.1113986e-27,4.000897e-26,4.1292323e-21,3.1157348e-34,2.3973074e-14,1.2872072e-24,2.0921223e-21,5.680901e-23
1.6288449e-19,2.8023321e-24,2.3738128e-24,2.080705e-25,2.9718861e-27,3.117818e-25,6.3806677e-35,2.9913656e-22
6.022904e-24,1.1629078e-17,3.0389499e-21,4.0953724e-32,4.1846198e-22,3.7137723e-26,1.2375681e-26,5.0996697e-25
2.1634433e-24,2.5321112e-24,2.6427022e-22,2.6704214e-20,1.2250904e-22,1.4401212e-22,1.3154004e-19,1.00193076e-25
1.6906076e-25,1.599098e-24,9.9986445e-20,3.2436882e-32,2.7149992e-13,4.802778e-23,6.225398e-20,9.457854e-22
1.6055812e-19,6.322767e-25,6.7635465e-25,2.0187355e-25,5.142231e-27,9.896051e-25,7.7920926e-35,1.7619982e-22
1.0328024e-23,1.12974186e-17,6.863705e-21,8.1932955e-32,2.384361e-22,1.6085128e-25,6.408408e-26,2.3501876e-24
3.3576533e-23,4.8268395e-23,5.0659045e-21,6.3401517e-19,1.9304586e-21,4.424328e-21,1.8731313e-18,3.0314422e-24
1.6054967e-25,1.8072176e-24,1.1160679e-19,4.165614e-32,2.763441e-13,4.821318e-23,5.706409e-20,1.4480215e-21
2.248018e-19,1.5879859e-24,1.7985453e-24,7.565976e-25,6.3857593e-27,1.8888973e-24,3.7029349e-34,2.2576222e-22
1.8733205e-22,1.01584794e-16,6.573225e-20,7.912919e-30,4.1941947e-21,3.710859e-24,1.1968515e-24,5.084679e-23
5.1504082e-23,4.9074914e-23,6.477339e-21,7.029108e-19,1.4660852e-21,4.8797376e-21,1.3996284e-18,4.0433247e-24
6.49145e-25,3.1892124e-24,1.4566878e-19,4.17282e-31,5.9128803e-13,1.5021749e-22,1.1408622e-19,2.8722193e-21
3.0910412e-18,3.1438086e-23,4.34642e-23,2.5439635e-23,3.5002318e-25,8.926613e-23,4.4749883e-32,5.3582797e-21
2.5349554e-22,1.2349617e-16,8.210272e-20,8.132458e-30,3.7261986e-21,4.9352168e-24,1.6170283e-24,7.35817e-23
3.7824202e-23,1.5969844e-22,2.4249992e-20,9.454585e-19,1.3750661e-20,7.892003e-21,1.7476637e-17,5.8706946e-24
1.8755175e-20,6.3146326e-21,2.8123982e-17,2.5819516e-26,5.259562e-11,1.0746287e-16,2.7696817e-18,1.8003277e-19
3.452162e-18,3.7238072e-23,6.530899e-23,3.7772724e-23,3.745044e-25,8.807013e-23,5.990046e-32,4.9751654e-21
7.9325656e-22,5.7734216e-16,2.3376313e-19,4.7233462e-29,5.4023062e-20,6.4654803e-24,2.3643777e-24,5.1089242e-23
4.1528667e-20,6.2456054e-16,1.9282472e-17,6.7694324e-17,2.5311572e-15,4.2400994e-17,3.3926329e-13,2.53037e-19
4.1994477e-20,2.784627e-20,6.221609e-17,3.9076962e-25,2.5938043e-10,5.356434e-16,1.5200772e-17,3.9151242e-19
9.828181e-18,1.3227298e-22,1.4703412e-22,3.4695273e-23,1.6564172e-24,1.4909398e-22,1.7368912e-31,2.4009014e-20
6.576655e-14,3.969018e-12,1.9415117e-16,1.0767611e-26,1.073002e-13,6.3604275e-19,1.9577172e-16,1.7809413e-20
6.509892e-20,2.8143326e-15,4.827593e-16,2.0791513e-16,9.850116e-15,6.048232e-16,7.1744547e-13,9.023039e-19
1.3706518e-19,8.5040164e-20,1.5399393e-16,2.7531141e-24,7.0045814e-10,1.9073335e-15,3.6031547e-17,9.646947e-19
2.253714e-16,1.1079299e-15,5.1029186e-18,1.3327936e-15,9.174567e-21,1.00796404e-19,1.22826e-27,4.5130606e-18
2.5593299e-14,5.4482658e-11,4.010009e-16,6.5122064e-26,7.3000953e-13,7.822419e-18,1.8524056e-16,1.2058091e-19
1.9589022e-19,9.709805e-15,1.3277901e-15,6.412671e-16,2.26976e-14,1.3875895e-15,1.4157665e-12,4.1843725e-18
2.4204243e-20,1.4532633e-19,2.8661507e-17,3.8793454e-24,2.3954386e-10,9.408333e-16,1.0985486e-16,6.848412e-19
1.1293676e-16,3.9444524e-16,3.3417406e-18,5.196984e-16,1.5845822e-20,1.2819525e-19,8.4236614e-26,1.090948e-16
7.169663e-14,1.1768828e-10,1.2802154e-15,3.8350983e-25,2.3714195e-12,2.0434676e-17,5.617693e-16,2.8224333e-19
2.602023e-19,9.21205e-15,8.307894e-16,7.325791e-16,3.912887e-14,3.14363e-15,1.0029776e-12,5.342939e-18
6.483028e-20,2.4894114e-19,3.8139157e-17,7.59565e-24,8.034698e-10,2.6027825e-15,2.7883745e-16,2.1012276e-18
4.3188177e-16,1.5003762e-15,1.2398136e-17,2.0464185e-15,8.302205e-20,4.62472e-19,2.3158254e-25,2.8921156e-16
2.0999817e-14,7.424998e-11,2.3447094e-15,1.1242392e-24,2.4323002e-12,5.856937e-17,1.4357868e-16,3.3878697e-19
8.3637466e-20,9.544365e-15,4.7383586e-15,4.935557e-16,1.5654429e-13,9.91371e-15,5.6372823e-12,3.9680516e-18
9.108246e-20,7.5262127e-20,1.0512377e-16,1.2971044e-25,4.662425e-11,2.4776675e-16,3.0609104e-17,8.324059e-19
1.6539237e-16,1.2258848e-15,4.6168606e-18,3.4542732e-16,9.7785835e-20,1.1735038e-19,2.5034503e-25,3.8121573e-16
4.4975332e-14,7.5747114e-10,2.4872995e-15,1.6198991e-24,1.151184e-11,1.7790234e-16,1.8534447e-16,2.915028e-19
7.300087e-19,2.9854828e-15,3.0276164e-17,4.606205e-16,8.2961795e-15,2.51561e-16,5.346888e-13,1.541031e-18
1.7617109e-20,5.5685876e-20,5.676781e-17,3.3099482e-25,8.556196e-12,2.8639977e-17,3.1195555e-17,2.312241e-18
5.848899e-17,1.0499958e-15,9.127698e-18,2.595573e-16,1.5855806e-19,7.421552e-20,3.2524118e-24,2.3148746e-15
5.920032e-14,2.5494613e-12,7.3202594e-16,1.5549497e-25,1.1550517e-13,7.996445e-18,5.775272e-16,3.2562934e-19
6.767003e-18,1.0313342e-15,2.0113338e-17,5.9768106e-16,1.6499292e-15,6.899608e-16,3.390891e-14,1.8803263e-18
7.044082e-20,2.2135963e-19,1.8073491e-16,1.34803e-24,1.8666861e-11,5.2920077e-17,1.3110692e-16,1.2135814e-17
1.2975365e-15,1.6468231e-15,8.5610174e-18,2.5709582e-15,2.7303196e-20,9.744144e-19,1.1745566e-26,2.3315422e-17
1.1055234e-15,4.6827044e-13,4.9888044e-16,1.4970535e-24,3.0163406e-14,5.5519456e-17,6.3592454e-17,6.042757e-19
1.5686589e-17,1.1844575e-15,5.980662e-17,1.7401351e-15,4.6122558e-15,1.3800355e-15,1.2978175e-13,3.0990934e-18
1.7690707e-21,4.026062e-21,1.6195537e-16,1.6974308e-26,8.7020825e-12,9.210801e-19,4.1445167e-17,1.0373102e-18
5.4505516e-15,2.5621455e-16,1.9039938e-18,7.6972743e-16,3.3420417e-21,1.0754601e-18,1.452654e-26,1.2189687e-16
1.5774754e-15,9.328099e-13,1.6340946e-15,8.985542e-24,3.7387482e-14,7.793828e-17,8.581785e-17,1.797282e-18
4.481934e-20,2.5088212e-19,3.5297183e-17,8.432738e-16,8.521138e-18,9.098706e-18,4.328699e-15,2.0157165e-20
8.110124e-22,3.4450134e-21,4.3759128e-17,3.3934842e-26,2.3843285e-11,7.0048524e-20,2.4592386e-17,5.3246877e-18
1.8128404e-14,5.571701e-16,8.1043575e-18,9.54771e-16,1.8475111e-20,4.4735177e-18,9.6609804e-26,3.4392314e-16
3.5637006e-19,2.7913095e-14,1.1809282e-17,1.7923263e-24,1.142161e-17,3.06559e-21,3.5838464e-21,2.941186e-20
5.550836e-20,1.134712e-19,6.0508136e-17,2.7227636e-16,1.4087622e-17,2.5111204e-18,1.4620163e-14,4.8561726e-21
1.6340147e-21,8.149608e-21,5.496125e-17,1.4422294e-26,3.687606e-11,1.1516317e-19,8.788112e-17,5.1031134e-18
1.3345386e-15,1.7350872e-19,2.9141718e-19,5.9912246e-20,7.137995e-21,5.5229376e-19,2.8978199e-27,1.7424182e-17
5.3239743e-19,1.8497955e-13,2.1835251e-16,7.114385e-25,4.0517848e-17,4.039738e-21,1.4428659e-21,4.525693e-20
1.1042314e-19,1.8142886e-19,3.48151e-17,8.71557e-16,8.193823e-18,2.56676e-18,5.642782e-15,1.3027111e-20
3.0814063e-21,9.094181e-21,3.397761e-17,2.1116973e-26,1.6440425e-11,3.2501258e-19,7.6215085e-17,5.1346682e-18
3.3182331e-15,1.9836418e-19,3.2644895e-19,1.8972854e-20,5.1747745e-21,7.587064e-20,5.2194246e-27,1.4720566e-17
6.1581565e-19,8.211769e-14,1.305898e-16,8.351546e-25,2.5920987e-17,8.224437e-21,1.5754501e-21,1.0918332e-19
2.9771287e-19,1.8466807e-19,1.8613013e-17,1.0476712e-15,2.1149316e-17,3.5603053e-18,2.3277941e-15,8.65462e-21
6.017743e-22,3.3744138e-21,2.8922797e-17,4.8767077e-27,2.3561325e-11,4.955904e-20,4.237092e-17,2.5862896e-18
2.755617e-15,5.4637574e-20,1.637286e-19,2.6785832e-20,6.892804e-21,1.2871221e-19,3.3857887e-27,1.3971272e-17
6.3501487e-19,8.007938e-14,6.025753e-17,8.732569e-25,1.9941824e-17,8.220422e-21,2.4336165e-21,9.0431934e-20
5.1665914e-20,8.7003044e-20,1.7982291e-17,4.5781416e-16,3.6231106e-18,1.1965083e-18,3.0346264e-15,6.0398475e-21
2.9178604e-22,1.4682177e-21,1.0150921e-17,1.8063326e-27,1.27667495e-11,2.3959062e-20,1.9460559e-17,1.2736279e-18
2.8025053e-15,4.4080067e-20,3.6798836e-19,5.189524e-20,3.81877e-21,1.526386e-19,4.5105094e-27,2.5216811e-17
2.7982266e-19,4.711397e-14,7.201599e-17,3.051315e-25,1.3202631e-17,3.7532177e-21,6.9788936e-22,5.3274868e-20
3.125566e-20,4.0290136e-20,7.4958205e-18,2.361728e-16,2.0326446e-18,4.710289e-19,1.4209341e-15,1.7895964e-21
1.8528945e-22,1.0620131e-21,8.990884e-18,1.1224078e-27,1.0742605e-11,1.5890495e-20,1.4704738e-17,9.652285e-19
1.4463751e-15,2.8052577e-20,7.240926e-20,1.1393567e-20,2.9726886e-21,5.4816904e-20,1.0319103e-27,6.590204e-18
1.7918114e-19,3.7505904e-14,4.4966517e-17,7.2840106e-26,6.8359136e-18,1.4929496e-21,3.3373007e-22,2.8174298e-20
2.3330422e-20,3.382535e-20,6.1958144e-18,1.8505126e-16,1.3594259e-18,3.8036104e-19,1.2160991e-15,1.4902924e-21
1.1235973e-22,6.2839433e-22,5.368641e-18,6.8169465e-28,7.0121396e-12,1.1598802e-20,8.313781e-18,7.44725e-19
8.5714186e-16,9.8765365e-21,3.2239704e-20,5.249372e-21,9.962998e-22,1.8744874e-20,3.475572e-28,2.6860246e-18
1.2931707e-19,2.728589e-14,3.9208073e-17,4.931448e-26,4.8702976e-18,1.2058079e-21,2.632309e-22,2.4341652e-20
1.8740942e-20,2.112759e-20,3.559871e-18,1.4035864e-16,9.789561e-19,2.368943e-19,6.054973e-16,6.8480876e-22
4.267754e-23,2.5306655e-22,3.4547045e-18,3.4790738e-28,5.614009e-12,4.409148e-21,3.7774117e-18,3.2656483e-19
6.43475e-16,8.680907e-21,2.1907707e-20,3.809996e-21,7.639682e-22,1.5349981e-20,2.2088373e-28,1.8234971e-18
7.064965e-20,1.8745827e-14,2.0589134e-17,2.6019936e-26,2.9728522e-18,6.723247e-22,1.4529506e-22,1.4825418e-20
6.4450513e-21,1.1641933e-20,2.9654222e-18,5.320711e-17,5.5391633e-19,1.3094228e-19,7.981033e-16,3.3915758e-22
9.8417744e-23,4.7274185e-22,6.924941e-18,6.0338414e-27,6.3278636e-12,9.684214e-21,4.0149486e-18,1.4879031e-18
4.7238996e-16,3.9932225e-21,1.534237e-20,2.3359619e-21,3.5471755e-22,7.87952e-21,9.765082e-29,1.4678727e-18
4.3817024e-20,1.6623159e-14,2.295903e-17,1.0480532e-26,2.1154549e-18,3.2732257e-22,7.9083e-23,7.1951045e-21
1.7634523e-20,2.9429367e-20,1.8023084e-17,6.879289e-17,3.5969866e-18,3.471176e-19,5.63521e-15,4.7526423e-22
4.247517e-23,2.0966353e-22,1.3418159e-18,1.5308809e-28,3.3061462e-12,4.9701575e-21,3.414912e-18,2.1917665e-19
2.8949082e-16,4.3111195e-21,7.601139e-21,1.0181731e-21,2.2384901e-22,4.8039374e-21,4.9436837e-29,6.0510154e-19
1.2216156e-19,1.0129241e-13,1.2288947e-16,4.408582e-26,9.614879e-18,5.671896e-22,2.3631448e-22,1.24984074e-20
1.078997e-20,8.447526e-21,1.2190187e-18,5.60241e-17,5.1063234e-19,6.892676e-20,3.2329797e-16,1.7937235e-22
1.4349385e-23,5.9379283e-23,2.0024437e-19,1.2038962e-28,6.678456e-13,1.3759784e-21,5.178433e-19,1.3161534e-19
1.2719886e-15,4.650972e-20,5.856927e-20,2.121084e-21,6.550939e-22,9.2668285e-21,4.9632052e-28,1.9623284e-18
3.4773368e-20,1.3971108e-14,1.7570759e-17,3.9288724e-27,1.309024e-18,2.6051176e-22,5.9742816e-23,8.257193e-21
7.904959e-21,2.4902256e-21,4.2703522e-19,1.1008763e-17,7.1927795e-19,2.2080543e-20,2.3375277e-16,1.613597e-23
1.7392753e-19,1.724226e-20,1.2687508e-16,2.1258598e-24,8.831659e-11,1.7172263e-15,1.6709245e-17,1.1956231e-18
2.4965094e-16,1.6904499e-21,4.823678e-21,8.22299e-22,9.830369e-23,2.5759668e-21,2.5051839e-29,4.2303854e-19
1.6413999e-20,1.7753812e-14,1.4841569e-17,6.8241543e-28,7.819998e-19,5.334881e-23,2.5938911e-23,2.18884e-21
1.693654e-18,5.1496435e-15,5.525875e-16,3.7406915e-16,1.0692118e-14,3.5622519e-16,2.9953476e-13,7.95449e-18
2.2794396e-21,3.6729376e-21,3.4637967e-18,6.384498e-25,1.5059981e-12,6.2837644e-18,1.2008889e-18,1.293349e-18
1.8602446e-16,9.940561e-22,4.6705453e-21,2.3583177e-22,1.5144353e-23,5.02552e-22,1.3840535e-29,1.9299452e-19
5.573038e-13,3.462904e-11,4.5306966e-15,1.0639698e-24,7.8333683e-13,2.1408658e-17,7.672884e-16,7.118017e-19
5.645098e-18,1.9317757e-15,2.1351325e-17,1.9989739e-16,1.1334079e-15,8.931852e-17,2.3973396e-14,1.2978805e-19
2.662985e-20,3.9544916e-21,3.0957512e-17,8.150803e-25,9.3978774e-12,9.5390045e-17,3.3371165e-18,1.2034936e-18
9.548403e-16,8.458936e-15,4.9010332e-17,1.6328111e-15,3.3748938e-19,2.4810494e-19,5.732201e-26,1.1149631e-16
1.3068407e-15,1.2530275e-12,1.3761191e-15,5.137175e-26,3.7537607e-14,1.08476e-17,2.7454259e-17,2.8925415e-19
3.3456951e-18,2.1204674e-15,1.2810256e-16,1.794831e-16,2.121948e-15,1.4386925e-16,4.555664e-14,1.0306208e-18
4.498978e-20,1.8686118e-20,1.9345612e-17,2.4835162e-23,1.3077116e-10,2.81283e-15,3.6593934e-17,4.560773e-19
2.6636927e-15,2.1696753e-16,9.242444e-19,1.5702462e-16,6.524056e-22,5.328279e-20,1.145349e-27,1.4906648e-17
3.0449947e-14,7.495871e-12,1.550036e-15,2.3049234e-25,1.4535173e-13,1.7738589e-17,1.5914914e-16,5.236477e-19
3.729146e-19,9.890743e-15,7.4686834e-16,1.3503979e-16,3.2088457e-14,1.7387483e-15,3.49721e-13,2.1086961e-17
1.30201056e-20,8.146686e-21,5.2042593e-18,1.7931684e-23,1.4909823e-11,3.6610987e-16,1.8581939e-17,9.766771e-19
1.7730081e-15,9.546472e-16,5.8716084e-18,4.352176e-16,8.686405e-21,1.1857616e-19,1.00856814e-26,4.7497545e-17
1.2069386e-12,1.03566954e-10,1.4442698e-14,3.3357315e-24,3.2152267e-12,2.6466236e-17,2.6264896e-16,1.1327225e-19
1.3279349e-18,4.3059555e-15,2.690786e-16,1.03916086e-16,1.3327689e-14,1.1075031e-15,7.666045e-14,4.940167e-18
1.3248147e-23,3.812144e-23,6.024318e-20,2.71207e-28,2.683773e-13,1.0732207e-21,1.8894354e-19,1.3118226e-19
1.75976e-16,2.475039e-14,5.967763e-17,1.8825317e-16,4.4514046e-18,9.649845e-21,1.7334347e-25,2.0764724e-16
2.2282217e-13,4.4425824e-11,9.497948e-15,3.7128977e-24,1.6822683e-12,6.377367e-17,7.890334e-17,1.5795919e-19
1.3070018e-20,4.8924114e-21,3.4790635e-19,6.7407238e-18,2.3181495e-18,2.1136134e-20,2.6275216e-16,3.675581e-24
1.2863024e-19,2.3408156e-20,6.238816e-17,7.7745895e-24,2.5266633e-10,6.856896e-15,3.6263343e-17,5.1271694e-19
3.1231288e-16,5.8146004e-15,2.1231605e-17,8.2416637e-17,3.5981648e-19,7.492921e-21,5.1261337e-26,1.9857647e-16
3.8446583e-20,6.647063e-14,2.145346e-17,1.6222272e-28,1.8396154e-18,2.7718206e-23,4.646691e-23,2.4157004e-21
2.846068e-19,7.192491e-15,9.782968e-16,2.6015008e-16,2.7558707e-14,6.22591e-16,7.662161e-13,1.8280111e-17
3.056893e-19,3.620137e-20,1.6136335e-16,9.460876e-24,3.4725692e-10,7.672449e-15,3.7314548e-17,9.795987e-19
2.2919137e-16,9.151806e-22,5.9732627e-21,1.8211228e-22,5.3380537e-24,2.4543682e-22,1.14594216e-29,1.3053432e-19
3.149474e-12,1.21397e-10,9.5771525e-15,2.9767013e-24,4.488694e-12,1.6156035e-17,6.0370987e-16,1.7665234e-19
5.747044e-19,9.941544e-15,1.534276e-15,4.498146e-16,2.7444984e-14,6.2184093e-16,1.0155768e-12,1.7541225e-17
6.0228442e-21,1.8920876e-21,3.9623796e-18,1.3199965e-24,2.8839084e-12,4.0133582e-17,3.254147e-18,9.783551e-19
1.7785009e-16,3.3599178e-14,1.1183326e-16,8.635613e-16,5.1289524e-18,4.498807e-20,8.297146e-26,1.4042076e-16
3.102474e-12,1.4038826e-10,9.1512466e-15,2.7426424e-24,3.9928755e-12,1.9051137e-17,1.0889902e-15,4.0596711e-19
3.2270621e-18,1.2326654e-15,5.918927e-17,7.147683e-17,2.0803663e-15,2.2309696e-16,1.1656767e-14,6.765734e-19
1.371927e-21,1.0402448e-21,5.6929527e-19,2.6142837e-24,2.6711504e-12,4.463429e-17,3.806152e-18,2.811816e-19
4.2315696e-16,2.3782117e-14,1.190477e-16,1.915383e-15,3.1028434e-18,1.4379606e-19,1.5139947e-25,1.6934296e-16
1.8341292e-14,8.443281e-12,1.9304423e-15,3.7777585e-25,1.8039629e-13,3.4650404e-17,4.3529874e-17,2.5433084e-19
5.163205e-19,1.0068901e-15,4.177214e-17,2.180885e-17,3.4363091e-15,3.8583005e-16,1.04754386e-14,7.4690144e-19
3.8333818e-20,1.0592178e-20,1.836104e-17,6.593277e-24,1.3865216e-10,2.9195966e-15,2.1441924e-17,2.337239e-19
7.8130335e-16,6.033599e-16,3.8763094e-18,7.1185946e-17,6.910285e-21,1.558582e-20,6.561076e-27,6.9007893e-17
2.7979243e-14,1.3741782e-11,2.513971e-15,4.826944e-25,4.1063079e-13,2.3928042e-17,1.2983622e-17,3.1803867e-20
1.2895057e-19,5.4696937e-15,5.200871e-16,1.00494404e-16,1.8566025e-14,6.0365227e-16,4.1364072e-13,1.1414945e-17
1.7559676e-20,4.1806326e-21,1.07341135e-17,2.682402e-24,1.5335419e-11,2.3333317e-16,6.331044e-18,7.6378864e-19
1.2114174e-16,1.0235347e-15,3.2922167e-18,1.1748577e-17,2.915983e-20,9.053505e-22,5.0463694e-27,6.987916e-17
1.5952512e-12,8.154485e-11,7.655842e-15,1.64668975e-24,3.2226923e-12,1.1763466e-17,2.1080457e-16,6.459897e-20
1.2298219e-18,2.6847175e-15,1.5940737e-16,1.04451815e-16,4.4988863e-15,3.4717898e-16,4.3125575e-14,2.0201756e-18
7.0495966e-19,5.5425e-20,3.9875699e-16,3.9038845e-24,2.7371327e-10,6.767581e-15,4.827369e-17,1.6413765e-18
8.284249e-17,1.8694981e-14,4.6842044e-17,2.0834864e-16,3.4885937e-18,9.430118e-21,4.3705877e-26,9.979836e-17
9.804367e-14,2.1015115e-11,3.0217695e-15,5.9522104e-25,5.0487067e-13,2.3492282e-17,1.06548916e-16,2.1064591e-19
1.7012299e-18,8.936292e-15,1.1472977e-15,7.439027e-16,2.5914995e-14,5.635035e-16,1.073371e-12,1.7800884e-17
2.0704737e-19,3.9037584e-20,2.358001e-16,1.1874016e-24,2.0078873e-10,2.3855247e-15,1.680276e-17,8.5175915e-19
5.268183e-16,1.8332993e-15,1.0700875e-17,1.4872124e-16,6.230696e-20,1.9569741e-20,1.5182739e-26,9.247778e-17
1.8310308e-12,7.071401e-11,6.541997e-15,2.3457901e-24,1.6968116e-12,2.611014e-17,2.105162e-15,1.1462152e-18
1.2943805e-18,6.755613e-15,4.4108245e-16,9.003352e-16,1.10698406e-14,2.4240977e-16,6.3222864e-13,5.9476466e-18
5.078282e-23,3.1888386e-22,2.7005832e-18,2.32769e-28,4.453278e-12,7.728325e-21,4.072143e-18,2.5910086e-19
1.3075587e-15,1.8392402e-14,1.1727538e-16,4.5711632e-15,1.2569566e-18,7.2188104e-19,2.0576567e-25,1.83269e-16
4.026309e-13,2.1788791e-11,3.8644006e-15,3.4686502e-25,4.7611204e-13,7.169881e-18,1.092077e-15,7.394512e-19
1.67221e-20,1.4181742e-20,1.8415954e-18,7.857025e-17,5.1173213e-19,1.3981975e-19,4.178156e-16,3.116562e-22
2.5757186e-23,1.6652254e-22,1.0853308e-18,5.338817e-28,1.5717986e-12,3.7232712e-21,1.108943e-18,4.1465055e-19
1.1771423e-15,9.067259e-15,4.2633408e-17,5.113722e-15,3.070122e-19,6.258403e-19,3.3720377e-26,4.79216e-17
3.865659e-20,1.4776175e-14,3.0396982e-17,5.2917787e-27,1.2064768e-18,5.145737e-22,1.1274788e-22,1.7140544e-20
2.4739415e-20,8.46753e-21,2.0398683e-18,3.0998517e-17,1.1856627e-18,1.1754124e-19,5.972184e-16,9.514662e-23
4.470769e-19,1.6058261e-19,3.516844e-16,1.3317406e-24,2.3211895e-10,1.4407858e-15,5.2849466e-17,3.3164055e-18
3.5168173e-16,3.9153593e-21,6.9222626e-21,1.634339e-21,1.4740702e-22,5.9119422e-21,4.478359e-29,5.056835e-19
3.634888e-20,3.5673958e-14,5.4094505e-17,2.8559095e-27,1.4039598e-18,2.5870245e-22,1.2815741e-22,1.01695475e-20
1.776831e-18,8.074437e-15,2.7829125e-16,1.339767e-15,2.6149803e-14,4.716463e-16,2.1782589e-12,6.8657844e-18
3.3251207e-18,3.6405788e-19,1.2501586e-15,7.4176345e-23,1.0668676e-09,4.6128388e-14,3.1128167e-16,1.0298549e-17
5.1665823e-16,1.0487281e-20,1.9004361e-20,1.2391159e-21,6.4253074e-23,2.9102027e-21,7.547425e-29,4.549635e-19
4.614152e-13,1.8467622e-11,3.836508e-15,6.455298e-25,5.2955015e-13,1.3949013e-17,2.6440125e-15,6.869842e-19
6.475891e-18,4.0962537e-14,7.2392315e-15,3.4063172e-15,1.2479465e-13,2.8972078e-15,3.355758e-12,1.6343869e-16
9.4173355e-18,1.4735785e-18,3.708158e-15,7.885766e-23,1.814118e-09,2.882954e-14,9.785096e-16,4.5690145e-17
3.1656158e-15,1.6252584e-14,8.193327e-17,1.6410011e-14,2.8122773e-19,2.7060281e-18,9.5748344e-26,6.026649e-17
1.31488405e-11,3.44853e-10,3.953932e-14,3.8866792e-23,1.0847944e-11,1.4019703e-16,8.757098e-15,4.316787e-18
1.13882405e-17,4.619918e-14,1.3017166e-14,6.412944e-15,2.6369542e-13,7.832763e-15,1.0684286e-11,1.440274e-16
1.1788577e-17,2.2262321e-18,3.6068437e-15,1.9796174e-22,3.191044e-09,4.2248638e-14,1.3877059e-15,7.709113e-17
3.5230624e-15,1.3366901e-13,1.0027045e-15,1.6444603e-14,2.3071756e-17,1.6701399e-18,2.3162948e-24,1.0544714e-15
4.98289e-12,5.7192734e-10,2.2160986e-14,5.2892672e-23,1.1876586e-11,4.3708936e-16,1.7561875e-14,9.923495e-18
1.0311915e-17,7.6362744e-14,3.25107e-14,8.338664e-15,4.4519336e-13,1.5260872e-14,1.8112532e-11,1.5599889e-16
8.336712e-18,8.576675e-18,2.5144505e-15,8.512283e-22,4.3468904e-09,6.216755e-14,5.5548747e-15,1.279497e-16
9.186958e-15,6.7061e-14,8.22107e-16,4.215712e-14,5.6240345e-18,1.2489656e-17,2.2255046e-23,2.973038e-15
3.5945149e-12,1.584029e-09,2.7904682e-14,7.772932e-23,2.8267281e-11,8.792978e-16,1.8289171e-14,1.1733304e-17
1.2517226e-17,1.3905663e-13,7.776794e-14,1.5941453e-14,1.4297938e-12,6.3133547e-14,4.528477e-11,2.9368083e-16
3.779388e-17,3.5187593e-18,1.3104305e-14,3.453011e-22,2.9921847e-09,1.0473007e-13,1.7758714e-15,7.111239e-17
1.066861e-14,5.0105136e-14,7.899704e-16,3.9170165e-14,5.6094e-18,1.2448464e-17,5.631555e-23,7.856703e-15
2.8981073e-12,3.2559992e-09,6.607788e-14,3.0169328e-22,7.2512135e-11,2.8553608e-15,1.26252395e-14,1.8808294e-17
5.47756e-17,1.516582e-13,2.250967e-14,1.8498759e-14,3.7749003e-13,1.0600132e-14,1.2659885e-11,7.315877e-16
5.512479e-18,2.3217159e-18,2.5529565e-15,2.044241e-23,8.2555707e-10,9.886707e-15,8.256049e-16,2.3991656e-17
5.612791e-15,7.060595e-14,8.8378385e-16,2.4113497e-14,1.4367063e-17,8.25771e-18,3.047725e-22,2.2367794e-14
1.9365828e-11,5.3250754e-10,7.454616e-14,2.6925335e-22,1.8748286e-11,7.5732866e-16,5.6650424e-14,3.4951627e-17
1.5511228e-17,4.5088882e-14,1.7876298e-15,8.304e-15,1.6481411e-13,3.1932443e-15,1.0481072e-11,8.396558e-17
4.9277635e-18,5.754572e-18,2.4128434e-15,1.4170373e-22,2.790527e-10,5.7608845e-15,1.2738679e-15,1.3874776e-16
3.4920427e-14,2.50704e-13,2.8742117e-15,1.4196135e-13,3.4984307e-17,4.7806027e-17,3.5849364e-23,4.2714525e-15
2.2898734e-12,7.206279e-11,2.0859977e-14,1.9437353e-23,2.9926025e-12,1.559852e-16,1.5164627e-14,8.6542035e-18
1.5770173e-16,1.1983337e-13,2.1027623e-15,2.5302077e-14,2.1172686e-13,1.09450895e-14,5.92528e-12,1.3323557e-16
7.025297e-20,2.610125e-19,1.6179921e-15,1.893341e-24,2.565674e-10,4.4873787e-18,1.3096703e-15,9.81264e-17
1.6826357e-14,6.0033345e-14,4.342756e-16,5.739161e-14,3.047429e-18,2.4604487e-17,3.1048467e-24,5.5199755e-16
6.3552326e-13,3.8940937e-11,4.828012e-14,1.3070504e-22,2.829267e-12,9.91832e-16,1.545181e-14,3.7281252e-17
2.1246665e-18,3.4506348e-18,1.0119305e-15,5.9887495e-15,3.4687188e-16,1.0717057e-16,1.8075312e-13,5.2946073e-19
3.1030414e-20,1.3156916e-19,2.6650534e-16,2.5952146e-25,8.920319e-11,2.5482726e-18,9.097327e-16,5.5326644e-17
1.05408426e-13,5.774286e-14,5.7542707e-16,6.932514e-14,2.3905313e-18,5.3130238e-17,5.135358e-24,2.117331e-15
1.6839078e-17,1.7829777e-12,2.628405e-15,1.1111892e-22,1.0426318e-15,2.9503795e-19,1.1137074e-19,2.3958172e-18
3.7529226e-18,1.433175e-18,1.518606e-16,6.711637e-15,1.1138961e-16,2.4612657e-17,1.3506337e-14,2.311411e-19
7.708803e-21,2.9908098e-20,8.271176e-17,3.8190667e-26,5.266558e-11,6.217499e-19,3.2917553e-16,1.4350249e-17
5.930293e-14,6.7905085e-18,9.4756765e-18,1.1083806e-18,2.8161527e-19,6.1664578e-18,9.935087e-25,5.870517e-16
6.6327506e-18,5.0223616e-13,7.2595536e-16,1.7942152e-23,1.920518e-16,1.6998408e-19,4.2491602e-20,1.6121736e-18
8.402637e-19,4.4383296e-19,5.4959362e-17,2.3218346e-15,3.415122e-17,6.1793146e-18,7.8125305e-15,5.7493873e-20
1.7434927e-20,1.8605368e-22,4.4033437e-16,4.989129e-23,1.2284742e-14,2.316765e-15,1.1151243e-17,6.916407e-20
2.3089845e-14,7.524781e-19,3.584864e-18,6.062313e-19,5.353094e-20,1.336753e-18,1.3008406e-25,1.9044681e-16
2.1756074e-18,2.2790098e-13,3.7452179e-16,3.0732311e-24,7.5307046e-17,4.4126163e-20,9.101712e-21,5.113692e-19
1.7178527e-18,1.9313612e-17,2.6020466e-16,4.0955953e-15,2.0942835e-16,6.914518e-17,1.0133018e-15,6.7228174e-20
3.1449652e-20,3.8742952e-20,3.978892e-17,1.00736515e-25,1.27750805e-11,4.346099e-18,2.8099863e-16,1.6289522e-17
8.085996e-15,2.3256503e-19,7.327373e-19,1.291593e-19,1.6621425e-20,3.7965072e-19,1.9138311e-26,4.9653733e-17
2.0730035e-18,2.188919e-14,3.7089153e-19,2.960667e-23,3.3001495e-19,9.785477e-22,1.7068779e-19,4.5791404e-22
6.4632063e-18,6.657488e-19,2.4313479e-17,3.7149827e-15,2.0940759e-16,1.0582986e-17,2.4210586e-15,2.9151932e-20
3.3555205e-20,4.581085e-20,3.9355526e-17,9.981275e-26,1.6613736e-11,3.625018e-18,3.2150115e-16,1.842545e-17
3.8840103e-16,5.136023e-17,1.6563159e-17,1.9758266e-18,8.697778e-21,7.432839e-17,2.9452637e-26,2.8367152e-18
3.269701e-18,3.2138945e-13,1.5324737e-16,3.511923e-24,6.793051e-17,5.0441745e-20,2.5713147e-20,5.632684e-19
5.898436e-18,6.7112906e-19,2.5639922e-17,3.831988e-15,2.1387692e-16,9.820237e-18,2.9073269e-15,2.842681e-20
7.041579e-21,2.2331363e-20,5.4529586e-17,4.1440238e-26,3.5671563e-11,6.6543397e-19,1.9398905e-16,1.378503e-17
1.0563762e-14,1.965624e-19,2.581066e-18,4.1219974e-19,6.954235e-21,5.815853e-19,3.6256673e-26,1.3045636e-16
3.5611883e-18,3.4360633e-13,2.029524e-16,3.5785133e-24,7.9118244e-17,5.475316e-20,2.2726076e-20,6.305251e-19
9.594283e-19,4.1337126e-19,3.801322e-17,2.1377017e-15,3.8175983e-17,5.2179757e-18,4.508181e-15,2.6310168e-20
3.1057871e-21,7.3952936e-21,7.482592e-18,6.792032e-27,1.0636847e-11,2.2401853e-19,6.99501e-17,3.7810442e-18
1.1318573e-14,1.667777e-19,2.3113414e-18,3.762152e-19,8.108118e-21,5.0940274e-19,3.9278706e-26,1.3855576e-16
1.6756409e-18,2.0665346e-13,2.7984015e-16,2.0111194e-24,5.757913e-17,3.198588e-20,7.15427e-21,4.066801e-19
6.2306997e-19,1.177989e-19,6.3088395e-18,7.454793e-16,2.2654528e-17,1.0557255e-18,1.3651497e-15,3.3782133e-21
1.4115996e-21,4.0075976e-21,7.9218765e-18,3.715938e-27,9.747749e-12,1.3826199e-19,4.3146657e-17,3.1265829e-18
6.4695805e-15,1.4549996e-19,7.176719e-19,1.1169239e-19,1.0095836e-20,2.4951252e-19,1.2819479e-26,5.2045198e-17
7.527738e-19,1.2842226e-13,1.260088e-16,2.0920542e-25,2.1307468e-17,7.8048506e-21,2.1629266e-21,1.6857699e-19
3.1663941e-19,7.6570785e-20,5.6233905e-18,5.4376736e-16,1.1207749e-17,9.292078e-19,8.84293e-16,3.0090957e-21
2.6154546e-21,7.2178665e-21,1.4412019e-17,8.6137186e-27,1.5971608e-11,2.2207346e-19,6.79891e-17,3.794931e-18
2.9025727e-15,1.946031e-20,1.7135782e-19,2.9123588e-20,1.4224918e-21,4.870869e-20,2.4689359e-27,1.4281493e-17
4.1643702e-19,7.6575546e-14,6.730398e-17,1.5863564e-25,1.3313136e-17,5.4809347e-21,1.4073358e-21,9.5045566e-20
3.1094655e-19,1.374794e-19,9.605127e-18,7.6088176e-16,1.4870585e-17,1.4308806e-18,1.8054414e-15,4.5281256e-21
1.504877e-21,3.5368543e-21,3.2428454e-18,2.5177848e-27,6.8180045e-12,1.1691205e-19,3.785795e-17,1.8019433e-18
1.9521996e-15,1.7875434e-20,1.3390132e-19,2.170292e-20,1.0342424e-21,3.6108133e-20,1.1866528e-27,1.1249727e-17
6.203781e-19,1.01878724e-13,1.0518634e-16,2.9992225e-25,2.1147943e-17,7.593373e-21,1.856518e-21,1.3029702e-19
3.312472e-19,5.684465e-20,3.0072066e-18,3.7587148e-16,1.3863234e-17,4.988416e-19,8.4420725e-16,1.4936161e-21
1.0722059e-21,2.4810943e-21,2.278035e-18,1.4985481e-27,5.0257567e-12,8.486905e-20,2.6388205e-17,1.3844362e-18
2.772974e-15,2.4018818e-20,1.7071125e-19,2.8017073e-20,2.1672132e-21,6.212943e-20,2.3895905e-27,1.5578769e-17
4.403841e-19,9.2212316e-14,8.2794466e-17,7.025088e-26,1.2375077e-17,3.8476936e-21,1.1234178e-21,8.4987625e-20
2.8201945e-19,4.240012e-20,1.9117447e-18,3.0369408e-16,1.0105871e-17,3.6302892e-19,5.1617754e-16,9.377024e-22
3.1920518e-22,7.189449e-22,4.245112e-19,2.6341895e-28,1.5864001e-12,2.3665301e-20,7.550376e-18,4.3998274e-19
1.8129017e-15,1.0158923e-20,9.011546e-20,1.4461561e-20,6.166822e-22,2.2590374e-20,9.738042e-28,7.1468066e-18
3.3472763e-19,6.997916e-14,5.668428e-17,4.0642274e-26,8.640349e-18,2.6990649e-21,8.659008e-22,6.527398e-20
1.4503115e-19,1.083183e-20,4.0059357e-19,8.7701944e-17,5.046547e-18,1.0568331e-19,1.5516208e-16,1.5709543e-22
1.4011802e-22,4.240994e-22,8.186602e-19,2.202888e-28,2.3456118e-12,1.469911e-20,5.819185e-18,3.8702351e-19
1.3247494e-15,6.4442394e-21,6.188013e-20,1.1449817e-20,3.663672e-22,1.489361e-20,5.543746e-28,5.0560468e-18
1.2545704e-19,3.8443478e-14,2.3637278e-17,5.3100797e-27,2.830597e-18,7.0443704e-22,2.936015e-22,2.1897763e-20
4.7770223e-20,1.2533642e-20,7.2672733e-19,8.719489e-17,1.7399068e-18,9.335097e-20,2.0156209e-16,2.1943985e-22
2.3639922e-22,4.5335157e-22,1.802018e-19,9.936508e-29,9.176547e-13,1.6832436e-20,5.5750546e-18,2.6192816e-19
5.330933e-16,1.5248482e-21,2.1076071e-20,3.5189556e-21,5.79958e-23,3.634248e-21,1.1787926e-28,1.5215096e-18
8.1741465e-20,2.4067364e-14,2.017212e-17,5.559823e-27,2.3231688e-18,5.7172105e-22,1.7787804e-22,1.5954635e-20
1.286538e-19,5.7700824e-21,1.5357016e-19,6.068683e-17,4.0419796e-18,5.564935e-20,7.0102895e-17,7.532549e-23
2.0673382e-21,6.3701575e-21,7.783664e-18,1.7485769e-25,4.2688036e-12,4.678253e-19,1.0141863e-17,7.956159e-18
3.8173525e-16,1.9055533e-21,1.175358e-20,2.055582e-21,8.9428705e-23,2.9999607e-21,5.337287e-29,1.00833e-18
9.041848e-20,2.7960888e-14,1.2028747e-17,2.1588398e-27,1.7485965e-18,4.1556357e-22,1.9496994e-22,1.4371043e-20
1.4688921e-18,9.61851e-18,3.2992337e-17,3.6500685e-16,2.7285449e-16,8.764304e-18,3.226164e-14,8.860534e-21
7.448858e-22,2.3224566e-21,5.5027094e-18,3.9814244e-26,4.990899e-12,7.050077e-20,9.2291295e-18,5.8445464e-18
3.670188e-16,5.9707764e-22,1.2534312e-20,2.2424913e-21,2.345317e-23,1.8718429e-21,5.3985947e-29,1.0031237e-18
2.6130963e-17,9.790879e-13,1.4601011e-15,1.5543209e-25,9.037762e-16,1.1687593e-19,1.5334948e-19,3.1236248e-19
3.0793998e-19,3.753565e-19,2.6978454e-17,2.2502177e-16,5.68571e-17,1.3023198e-18,1.3950231e-14,1.0965403e-21
1.879971e-22,6.2563884e-22,1.7785874e-18,6.1983625e-27,2.498239e-12,1.535162e-20,3.5262304e-18,2.239144e-18
6.236348e-15,4.664801e-18,9.479577e-19,7.085913e-19,1.8823256e-21,6.4395e-20,4.125331e-27,1.3225667e-17
1.9502762e-18,6.4065555e-13,6.779205e-16,7.684386e-26,9.2419235e-17,4.566061e-21,4.6606668e-21,1.2489453e-19
8.9071364e-20,5.880344e-20,8.40434e-18,8.707291e-17,1.5568373e-17,2.9869233e-19,4.3250845e-15,1.8167999e-22
2.886297e-23,8.0875364e-23,1.0831381e-19,2.2298403e-29,6.2480457e-13,2.8721425e-21,1.3609878e-18,9.0747794e-20
4.082913e-15,2.6814776e-19,3.485732e-19,2.1225902e-20,1.1856426e-21,2.3877035e-20,2.2971264e-27,6.13977e-18
3.8071815e-19,2.7687382e-13,2.3534808e-16,1.3781811e-26,1.8224688e-17,6.6451467e-22,6.938359e-22,3.942158e-20
1.8028765e-20,2.1426345e-21,1.1490208e-19,2.2234325e-17,6.1816463e-19,1.5362692e-20,4.770219e-17,2.6291868e-23
3.8353673e-22,1.3640264e-21,2.9700183e-18,2.7574944e-26,2.1058077e-12,1.0983122e-19,2.8251063e-18,2.3736568e-18
1.6831002e-15,4.1059407e-20,1.0157495e-19,3.0402252e-21,2.9217588e-22,6.2073725e-21,4.4798816e-28,1.8771514e-18
2.1819802e-20,1.0453245e-14,5.493691e-18,4.6886654e-28,5.95918e-19,9.154561e-23,3.6136737e-23,3.6588836e-21
3.2794423e-19,2.7670838e-18,1.2172116e-17,1.2017975e-16,6.3535716e-17,2.6083648e-18,1.2604065e-14,2.2609677e-21
1.0431428e-19,4.656209e-20,8.764709e-17,5.06897e-24,1.7614937e-11,2.2809327e-16,2.966883e-17,1.1680785e-17
1.2901818e-16,2.643015e-22,2.4662043e-21,4.1352207e-22,9.2850025e-24,4.67277e-22,5.974397e-30,2.1524263e-19
7.151825e-18,3.754486e-13,5.0530243e-16,2.524345e-26,2.6613757e-16,2.804038e-20,3.5820304e-20,8.711463e-20
2.7324183e-17,7.382548e-15,3.004607e-16,1.2975564e-15,1.1734532e-14,6.608235e-16,2.1685163e-13,4.0650815e-18
1.7050077e-22,3.963672e-22,1.1322431e-19,5.282516e-29,5.8621006e-13,1.3997392e-20,4.748303e-18,2.0378838e-19
2.146232e-15,1.3929333e-18,2.2721062e-19,1.6427851e-19,4.63151e-22,1.6283097e-20,5.615345e-28,3.4778445e-18
4.9710378e-14,1.1595316e-11,7.27339e-15,2.5953545e-24,3.6712086e-13,1.1150057e-16,5.143692e-16,3.69371e-18
1.9148167e-19,3.903816e-21,8.6500694e-20,5.833213e-17,3.3726428e-18,4.3747046e-20,3.745745e-17,6.1434556e-23
2.5425674e-22,8.656893e-22,8.18323e-19,4.0375518e-28,2.2660246e-12,2.6697692e-20,8.645756e-18,5.7488856e-19
1.0362484e-14,3.9102365e-15,2.545971e-17,1.9642338e-15,3.839514e-20,8.5573246e-19,7.207915e-26,2.2601714e-16
6.8869727e-20,2.2050687e-14,9.460905e-18,1.1632481e-27,1.0422047e-18,3.7723205e-22,2.0312218e-22,1.4995027e-20
1.7675142e-19,1.424002e-20,8.167573e-19,1.1418698e-16,4.3185334e-18,1.7140488e-19,2.5385048e-16,3.5097171e-22
1.7225807e-22,3.940064e-22,1.5419063e-19,6.69359e-29,7.994055e-13,1.4741898e-20,5.02346e-18,2.2854147e-19
3.3580116e-16,4.8161556e-22,1.0065342e-20,2.630052e-21,1.20731635e-23,1.5076122e-21,3.9586563e-29,6.869842e-19
1.4410412e-19,4.568272e-14,4.3354706e-17,7.918336e-27,3.040462e-18,1.2042449e-21,4.851467e-22,3.3690776e-20
1.6156143e-19,4.186985e-21,1.3679723e-19,5.800992e-17,3.4163062e-18,5.1961803e-20,5.784926e-17,8.2631085e-23
2.6637952e-22,9.286428e-22,1.3962849e-18,4.834972e-28,2.9614067e-12,2.963078e-20,1.1323262e-17,8.1084044e-19
7.548453e-16,5.043614e-21,3.0984283e-20,6.564225e-21,1.0007214e-22,6.4953025e-21,1.9113342e-28,1.5186913e-18
8.3623107e-20,2.7819706e-14,1.24929435e-17,1.4304594e-27,1.3131551e-18,4.22954e-22,2.260268e-22,1.4574653e-20
1.4792718e-19,2.0501638e-20,1.2013746e-18,1.6260101e-16,3.2706986e-18,1.6943186e-19,2.5937716e-16,5.573236e-22
7.8368593e-22,4.836631e-21,2.950585e-17,4.9156315e-27,2.3381939e-11,1.2294884e-19,5.731156e-17,2.5310374e-18
4.2407483e-16,8.1138683e-22,1.2433923e-20,3.259347e-21,1.6826633e-23,1.8837912e-21,5.196414e-29,7.2496906e-19
1.7352924e-19,4.0092865e-14,3.31866e-17,1.2525622e-26,3.682006e-18,1.3706191e-21,5.0781877e-22,3.6982463e-20
1.8242752e-19,1.3409863e-19,1.7190074e-17,6.275147e-16,4.992512e-18,1.644918e-18,2.7131228e-15,9.916175e-21
6.2116595e-21,2.684004e-20,2.1727815e-16,1.3071979e-25,7.585681e-11,6.4944173e-19,1.8029766e-16,1.8384307e-17
7.5359097e-16,4.471515e-21,2.7428362e-20,5.738123e-21,1.4907977e-22,5.8879508e-21,1.5819968e-28,1.733011e-18
4.987046e-19,8.659142e-14,2.0474091e-16,2.0264512e-25,1.31327595e-17,1.03196904e-20,2.508436e-21,1.816477e-19
5.2017356e-19,5.315837e-19,1.6786175e-16,1.0157244e-15,6.571379e-17,1.8961089e-17,2.7861497e-14,6.773943e-20
4.0636023e-21,1.742914e-20,5.862861e-17,3.317923e-26,4.2990545e-11,4.8771184e-19,1.7045837e-16,8.675689e-18
2.7165092e-15,9.848663e-20,1.1416808e-19,3.209858e-20,2.8551886e-21,8.593172e-20,1.82939e-27,5.9713126e-18
4.579342e-18,6.9140706e-13,9.043798e-16,5.419118e-24,1.737229e-16,5.8634775e-20,2.8186338e-20,4.012711e-19
5.913099e-19,4.2847932e-19,4.8734593e-17,1.6834277e-15,2.1979393e-17,3.7043923e-18,7.191175e-15,2.89877e-20
7.83486e-21,2.4839652e-20,7.003154e-17,4.407693e-25,2.0153646e-11,2.0081435e-18,6.848863e-17,2.0467522e-17
1.3032494e-14,2.267328e-18,2.1102804e-18,3.5936523e-19,2.558585e-20,6.829654e-19,7.726212e-26,6.8296604e-17
1.6484106e-18,2.251943e-13,4.999778e-16,1.2085645e-24,5.356799e-17,3.0580576e-20,6.7464754e-21,4.364955e-19
2.7413537e-18,1.6182867e-17,1.4171011e-16,1.3658945e-15,4.200482e-16,3.522683e-17,7.302668e-14,6.872774e-20
2.6049352e-17,2.7215772e-18,8.8985665e-15,1.3754056e-22,2.2511057e-09,6.345382e-14,1.2330417e-15,6.5900566e-17
6.7627293e-15,2.1922264e-19,4.147755e-19,8.258615e-20,1.1109106e-20,1.9924922e-19,9.668128e-27,2.4977849e-17
4.9084232e-17,1.8278378e-12,3.5615063e-15,1.2475518e-24,1.3146707e-15,4.2686095e-19,4.5588074e-19,1.2458292e-18
4.1149628e-17,1.0286319e-13,1.2007264e-14,1.7210605e-14,3.0555384e-13,5.800998e-15,1.3135154e-11,3.3421776e-16
4.5978544e-21,2.2523432e-20,1.7243018e-16,7.5219126e-26,8.3337996e-11,4.594563e-19,1.9771857e-16,1.3751625e-17
1.9224038e-14,2.449333e-17,2.930706e-18,2.3983957e-18,1.370918e-20,4.7495325e-19,3.2877353e-26,4.430823e-17
1.3592753e-11,3.5486117e-10,5.596566e-14,1.0403833e-22,1.1923593e-11,4.1987034e-16,4.2825e-14,2.498204e-17
2.0324651e-19,5.0806953e-19,1.0186186e-16,1.6159564e-15,1.9474745e-17,7.875836e-18,1.1543925e-14,5.7567835e-20
2.8174774e-17,1.0700548e-17,1.1702926e-14,3.5528498e-22,1.8540699e-09,4.531684e-14,2.6471008e-15,1.3925785e-16
3.5648994e-14,1.955e-13,1.948829e-15,1.4860067e-13,1.7169889e-17,3.8306837e-17,1.4329254e-23,2.2986746e-15
1.9451495e-18,1.9957351e-13,2.7374482e-16,4.078178e-24,8.4054355e-17,3.1438137e-20,7.015385e-21,2.1477348e-19
1.1966555e-16,2.0386793e-13,1.2174503e-14,4.2422737e-14,5.516764e-13,1.1910096e-14,2.5320026e-11,5.961918e-16
2.5937405e-17,1.1324687e-17,8.910999e-15,7.013134e-22,1.8955453e-09,6.7050125e-14,2.5259098e-15,1.6625518e-16
6.585464e-15,2.7166695e-19,6.695309e-19,1.010987e-19,2.5059505e-20,3.1814925e-19,1.5932326e-26,4.7651443e-17
8.859019e-12,1.8575698e-10,9.303095e-14,3.067577e-22,1.1781487e-11,7.6927246e-16,5.4088705e-14,5.2814195e-17
2.310462e-16,3.7935437e-13,1.8004454e-14,7.552004e-14,6.5941805e-13,1.1791474e-14,2.680967e-11,6.990346e-16
4.6862344e-20,1.1853635e-19,1.2007624e-15,2.7662944e-24,9.4394166e-11,9.95113e-18,7.249287e-16,4.2253732e-17
6.7083126e-14,2.5088482e-13,2.468687e-15,2.3809497e-13,2.482766e-17,9.86846e-17,2.832966e-23,3.1676692e-15
5.654189e-12,2.1741395e-10,1.8923335e-13,3.5599314e-22,1.5173099e-11,1.1349264e-15,4.7526622e-14,8.566282e-17
1.4735391e-18,4.7540307e-18,9.479519e-16,8.757165e-15,2.5506965e-16,6.797328e-17,8.6427725e-14,6.2496235e-19
1.0566995e-20,5.6048595e-20,2.886858e-16,1.3205549e-25,1.2331908e-10,6.639633e-19,6.0967155e-16,2.5638748e-17
1.2380627e-13,3.0931543e-13,2.385388e-15,2.5196476e-13,2.8734855e-17,9.870831e-17,2.0801274e-23,4.2645165e-15
1.13534534e-17,6.2113184e-13,6.316022e-16,1.1666951e-22,4.1062778e-16,1.4282514e-19,7.650043e-20,6.7739723e-19
6.3769483e-19,8.913361e-19,2.052437e-16,3.2676234e-15,4.539013e-17,1.2042428e-17,3.2671453e-14,1.7745201e-19
4.5048756e-17,4.0130957e-18,1.1016215e-14,6.031003e-22,2.9147147e-09,1.9081069e-13,3.0341868e-15,9.3980324e-17
2.7654752e-14,4.771563e-18,8.99013e-18,1.0055221e-18,2.4628222e-19,5.7640625e-18,3.1988973e-25,3.3102156e-16
3.890561e-18,3.4346937e-13,6.880238e-16,1.2190759e-23,1.7917457e-16,7.1769066e-20,1.3858086e-20,6.385517e-19
9.547232e-17,1.8960621e-13,3.9199685e-14,2.5711853e-14,8.1439537e-13,1.2060193e-14,2.128296e-11,1.4702231e-15
3.7545944e-20,1.720311e-19,7.081546e-16,8.709216e-25,2.3010974e-10,2.0703324e-18,1.2967202e-15,7.1784236e-17
1.3605077e-14,5.9603854e-19,1.0547754e-18,1.6385042e-19,6.0501354e-20,9.128007e-19,4.9672824e-26,7.884437e-17
3.5484067e-11,8.141434e-10,1.678652e-13,7.6309143e-22,3.9328558e-11,1.2819942e-15,6.051804e-14,5.435472e-17
1.606403e-18,2.6844575e-18,6.252925e-16,7.87759e-15,1.5111167e-16,3.3391812e-17,9.030242e-14,3.9743973e-19
4.766428e-20,2.147055e-19,8.5656985e-16,7.8897006e-25,2.2351589e-10,3.210241e-18,1.6615447e-15,9.554372e-17
3.536732e-14,6.236176e-13,5.0066898e-15,1.2774215e-13,1.037157e-16,3.8035273e-17,5.065049e-23,7.702683e-15
9.957204e-18,7.76343e-13,1.8222412e-15,5.4627273e-23,4.83871e-16,1.799092e-19,3.489322e-20,1.5917691e-18
2.570219e-18,2.9906758e-18,5.7086627e-16,1.0849935e-14,1.5415556e-16,4.735896e-17,5.71623e-14,6.65566e-19
1.7707596e-20,5.702426e-20,1.0457102e-16,1.1026117e-25,6.330788e-11,1.2450359e-18,5.611032e-16,3.2462753e-17
2.980648e-14,1.6458407e-18,3.6234696e-18,4.594843e-19,2.1723058e-19,2.5551251e-18,2.5236915e-25,2.4161673e-16
1.1339775e-17,7.213162e-13,1.3454367e-15,7.196332e-23,4.923128e-16,2.686341e-19,5.4488125e-20,2.0243877e-18
2.3223892e-18,8.0724804e-19,9.523916e-17,4.3994167e-15,8.306083e-17,8.023578e-18,1.3000566e-14,9.3641285e-20
3.6188918e-21,1.0292524e-20,1.712913e-17,1.7497371e-26,2.0943167e-11,2.7715832e-19,1.2952907e-16,8.289491e-18
3.3656966e-14,2.0330941e-18,5.2179757e-18,7.68538e-19,2.2659173e-19,3.309985e-18,2.7885424e-25,3.3914829e-16
4.9149976e-18,4.7641817e-13,6.5750435e-16,6.7826695e-24,1.7583575e-16,7.481757e-20,1.812185e-20,9.788814e-19
8.736061e-19,2.4567794e-19,2.4197726e-17,1.3405032e-15,2.9866302e-17,1.3309778e-18,4.531613e-15,1.3340569e-20
3.0167057e-20,1.1620242e-19,3.64328e-16,3.8068357e-25,1.4540352e-10,2.1553773e-18,9.949052e-16,5.618912e-17
1.6324256e-14,3.8183665e-19,1.4423287e-18,2.3956696e-19,2.7334458e-20,5.5065284e-19,4.5828708e-26,9.563708e-17
1.734519e-18,2.5145681e-13,3.6151345e-16,6.557555e-25,5.7760394e-17,1.679402e-20,4.251136e-21,3.269138e-19
2.0100596e-18,1.809976e-18,2.8797087e-16,7.435314e-15,1.1993656e-16,2.2522434e-17,3.3468633e-14,2.751011e-19
5.3085156e-21,2.1647107e-20,9.762013e-17,8.2999637e-26,6.418414e-11,4.007296e-19,2.0883163e-16,1.5518507e-17
5.014316e-15,8.9004795e-20,2.7263348e-19,4.4802932e-20,4.9357895e-21,8.206765e-20,4.750691e-27,1.852864e-17
7.452625e-18,5.864583e-13,1.0270078e-15,2.7973137e-23,3.1726138e-16,1.4716285e-19,2.9361975e-20,1.3184253e-18
5.003052e-19,5.5442577e-19,1.1394982e-16,1.7669919e-15,3.6359333e-17,5.0611985e-18,2.1237633e-14,4.46126e-20
3.4804537e-21,1.3124776e-20,8.5988575e-17,3.1594227e-25,3.455712e-11,2.7841506e-19,8.1901396e-17,2.605959e-17
2.2327683e-14,1.0202899e-18,3.0290126e-18,4.2947424e-19,1.056019e-19,1.6029384e-18,1.2093202e-25,2.0248765e-16
2.6637397e-18,3.7995906e-13,7.2233943e-16,3.2844541e-24,1.2708481e-16,3.1752223e-20,7.672864e-21,4.0481345e-19
6.321074e-19,8.617369e-19,2.8219533e-16,1.1095328e-15,9.9250894e-17,5.3687024e-18,8.291929e-14,1.636848e-20
3.715907e-21,1.437044e-20,9.2279025e-17,1.7700932e-25,4.525049e-11,3.6429825e-19,1.10070046e-16,1.9471476e-17
8.919603e-15,4.1214155e-19,6.6249087e-19,8.6032406e-20,2.3241061e-20,3.1910583e-19,1.8974894e-26,3.8332416e-17
3.446806e-18,1.2597685e-12,2.6088759e-15,2.2085214e-24,2.289406e-16,1.9973541e-20,1.08346815e-20,5.16098e-19
6.3324414e-19,5.044273e-19,2.1383123e-16,1.062308e-15,6.043063e-17,5.257537e-18,4.4216113e-14,3.6420633e-20
2.8886793e-21,1.7312452e-20,1.0071816e-16,2.8583635e-26,4.6038274e-11,2.5726504e-19,1.6824061e-16,1.1378774e-17
1.6654958e-14,1.9380761e-18,1.3522831e-18,5.43165e-20,2.0421241e-20,2.4798952e-19,3.4239503e-26,3.261008e-17
2.5403815e-18,6.907453e-13,1.5606207e-15,3.632773e-24,1.6655607e-16,3.1892676e-20,9.610574e-21,3.4890445e-19
4.152631e-19,4.3069325e-19,6.295644e-17,1.519047e-15,1.407285e-17,4.8716537e-18,7.880325e-15,4.905627e-20
1.7347017e-21,9.677234e-21,6.11747e-17,1.279022e-26,3.7444846e-11,1.6904901e-19,1.0671489e-16,5.395557e-18
1.3717226e-14,1.5537633e-18,1.2526055e-18,9.0585234e-20,2.1583533e-20,2.7791844e-19,3.583181e-26,4.333718e-17
1.7147821e-18,1.6189475e-13,3.509754e-16,1.9172456e-24,5.3728028e-17,3.1630847e-20,7.620824e-21,3.7199527e-19
2.1072224e-19,2.5387336e-19,3.460048e-17,8.890385e-16,9.309821e-18,3.2311883e-18,5.8958804e-15,2.5409022e-20
4.8225054e-19,5.8590087e-19,3.7163277e-16,6.697671e-23,4.5957647e-11,6.731788e-16,2.0922553e-16,7.271995e-17
5.408507e-15,2.5122018e-19,3.7428555e-19,8.321801e-20,1.3348867e-20,2.40301e-19,9.5134106e-27,2.2684191e-17
1.1204494e-18,1.2372812e-13,2.628935e-16,8.02309e-25,3.4283973e-17,1.8673719e-20,4.7289e-21,2.209496e-19
2.317586e-16,3.636036e-14,1.2576875e-15,1.0502487e-14,5.965188e-14,2.9466851e-15,1.3786301e-12,2.2828031e-17
1.9651591e-19,5.045274e-19,1.6208762e-16,4.472892e-23,2.0688241e-11,1.1888568e-16,1.9072307e-16,1.174222e-16
3.6655025e-15,1.7895435e-19,2.1590542e-19,5.2782094e-20,7.593604e-21,1.6957089e-19,4.8675453e-27,1.3120942e-17
9.550671e-14,2.4014438e-11,4.206595e-14,2.7020603e-23,1.1140876e-12,5.1650454e-16,1.84261e-15,2.4060214e-17
2.396752e-16,9.703954e-15,6.076817e-16,8.781552e-15,2.6290683e-14,1.3599364e-15,6.71924e-13,5.4558273e-18
5.609633e-19,9.892346e-19,3.1930723e-16,8.394579e-23,3.2999298e-11,4.9949363e-16,3.1538618e-16,1.3646022e-16
6.9853276e-14,2.0368478e-14,9.398607e-17,1.11602385e-14,2.0169639e-19,7.73627e-18,9.124185e-25,7.771003e-16
1.3025758e-14,1.1661632e-11,4.038366e-14,1.8439949e-23,2.2583518e-13,1.9778796e-16,3.1865867e-16,2.009271e-17
3.1137312e-16,4.3368338e-14,8.290766e-16,1.1925872e-14,7.831945e-14,3.825664e-15,1.8182894e-12,1.7076937e-17
1.6919629e-17,1.1950805e-18,5.4223475e-15,1.02191194e-22,1.9444166e-09,8.3788926e-14,8.484818e-16,3.6585282e-17
9.270786e-14,3.826583e-15,4.9157127e-17,1.6253723e-15,8.105184e-20,4.5194175e-18,5.99233e-25,4.700406e-16
6.5640486e-14,1.8865945e-11,4.9742528e-14,3.7783963e-23,9.767378e-13,8.023862e-16,2.0148377e-15,2.6416307e-17
3.0328412e-17,7.342473e-14,1.36660135e-14,1.1611144e-14,2.710348e-13,4.112519e-15,8.84612e-12,3.686155e-16
9.61752e-18,9.925268e-19,3.6589087e-15,5.8296575e-23,1.619448e-09,2.4282605e-14,6.464396e-16,4.127178e-17
1.2931943e-13,1.9006125e-14,1.0245264e-16,1.0982103e-14,1.7308497e-19,1.07080615e-17,9.994805e-25,9.276685e-16
1.6959939e-11,4.698081e-10,6.437481e-14,9.8908914e-23,1.4929885e-11,3.1062924e-16,3.087e-14,2.0396749e-17
1.21324806e-17,4.19878e-14,1.1897698e-14,5.9095032e-15,2.1654617e-13,4.659988e-15,1.0620569e-11,1.1066578e-16
2.891673e-17,1.8429658e-18,9.447863e-15,2.6837454e-22,2.857576e-09,1.2758387e-13,9.825267e-16,4.8006496e-17
1.9227853e-14,2.6536954e-13,2.0578083e-15,7.706802e-14,2.6018963e-17,1.5419198e-17,8.47689e-24,2.2617338e-15
4.8581772e-12,5.652739e-10,2.2741625e-14,3.5504364e-23,1.1056733e-11,2.87284e-16,1.7462836e-14,9.883977e-18
3.9011737e-17,1.3977297e-13,2.3017993e-14,1.5899185e-14,3.402126e-13,6.5679024e-15,1.0698846e-11,5.087743e-16
8.5992795e-18,7.0753793e-19,3.1869284e-15,6.349167e-23,1.5689495e-09,5.744922e-14,4.9593747e-16,1.629928e-17
1.1261164e-14,7.020028e-14,7.261188e-16,4.051768e-14,4.2348115e-18,1.2575952e-17,1.41821e-23,2.1298633e-15
1.9913111e-11,5.9752553e-10,7.7779356e-14,1.7333248e-22,2.1801803e-11,4.5354496e-16,4.0962066e-14,2.8025025e-17
1.19763676e-17,5.853617e-14,7.426866e-15,6.6438274e-15,1.7114275e-13,3.1667026e-15,5.081343e-12,1.9622181e-16
2.5940657e-18,2.5367101e-19,1.2341241e-15,8.625833e-24,8.219888e-10,9.958967e-15,1.9675699e-16,8.259632e-18
2.5651602e-14,2.5764395e-13,2.4994363e-15,1.01820834e-13,3.5787307e-17,2.5095897e-17,1.5650797e-23,3.689646e-15
1.0110875e-11,3.038503e-10,3.5790022e-14,4.9023272e-23,1.0927043e-11,1.8459089e-16,1.6538938e-14,8.714397e-18
3.2949178e-18,1.6741938e-14,2.168452e-15,2.119505e-15,7.065889e-14,1.256158e-15,3.2853767e-12,4.6337662e-17
2.5970857e-18,3.9432276e-19,7.295978e-16,1.0014623e-22,1.1502941e-09,5.711282e-14,5.5444776e-16,7.94318e-18
9.205271e-15,1.3614145e-13,1.0254184e-15,4.0453816e-14,1.5209822e-17,7.4705e-18,3.4557488e-24,1.441891e-15
2.9706957e-12,1.4619023e-10,8.601721e-15,7.189579e-24,4.062784e-12,6.511094e-17,7.0393457e-15,2.0604209e-18
5.182764e-18,4.499198e-14,7.762919e-15,3.2157856e-15,1.974174e-13,3.6941106e-15,4.2276174e-12,2.8896013e-16
2.6722177e-18,4.2244023e-19,7.7735533e-16,1.3034951e-22,1.0264939e-09,4.938104e-14,5.467396e-16,9.695353e-18
4.615124e-15,4.0218015e-14,2.937873e-16,2.0444026e-14,1.8680292e-18,3.972232e-18,9.815781e-25,4.5726613e-16
1.6372051e-11,4.7688076e-10,6.5205735e-14,8.89266e-23,2.2835591e-11,1.8793172e-16,6.389599e-15,3.50575e-18
7.466083e-18,5.116222e-14,8.444073e-15,3.3687263e-15,2.1674412e-13,4.478852e-15,4.4029745e-12,3.1157747e-16
2.8673194e-18,3.2105697e-19,1.0668198e-15,6.841296e-23,7.1384304e-10,2.6752672e-14,2.8713173e-16,1.2097542e-17
2.264289e-15,2.414319e-13,1.0614978e-15,9.144721e-15,5.4811343e-17,9.447519e-19,2.6376136e-24,1.4720863e-15
1.3649597e-11,4.5971257e-10,7.547914e-14,1.0639426e-22,2.1609377e-11,2.3445292e-16,6.7400656e-15,4.3521715e-18
1.1758038e-17,4.0784013e-14,6.061262e-15,3.39621e-15,1.1531211e-13,2.9231183e-15,2.5658674e-12,1.596441e-16
7.041691e-20,1.8920162e-20,2.9120414e-17,1.8133025e-23,2.8157131e-11,6.3767875e-16,3.5458454e-17,4.4814085e-18
2.8636835e-15,2.6513275e-13,1.1168027e-15,9.437885e-15,5.0430667e-17,1.1654698e-18,3.4803955e-24,1.7374817e-15
6.6620216e-12,2.723676e-10,4.6213457e-14,4.770277e-23,9.377734e-12,1.873069e-16,7.2094405e-15,6.422971e-18
8.472842e-18,6.8934557e-15,6.2470353e-16,4.2417515e-16,2.0354498e-14,1.1251582e-15,1.3731655e-13,1.2130213e-17
9.991738e-21,1.8195683e-21,7.772507e-18,9.233394e-25,2.7336085e-12,3.0966135e-17,3.0720452e-18,2.1321118e-18
4.9431907e-15,1.1721205e-13,7.327803e-16,1.2081282e-14,1.3671964e-17,2.0163878e-18,2.3209296e-24,1.2632894e-15
2.3931104e-13,5.5356362e-11,1.3064574e-14,8.4354064e-24,1.929499e-12,1.3641545e-16,3.1782466e-16,1.0024046e-18
8.655954e-18,1.180542e-15,8.438494e-17,1.2856127e-16,2.1833426e-15,1.3908108e-16,1.564675e-14,8.339347e-19
3.3655305e-21,1.5634761e-21,2.8463949e-18,2.0372017e-25,1.0912353e-12,7.02694e-18,1.3037415e-18,1.3881167e-18
2.0141076e-15,1.0176254e-14,4.597829e-17,4.8091937e-16,3.0564616e-19,8.3804175e-20,1.4357308e-25,4.868315e-16
1.3314934e-14,7.294601e-12,1.793258e-15,4.4336966e-25,1.6614101e-13,4.0782393e-17,6.7435046e-17,5.0591886e-19
7.054712e-18,6.874833e-16,1.7360291e-17,1.1196174e-16,1.0259152e-15,5.0573224e-17,1.0630666e-14,1.5803635e-19
8.8040704e-20,2.4433476e-20,3.0808365e-17,3.2297385e-23,1.7811405e-10,3.7983257e-15,4.5715248e-17,8.034416e-19
2.035899e-15,7.5117714e-16,4.168441e-18,1.5416381e-16,3.5096514e-21,4.4574324e-20,7.3496545e-27,8.598562e-17
2.6176187e-15,1.8459795e-12,8.4312257e-16,5.923802e-26,4.053329e-14,1.309664e-17,3.127336e-17,3.0579309e-19
6.3857847e-19,1.2053063e-14,1.2005929e-15,2.3087617e-16,4.248509e-14,1.3380867e-15,5.409513e-13,2.9244203e-17
5.506421e-20,1.0510951e-20,2.5932263e-17,6.6727015e-24,1.699048e-10,2.6112857e-15,1.9416516e-17,3.1244468e-19
1.9648858e-15,1.9579936e-16,1.2204704e-18,1.1939971e-16,4.826528e-22,3.2465304e-20,1.3123779e-27,2.1148348e-17
1.7752951e-12,1.5198218e-10,1.9060544e-14,6.0807343e-24,5.96623e-12,3.2181386e-17,3.907506e-16,1.9569752e-19
2.3223967e-19,6.4313175e-15,6.088929e-16,1.248828e-16,1.9212308e-14,5.997251e-16,3.5051104e-13,1.443265e-17
4.0271105e-19,3.0613143e-20,2.3756884e-16,3.9326724e-24,3.643944e-10,7.066977e-15,3.070137e-17,9.574064e-19
2.8664254e-16,3.263695e-14,8.487986e-17,3.3081076e-16,5.3776186e-18,1.9111741e-20,2.2116568e-25,3.0098262e-16
1.0782382e-12,8.736314e-11,7.664257e-15,1.2758608e-24,2.6779913e-12,1.0313095e-17,2.9029034e-16,9.463818e-20
8.0332524e-19,8.7775e-15,1.1643118e-15,4.9684454e-16,2.1416738e-14,4.927975e-16,7.419582e-13,2.0065901e-17
6.2145345e-19,5.184459e-20,4.5103806e-16,9.595132e-25,3.0545583e-10,2.4387906e-15,3.2471796e-17,2.10987e-18
1.6382319e-16,1.8124015e-14,4.3221944e-17,2.539977e-16,2.316682e-18,1.259999e-20,7.027688e-26,1.2458448e-16
2.0354439e-12,9.3252815e-11,7.091958e-15,1.8060874e-24,2.4160615e-12,1.4873477e-17,1.4544919e-15,5.9379863e-19
9.565814e-19,5.3278453e-15,4.3693263e-16,6.224342e-16,2.0006163e-14,3.287652e-16,1.311272e-12,5.9017447e-18
9.011551e-19,7.1744974e-20,5.937429e-16,1.43951e-24,3.4578962e-10,4.2353994e-15,4.325146e-17,2.582957e-18
6.829405e-16,2.233416e-14,1.0707454e-16,2.4598133e-15,2.0109108e-18,2.4499474e-19,1.1559019e-25,1.6641635e-16
8.179354e-13,3.963482e-11,2.4900338e-15,6.246697e-25,8.8363344e-13,1.2233049e-17,2.2129422e-15,5.332816e-19
1.5138211e-18,7.622447e-15,5.119106e-16,8.681823e-16,2.8007539e-14,4.0936875e-16,1.4751492e-12,8.932256e-18
5.1089337e-19,3.887664e-20,4.024951e-16,1.2198197e-24,2.7430855e-10,3.2202052e-15,2.3011463e-17,1.5628823e-18
1.7306353e-15,1.21236165e-14,7.550494e-17,8.780481e-15,2.6575873e-19,1.4390149e-18,8.4843543e-26,9.12746e-17
1.131101e-12,4.1660394e-11,3.9040807e-15,1.074198e-24,1.0295414e-12,1.6927505e-17,3.1842306e-15,8.5998654e-19
1.1782053e-18,6.2801077e-15,4.9424717e-16,6.8674673e-16,1.7226204e-14,2.62684e-16,9.457644e-13,6.8625377e-18
8.099254e-19,9.4171824e-20,5.3552695e-16,1.7447398e-24,3.4637446e-10,2.973038e-15,5.0784717e-17,3.0994716e-18
2.2683695e-15,2.0313192e-14,1.2571401e-16,1.14989195e-14,5.03086e-19,1.992653e-18,1.0283276e-25,1.2486375e-16
8.118085e-13,3.8263136e-11,3.4520618e-15,5.970721e-25,8.1638917e-13,1.0285082e-17,2.1390803e-15,6.230771e-19
1.4273806e-18,7.774714e-15,5.2241355e-16,9.729859e-16,2.927578e-14,4.3824135e-16,1.8307094e-12,8.356483e-18
1.2724138e-18,7.295685e-20,6.8279194e-16,2.932643e-24,4.2058498e-10,9.050913e-15,5.3368922e-17,2.857274e-18
1.5614781e-15,1.6647304e-14,8.291678e-17,7.76594e-15,3.5642173e-19,1.0525487e-18,6.4837e-26,8.123552e-17
9.918997e-13,4.055709e-11,3.878327e-15,1.0796742e-24,1.0449427e-12,1.6562525e-17,2.8358756e-15,7.561872e-19
1.5654599e-18,1.0047689e-14,9.580692e-16,9.912532e-16,3.3028024e-14,5.2025574e-16,1.3299692e-12,1.5721994e-17
1.8335972e-18,1.2635035e-19,9.240624e-16,4.7801658e-24,5.672742e-10,7.730766e-15,1.02564864e-16,4.965068e-18
2.2552117e-15,1.7212379e-14,1.0634387e-16,1.1948048e-14,4.3359296e-19,1.9783757e-18,1.3902422e-25,1.1354845e-16
2.3726138e-12,7.194702e-11,5.412779e-15,2.1914517e-24,1.9170672e-12,2.2631554e-17,3.701022e-15,1.127365e-18
2.2571619e-18,1.1555601e-14,1.2704175e-15,1.2433385e-15,4.9477112e-14,7.28127e-16,2.2367772e-12,2.4819799e-17
1.5545637e-18,3.3314547e-19,8.6391717e-16,2.1014226e-23,1.3046803e-09,8.8206996e-15,2.1491643e-16,7.6641e-18
1.923672e-15,2.5479181e-14,1.8438256e-16,9.869147e-15,1.2367424e-18,1.257369e-18,1.6537394e-25,2.1289767e-16
2.569614e-12,9.636118e-11,6.384433e-15,3.966148e-24,2.601541e-12,3.839476e-17,5.1313675e-15,1.2813959e-18
2.1527723e-18,2.4404114e-14,4.5791567e-15,2.5064827e-15,9.910879e-14,2.506712e-15,4.5264886e-12,3.6850145e-17
7.622784e-18,3.751835e-18,3.8205015e-15,2.8516385e-22,4.609095e-09,6.82458e-14,1.2684223e-15,1.3163504e-17
3.0490385e-15,3.433762e-14,2.4124742e-16,1.4388669e-14,1.3046171e-18,2.5662805e-18,4.163214e-25,2.8846123e-16
1.0259873e-12,2.923767e-10,8.526841e-15,7.390629e-24,7.5772175e-12,8.394221e-17,4.2176803e-15,1.7283631e-18
1.1698891e-17,2.2232842e-13,9.0175526e-15,1.8424952e-14,3.4955296e-13,1.2406055e-14,9.207303e-12,5.9835175e-16
2.2013787e-18,7.61996e-19,1.4664311e-15,1.2432055e-23,9.356232e-10,8.088742e-15,2.7020902e-16,7.568081e-18
2.8675752e-15,2.1071354e-14,1.6778684e-16,1.24079e-14,1.2673855e-18,2.9059587e-18,2.0780882e-24,9.22393e-16
3.5577637e-12,2.4128405e-10,4.4617847e-14,1.3874046e-22,2.3011312e-11,3.365077e-16,1.8264907e-14,7.320755e-18
4.6949175e-18,3.384875e-14,1.2887314e-15,4.4060176e-15,9.392904e-14,1.9523112e-15,4.5386347e-12,4.8664187e-17
2.4308423e-21,7.666749e-21,1.933027e-17,1.4321854e-26,7.645304e-12,1.2591882e-18,1.882301e-17,1.0233535e-18
1.5534494e-14,1.351892e-13,8.308813e-16,7.974574e-14,2.4542996e-17,3.02615e-17,5.390747e-24,2.759604e-15
1.3035516e-12,5.7352092e-11,1.049716e-14,7.9204325e-24,2.757577e-12,6.041565e-17,7.383054e-15,2.5294162e-18
3.6247817e-19,8.927725e-18,6.3349573e-18,1.3784511e-16,1.6704155e-16,4.2453106e-17,1.2078239e-14,6.34293e-20
5.1537517e-22,2.0169618e-21,3.2499308e-17,3.2038276e-27,1.8076296e-11,7.077454e-20,2.2963846e-17,1.3870846e-18
6.9260614e-15,3.849234e-14,2.4078314e-16,3.47506e-14,1.8844264e-18,1.02103395e-17,7.1739045e-25,3.6384742e-16
2.4064984e-17,1.6920147e-13,1.819212e-16,2.931814e-25,9.170707e-16,6.7865687e-19,6.4873356e-19,7.670088e-20
2.9188877e-20,4.6457236e-20,1.2898367e-17,1.2292182e-16,8.091938e-18,2.7746944e-18,3.906733e-15,4.3102156e-21
3.6720413e-21,1.4157959e-20,1.3571061e-16,5.66704e-26,4.1183047e-11,4.2185568e-19,8.765211e-17,8.770859e-18
2.249395e-15,1.1117857e-17,4.3897183e-19,7.240878e-18,1.2938751e-21,2.4666678e-19,2.646933e-27,2.3377585e-17
2.9898529e-19,8.836077e-14,7.259273e-17,2.6928889e-25,1.8839169e-17,4.0016554e-21,2.0124658e-21,2.8239074e-20
2.5855683e-19,4.4201327e-19,8.0056055e-17,5.653315e-16,5.585041e-17,1.5432967e-17,2.3316123e-14,3.391217e-20
3.851174e-21,1.3100417e-20,8.197892e-17,1.7868572e-25,2.94894e-11,4.2625403e-19,7.097797e-17,1.8635605e-17
1.6259302e-15,1.8249363e-19,1.5788509e-19,2.5245357e-20,1.713132e-21,7.710955e-20,2.3161147e-27,1.0647655e-17
2.431402e-18,3.6616562e-13,4.1129252e-16,2.8531918e-24,1.542097e-16,3.5481263e-20,1.8738155e-20,2.0442061e-19
4.8729525e-19,1.3447674e-18,1.6844354e-16,1.0242182e-15,9.7929324e-17,8.057993e-18,5.886983e-14,1.33464736e-20
1.5688189e-19,2.2467663e-19,1.2397622e-16,3.5103293e-24,1.7611378e-11,1.7905432e-16,1.03649635e-16,1.9972506e-17
7.292949e-15,1.5468618e-18,1.0480014e-18,2.0453761e-19,1.1901658e-20,4.7794666e-19,2.677104e-26,5.5614205e-17
4.6645873e-18,1.193847e-12,1.9023413e-15,1.1843481e-24,2.7271917e-16,2.4294621e-20,1.9294802e-20,5.9916166e-19
3.3391683e-17,7.949224e-15,1.3555643e-16,2.9714507e-15,2.3824338e-14,9.540429e-16,6.943157e-13,3.863761e-18
1.5209036e-21,5.8485745e-21,1.8713396e-17,7.718991e-27,2.0847678e-11,2.0330467e-19,6.120925e-17,3.4937077e-18
1.3937545e-14,2.0766603e-18,1.1172313e-18,8.6308206e-20,1.422346e-20,2.3116842e-19,2.1161727e-26,3.016549e-17
2.8011815e-14,5.132178e-12,7.847238e-15,3.784496e-24,2.5616168e-13,1.1189385e-16,6.369518e-16,4.5875073e-18
2.21125e-19,1.7514262e-19,1.4840833e-17,7.2708334e-16,1.0199595e-17,1.4871144e-18,2.3955373e-15,8.003757e-21
6.0136586e-22,2.691323e-21,1.4057182e-17,8.94862e-27,1.4693009e-11,8.678527e-20,2.6268791e-17,3.0884364e-18
2.2241059e-14,5.5098595e-15,2.4988999e-17,3.501492e-15,4.1185374e-20,2.8082263e-18,1.0569669e-25,1.9484193e-16
5.549103e-19,1.01474954e-13,1.9107553e-16,3.198873e-25,2.4764663e-17,1.0206196e-20,2.090431e-21,1.4060012e-19
1.583459e-19,1.03339176e-19,2.2440277e-17,3.3979058e-16,1.0573827e-17,1.0664885e-18,4.7106937e-15,5.2950662e-21
3.7829018e-20,4.9869866e-20,2.211328e-17,6.181819e-24,5.504994e-12,5.82863e-17,1.9906178e-17,1.5389345e-17
2.4888752e-15,6.5733756e-20,1.5011862e-19,2.6508631e-20,3.2905166e-21,5.772903e-20,1.807532e-27,1.2350458e-17
3.7951607e-19,1.2631218e-13,3.1201044e-16,2.5893112e-25,2.3699032e-17,6.483247e-21,1.4663873e-21,8.4256145e-20
8.19164e-17,6.015148e-15,1.4425282e-16,1.5970082e-15,1.190401e-14,4.385541e-16,1.1868037e-13,1.870625e-18
2.10816e-22,7.9991743e-22,2.9979406e-18,3.0920647e-27,4.7417287e-12,2.6050409e-20,6.9344846e-18,1.3947995e-18
2.408788e-15,1.5875476e-19,1.6966406e-19,1.7175037e-20,2.6028343e-21,4.26418e-20,1.8299483e-27,8.5507695e-18
1.187539e-14,5.9257425e-12,8.235482e-15,1.822768e-24,2.4388494e-13,1.028654e-16,1.9426081e-16,3.6405666e-18
6.300968e-20,2.9775817e-20,7.028549e-18,9.87505e-17,6.5260096e-18,3.0533036e-19,2.1282226e-15,7.34673e-22
5.4549653e-21,8.867364e-21,4.5965637e-18,6.7732795e-25,1.5494415e-12,1.0283435e-17,3.579671e-18,3.621231e-18
1.3637787e-14,1.5815548e-15,1.1476511e-17,1.1694352e-15,8.985213e-21,4.527456e-19,4.0542705e-26,1.6499283e-16
1.634696e-19,9.1166176e-14,1.2296028e-16,4.4484332e-26,1.096325e-17,1.2822789e-21,4.3295595e-22,2.1908877e-20
1.6304378e-17,1.6174491e-15,2.5433886e-17,3.530784e-16,2.8759117e-15,1.14986e-16,3.6920276e-14,2.5507805e-19
1.08402205e-20,1.655934e-20,1.5122288e-17,1.657397e-24,4.846183e-12,3.670326e-17,1.047994e-17,5.0965766e-18
1.2424092e-15,3.4547143e-20,7.6685084e-20,4.1649376e-21,5.1105247e-22,8.19925e-21,4.8280974e-28,3.31614e-18
2.7627532e-15,1.686712e-12,1.9895948e-15,1.5595355e-25,5.9971315e-14,2.1731366e-17,4.5871073e-17,6.527525e-19
1.555727e-17,2.8612049e-15,8.870089e-17,6.4909596e-16,4.597149e-15,3.3002802e-16,7.051067e-14,1.1601204e-18
1.8964242e-20,4.4766714e-20,2.1800365e-17,2.405765e-24,4.4883945e-12,2.6956337e-17,1.8879891e-17,1.16394635e-17
3.9460495e-15,3.6724707e-16,2.212863e-18,2.7734908e-16,1.1074617e-21,8.2346754e-20,3.2488974e-27,3.194021e-17
7.38604e-15,3.5810612e-12,4.2318782e-15,7.1341696e-25,1.3608874e-13,5.0280445e-17,8.9301823e-17,1.2781201e-18
3.587916e-17,4.0249684e-15,8.130651e-17,1.251867e-15,6.308777e-15,3.4205086e-16,1.5753273e-13,1.065663e-18
3.0635074e-22,3.2751263e-21,2.7182583e-17,1.2487163e-27,1.6694132e-11,4.533572e-20,4.05095e-17,1.5994566e-18
4.270051e-15,1.4725581e-15,5.7210177e-18,4.7012843e-16,7.490063e-21,1.7058038e-19,1.0850324e-26,7.9621454e-17
5.4861807e-15,2.7533622e-12,6.0758004e-15,9.424957e-25,1.09681456e-13,6.5934256e-17,1.1618399e-16,2.4385452e-18
7.6053196e-20,6.2031625e-20,7.8984e-18,3.265217e-16,2.176803e-18,1.7760786e-18,1.0708153e-15,1.0775697e-20
3.752999e-23,4.7525156e-22,4.384416e-18,1.0960429e-28,5.1194288e-12,7.077154e-21,7.56938e-18,3.3978227e-19
1.2393378e-14,1.3089759e-15,5.9690573e-18,7.3781525e-16,6.0311217e-21,4.625002e-19,1.9039136e-26,7.7926396e-17
2.2002358e-19,3.0478187e-14,6.4633815e-17,1.6273555e-25,6.440047e-18,6.9054895e-21,1.7240738e-21,7.3117053e-20
1.8033235e-20,1.078561e-20,1.5827292e-18,8.64995e-17,3.8710615e-19,2.8076464e-19,2.4467566e-16,1.4041934e-21
5.83438e-21,1.615749e-20,8.17771e-18,6.37671e-25,2.3469098e-12,9.350289e-18,8.776214e-18,5.3643006e-18
1.1438408e-15,6.515159e-20,7.0323225e-20,2.2098828e-20,1.5538262e-21,6.316949e-20,8.481239e-28,4.1170177e-18
4.4339278e-20,9.980035e-15,1.8618125e-17,1.12568e-26,1.1747183e-18,1.0315749e-21,2.5956543e-22,1.5615755e-20
2.3112985e-17,1.2177749e-15,3.645683e-17,6.6443054e-16,2.6514768e-15,1.2336856e-16,5.8821905e-14,4.4020267e-19
7.907825e-21,1.6558962e-20,6.2375283e-18,1.2572836e-24,2.4834826e-12,1.6443292e-17,6.9192897e-18,5.0263353e-18
3.1635497e-16,1.0100729e-20,1.1225917e-20,4.09763e-21,1.880258e-22,8.320781e-21,6.3064943e-29,6.2074265e-19
2.1211225e-15,1.5282327e-12,3.2576294e-15,2.5329895e-25,3.653722e-14,2.4655885e-17,4.0436936e-17,1.2401393e-18
3.2658133e-17,2.0552272e-15,3.9440445e-17,6.7731047e-16,3.4880669e-15,1.6287168e-16,3.5543688e-14,5.0646537e-19
2.021016e-18,2.772196e-19,7.4225296e-16,3.0445162e-23,8.4388463e-10,3.7640633e-14,3.4841821e-16,5.9727933e-18
6.432863e-15,5.2549156e-16,2.7234053e-18,2.7927709e-16,1.957899e-21,1.7203439e-19,6.225851e-27,2.9860376e-17
3.6471058e-15,2.5223367e-12,3.7503523e-15,2.711981e-25,6.569635e-14,3.2434036e-17,6.250989e-17,1.3520407e-18
4.366023e-18,2.5577683e-14,4.441997e-15,2.820728e-15,1.3050284e-13,2.2081355e-15,3.1639788e-12,1.6098766e-16
4.424451e-19,1.2949131e-19,2.8640426e-16,1.2854856e-23,4.6682197e-10,1.01828946e-14,9.229416e-17,2.9381613e-18
5.56219e-15,5.1096437e-16,3.4553768e-18,3.9254643e-16,2.156517e-21,1.2753628e-19,7.4974165e-27,4.2312287e-17
9.050805e-12,2.4445954e-10,3.2679178e-14,3.5476744e-23,1.0532354e-11,1.0697574e-16,5.4190394e-15,2.8693655e-18
2.752335e-18,1.845351e-14,1.846924e-15,2.1640802e-15,4.19285e-14,8.856367e-16,1.2770129e-12,4.7480154e-17
8.4402563e-19,1.8125315e-19,6.1664644e-16,3.7602913e-24,4.4646112e-10,4.214496e-15,8.445836e-17,3.5688447e-18
2.1884123e-15,1.5615661e-13,7.10929e-16,1.079412e-14,2.0941227e-17,1.1096836e-18,1.2686391e-24,8.825844e-16
1.8544031e-12,9.4246284e-11,1.8359773e-14,6.0591077e-24,3.865328e-12,3.652267e-17,2.0285575e-15,1.5151385e-18
2.1626246e-18,1.17990334e-14,7.5797315e-16,1.7084775e-15,4.2896124e-14,6.272371e-16,2.5560931e-12,1.8973245e-17
2.1599204e-18,2.1834882e-19,1.1302905e-15,1.662844e-23,7.09942e-10,1.9999829e-14,1.2548115e-16,6.3412923e-18
1.5384605e-15,4.876833e-14,2.0229619e-16,5.8747097e-15,4.1456688e-18,5.214272e-19,1.9007361e-25,2.6482406e-16
1.2101842e-12,4.3069336e-11,6.362989e-15,2.421971e-24,1.7079066e-12,2.0921505e-17,3.2284585e-15,1.0361436e-18
5.1544503e-18,2.6812184e-14,2.8567008e-15,2.9644425e-15,5.581822e-14,1.2421297e-15,1.7883694e-12,5.7627245e-17
1.9227949e-19,6.743854e-20,1.8758934e-16,9.082687e-25,2.0850392e-10,1.9507777e-15,2.2494012e-17,1.0223702e-18
2.9320746e-15,2.9203223e-14,1.4628992e-16,1.5636159e-14,9.386272e-19,2.4257417e-18,1.9517428e-25,1.4403288e-16
3.780234e-12,1.3263733e-10,1.8477317e-14,9.6971744e-24,4.0687397e-12,5.7469624e-17,6.0833834e-15,3.841305e-18
9.692614e-19,7.5462114e-15,2.4057747e-16,1.122239e-15,1.7110775e-14,2.412051e-16,1.0733505e-12,4.7970044e-18
1.7111874e-19,5.651233e-20,1.270853e-16,2.535203e-25,1.3925192e-10,6.358885e-16,2.4718319e-17,1.2042422e-18
3.5637484e-15,5.1834266e-14,3.7815823e-16,1.498821e-14,4.7856356e-18,2.0431314e-18,5.80688e-25,4.8001214e-16
2.900611e-13,1.5217586e-11,3.6180474e-15,3.3664481e-25,5.5704773e-13,6.147832e-18,1.1466325e-15,5.1437627e-19
4.4579793e-19,3.4176932e-15,7.781738e-17,4.7331714e-16,1.5143555e-14,1.8663003e-16,1.2212075e-12,2.6727273e-18
3.24787e-19,4.6479925e-20,1.2517948e-16,7.968679e-24,4.4684278e-10,1.5842425e-14,9.7258824e-17,1.1285482e-18
1.452579e-15,1.14202335e-14,4.106699e-17,6.8706163e-15,2.6652018e-19,7.985192e-19,2.1553273e-26,4.315472e-17
2.423057e-13,9.545144e-12,1.5085775e-15,1.9978292e-25,3.6441886e-13,5.1609626e-18,1.2379385e-15,1.6660157e-19
5.29392e-19,9.009301e-15,1.4515154e-15,6.354253e-16,5.6394813e-14,7.702062e-16,1.2346816e-12,4.631221e-17
4.0466834e-19,1.6813834e-19,9.252541e-17,2.5938527e-22,9.955194e-10,4.8345547e-14,4.9650345e-16,2.016857e-18
1.4406867e-15,9.1699075e-15,3.5321155e-17,6.8209725e-15,1.04021025e-19,9.551704e-19,1.5919265e-26,2.6303283e-17
4.9131103e-12,1.5915783e-10,1.1768196e-14,8.029953e-24,8.289976e-12,2.8347698e-17,1.2537404e-15,3.27963e-19
7.3923394e-19,3.8337667e-14,6.4826235e-15,8.5845074e-16,2.66873e-13,5.5126137e-15,3.4872873e-12,3.5415213e-16
4.2548883e-19,8.9222014e-20,1.4406531e-16,2.7744967e-23,6.1386013e-10,2.4931715e-14,2.0534474e-16,1.5419482e-18
3.6513912e-16,7.5775e-14,2.328086e-16,2.2107232e-15,9.8242455e-18,1.1049225e-19,1.3702975e-25,3.136429e-16
2.0834003e-11,6.9914335e-10,9.446823e-14,1.2644274e-22,5.8135927e-11,1.1801496e-16,1.3296654e-15,3.8098983e-19
7.929583e-19,1.5556316e-14,2.7707216e-15,7.6978915e-16,1.03765914e-13,1.89361e-15,1.9256866e-12,1.1894555e-16
5.424589e-20,5.8895486e-20,1.5498157e-17,2.9005593e-22,5.682066e-10,1.8411005e-14,2.7752055e-16,3.1622417e-19
2.6126493e-16,4.2632114e-13,7.2703347e-16,9.953303e-16,2.4328613e-16,3.54791e-20,1.8189963e-24,1.3734863e-15
8.355601e-12,2.5960611e-10,2.7806923e-14,2.4131837e-23,1.3931666e-11,5.3858127e-17,1.4952225e-15,4.7207937e-19
1.408766e-19,3.2941393e-14,2.3660576e-15,1.5969283e-16,2.3397752e-13,1.2951982e-14,1.4798471e-12,2.321789e-16
4.023329e-21,1.862384e-21,2.1662328e-18,3.6382095e-24,1.9410204e-11,2.9784055e-16,8.206429e-18,1.3611325e-19
3.7424616e-16,1.550833e-13,3.9485772e-16,1.8419987e-15,3.4236655e-17,9.39809e-20,5.330969e-25,5.784422e-16
4.479867e-12,3.7869563e-10,6.2964465e-14,3.6441562e-23,2.36014e-11,5.211016e-17,3.0789698e-16,5.0673756e-20
1.9280025e-19,2.2580698e-15,1.4692074e-16,2.9906318e-17,1.0822116e-14,8.231175e-16,4.8385307e-14,5.5030457e-18
1.0528568e-20,1.5378407e-20,3.2805952e-18,1.8182835e-22,2.9467825e-10,6.8618677e-15,9.581089e-17,7.2043367e-20
7.1231845e-17,2.8668398e-13,1.8579681e-16,7.830843e-17,2.0852831e-16,2.2892605e-21,1.6452645e-24,9.6649e-16
8.396394e-14,2.6127907e-11,3.3607684e-15,5.631356e-25,7.747454e-13,1.1438616e-17,3.7104473e-17,2.2028802e-20
3.5892934e-20,1.743834e-14,1.1629446e-15,4.4908234e-17,1.308271e-13,7.667503e-15,7.029169e-13,9.795138e-17
5.989949e-19,3.698331e-20,4.0419838e-16,9.863376e-25,2.5004057e-10,5.4373853e-15,3.076186e-17,1.2766339e-18
8.634258e-17,6.697341e-15,7.8632575e-18,2.1312428e-17,3.225891e-19,1.037835e-21,2.663627e-26,1.2007618e-16
2.264845e-12,2.6940244e-10,3.46309e-14,9.47742e-24,1.5200993e-11,1.7374138e-17,7.850373e-17,9.771456e-21
1.0561767e-18,5.054936e-15,6.1580253e-16,6.746184e-16,2.1554142e-14,3.083895e-16,9.720933e-13,1.062242e-17
3.8237995e-21,4.1733193e-21,8.239522e-18,2.5954325e-25,4.5296752e-12,2.482927e-17,2.4966215e-18,7.7096345e-19
1.925645e-17,1.3441479e-13,5.83279e-17,1.5050293e-17,1.0551589e-16,2.7452097e-22,5.6510465e-25,4.016454e-16
1.3918193e-12,4.0116868e-11,3.2899494e-15,1.0511011e-24,1.1348025e-12,1.1662709e-17,1.8510785e-15,7.4851863e-19
2.0883302e-18,1.2327925e-15,3.4069766e-17,2.0848935e-16,1.5611744e-15,1.2327777e-16,3.329221e-14,3.2855405e-19
4.557395e-21,3.3269174e-21,7.175627e-18,9.447779e-25,3.6454906e-12,3.2896573e-17,4.1149928e-18,1.2759133e-18
1.0743587e-15,1.7745686e-14,9.645337e-17,6.1473027e-15,6.7653986e-19,7.012984e-19,7.522429e-26,1.2102349e-16
4.2919833e-15,1.9476057e-12,1.194016e-15,8.9011305e-26,6.2902164e-14,8.407868e-18,3.7937894e-17,2.8683025e-19
5.4261878e-18,1.5212276e-15,7.28699e-17,1.8861039e-16,2.210799e-15,2.743836e-16,1.8949403e-14,9.846227e-19
1.120521e-20,8.3673164e-21,8.913262e-18,1.4911666e-23,2.7615259e-11,4.5952183e-16,2.4268262e-17,6.1797123e-19
9.709725e-16,5.529523e-16,1.8824577e-18,2.1215666e-16,3.0558524e-21,5.456051e-20,1.5413178e-27,2.2545813e-17
5.9296232e-15,4.222291e-12,2.312015e-15,4.179588e-25,1.1928494e-13,3.2990196e-17,4.2908165e-17,4.8809524e-19
1.2465327e-18,5.8879242e-15,3.154668e-16,1.206782e-16,1.4968526e-14,2.6976115e-15,5.92698e-14,1.2138546e-17
3.5840415e-19,4.5062092e-20,2.2552191e-16,9.449225e-24,2.275903e-10,5.2460456e-15,5.1173072e-17,1.9854372e-18
1.3023665e-15,1.0016226e-15,3.3175572e-18,1.2643638e-16,6.0881935e-21,4.360426e-20,5.695732e-27,7.442941e-17
7.65998e-14,3.3957764e-11,9.471752e-15,2.7734158e-24,8.688661e-13,5.4097602e-17,9.596928e-17,1.8206464e-19
2.478308e-18,1.1928283e-14,1.4625875e-15,6.872709e-16,3.0398244e-14,1.1887033e-15,5.434778e-13,3.557755e-17
5.217154e-20,2.0188718e-20,2.861846e-17,2.5141526e-23,2.761754e-10,5.6690606e-15,4.7691452e-17,2.3210062e-19
4.0700042e-16,1.0749413e-14,1.6126665e-17,5.9322416e-17,4.861682e-19,8.104623e-21,1.1557344e-25,3.205423e-16
1.1724699e-12,7.854876e-11,1.1550268e-14,4.6021467e-24,2.1289567e-12,4.2376258e-17,1.3278205e-15,1.17197e-18
2.1052138e-19,1.4063721e-14,8.6522653e-16,1.3003008e-16,3.9761055e-14,3.2427144e-15,3.679249e-13,4.519886e-17
1.4225366e-19,5.936534e-20,1.3495585e-16,1.7577458e-25,1.1677553e-10,5.289508e-16,2.3512543e-17,1.0272138e-18
1.2084086e-15,2.7783487e-14,1.1586045e-16,1.9200357e-15,2.0170185e-18,2.6271367e-19,3.1378392e-25,3.653551e-16
9.742781e-13,1.1775339e-10,1.2702509e-14,2.5013133e-24,3.0096433e-12,1.6783414e-17,3.5497176e-16,9.184027e-20
4.938544e-19,2.6466967e-15,6.841734e-17,5.0388577e-16,1.17258955e-14,1.5849301e-16,1.0981695e-12,2.4399409e-18
2.7434252e-18,2.3063023e-19,1.5618952e-15,2.7451454e-23,1.4080533e-09,2.3710646e-14,1.2969569e-16,5.550482e-18
1.6302335e-16,4.153236e-14,5.6686224e-17,1.3290765e-16,8.964959e-18,7.284974e-21,3.4221895e-25,2.866994e-16
2.370211e-13,6.955687e-12,1.2809041e-15,1.6946172e-25,2.5595116e-13,4.0496194e-18,1.0372761e-15,2.1372651e-19
4.3926186e-18,4.148691e-14,4.3955085e-15,3.8195977e-15,6.8451646e-14,1.2816471e-15,2.8124105e-12,8.668746e-17
4.142602e-18,1.0493335e-18,2.5198277e-15,1.7067908e-22,2.8566605e-09,6.0845934e-14,3.316953e-16,8.0492375e-18
1.2196437e-15,6.6891945e-15,3.078311e-17,6.7255026e-15,9.086383e-20,8.858042e-19,1.4087772e-26,1.9702426e-17
3.0863081e-12,1.871864e-10,1.4071771e-14,9.872981e-24,7.2031287e-12,5.675807e-17,7.57436e-15,2.5356473e-18
9.467692e-18,1.4542077e-13,1.0074553e-14,1.2204542e-14,2.0822936e-13,4.8103154e-15,6.7668167e-12,3.3605873e-16
1.5495843e-18,1.142927e-19,8.17117e-16,1.26740144e-23,8.474138e-10,2.5209683e-14,1.0265607e-16,3.2101426e-18
6.3782263e-15,5.952345e-14,3.4778876e-16,2.763092e-14,3.755644e-18,4.3327733e-18,6.5108936e-25,5.8080583e-16
3.3972454e-12,2.1516891e-10,3.6332563e-14,5.584577e-23,1.8672452e-11,1.4129124e-16,1.1156323e-14,5.053405e-18
2.9541089e-18,2.1641765e-14,3.4567268e-15,1.9669107e-15,5.6789124e-14,1.0166354e-15,1.5993639e-12,8.145988e-17
4.599964e-19,4.9794018e-20,3.139769e-16,5.332088e-25,2.7733088e-10,1.6278543e-15,5.3489376e-17,1.6634892e-18
1.0886751e-14,1.4138255e-13,6.913519e-16,6.406186e-14,1.651332e-17,1.1473751e-17,1.7382229e-24,1.6594923e-15
4.2889216e-12,1.808503e-10,1.4860768e-14,8.199739e-24,5.5723503e-12,4.462867e-17,5.158452e-15,2.1447232e-18
8.0278297e-19,3.291531e-15,3.570047e-16,5.27965e-16,2.4115382e-14,2.6522237e-16,1.4996517e-12,1.0237133e-17
4.074614e-18,2.3737734e-19,2.1017435e-15,1.0309406e-23,8.9194563e-10,1.9342727e-14,1.899998e-16,7.235521e-18
2.4055922e-15,6.6938954e-14,3.657246e-16,1.12504305e-14,5.8754627e-18,1.2195813e-18,4.3316835e-25,4.793699e-16
8.0508094e-13,3.4552836e-11,1.9423497e-15,7.4791414e-25,1.0008373e-12,1.2678212e-17,1.90306e-15,3.5552954e-19
6.5122825e-18,2.2433807e-14,3.298696e-15,3.1584868e-15,7.3554105e-14,1.1236055e-15,3.0718668e-12,9.64611e-17
1.07965236e-19,1.6555181e-19,1.2213238e-16,1.2533855e-24,1.6795378e-11,1.3109592e-16,7.542203e-17,1.0016139e-17
1.5264883e-15,1.4527933e-14,7.1572597e-17,7.781211e-15,2.4814852e-19,1.2989808e-18,9.180496e-26,8.2198115e-17
4.3584563e-12,1.385533e-10,1.1068279e-14,1.11355645e-23,4.4614234e-12,6.905714e-17,1.0227234e-14,4.0040736e-18
1.5886578e-17,4.9171804e-15,9.057016e-17,1.8018566e-15,1.6926303e-14,8.126563e-16,5.983481e-13,4.4460255e-18
5.120968e-21,1.819333e-20,5.2948347e-17,1.9101489e-25,1.3473782e-11,1.4416192e-18,6.5739365e-17,1.2039626e-17
6.6621763e-15,6.473509e-14,4.3573418e-16,3.0223013e-14,3.2765304e-18,6.275189e-18,1.0118178e-24,5.69835e-16
3.642568e-14,3.5620961e-12,3.1274347e-15,2.0421824e-24,2.0337898e-13,6.431997e-17,6.930233e-16,2.4207776e-18
2.2413486e-18,1.1604705e-17,1.05467996e-16,1.1780093e-15,3.8977844e-16,2.5461458e-17,8.0464606e-14,7.7895967e-20
2.4246202e-20,4.3927145e-20,2.7456985e-17,3.1527063e-24,5.0189935e-12,4.151083e-17,2.2021189e-17,1.1829075e-17
1.0961762e-14,4.836387e-15,2.180993e-17,4.097752e-15,3.100935e-20,2.5523973e-18,7.163946e-26,1.1401156e-16
3.677249e-17,1.1627889e-12,2.0073654e-15,1.0146742e-24,1.364884e-15,3.4228263e-19,2.990526e-19,9.96921e-19
4.7699635e-17,4.8982158e-15,1.2260198e-16,1.5334626e-15,1.0879693e-14,4.1027865e-16,2.4275718e-13,1.931117e-18
2.7662776e-21,1.875581e-21,1.457655e-19,2.5579792e-28,8.011915e-13,1.358487e-19,2.6531737e-17,9.000488e-19
1.4260338e-14,2.1311695e-17,1.7340492e-18,1.7359223e-18,8.448816e-21,3.8303586e-19,1.9983081e-26,3.593971e-17
8.0104406e-15,3.3870873e-12,6.118666e-15,1.5116352e-24,1.7602224e-13,9.2482366e-17,1.6302086e-16,2.5363339e-18
1.810556e-18,6.6270504e-21,1.0977635e-19,1.8737335e-16,5.5381962e-17,1.3793696e-19,4.287675e-17,1.5668966e-22
2.3990497e-22,5.892284e-22,1.2265471e-18,3.6268535e-28,4.0937505e-12,2.2031406e-20,1.2961946e-17,5.800765e-19
1.4345728e-14,2.7882694e-15,8.838267e-18,1.2951383e-15,8.126387e-21,6.5842445e-19,2.7576312e-26,1.1398983e-16
3.3416497e-19,7.684462e-14,8.97187e-18,1.1140179e-26,5.089854e-18,1.3113359e-21,7.9089675e-22,3.1471133e-20
6.659593e-20,1.2400103e-20,1.4815937e-18,1.4972423e-16,3.670254e-18,1.2368551e-19,3.8605824e-16,4.333145e-22
5.909775e-22,6.766602e-22,1.2779585e-19,1.1800795e-28,8.7898227e-13,3.0116005e-20,1.1164565e-17,3.7467415e-19
1.1656138e-15,7.0535126e-22,8.9550037e-20,1.4508973e-20,2.6916284e-23,5.807711e-21,4.4401386e-28,8.957165e-18
1.130452e-19,4.1517943e-14,2.6260273e-17,1.5534073e-26,4.4261587e-18,7.362694e-22,1.7804367e-22,1.8993346e-20
3.240766e-19,5.0131148e-21,1.2895057e-19,9.484072e-17,1.2165804e-17,5.6217766e-20,6.130973e-17,8.209915e-23
1.6420872e-22,3.4005666e-22,3.346038e-19,2.2819903e-27,9.55483e-13,1.0406345e-20,3.0067593e-18,1.2880413e-18
6.0209077e-16,3.3281232e-21,1.9519713e-20,2.8802288e-21,1.8678688e-22,5.8288187e-21,1.0803931e-28,1.9281431e-18
1.5132025e-19,4.7506504e-14,1.0349313e-17,3.4896025e-27,2.9650148e-18,4.898684e-22,2.3933368e-22,1.7288164e-20
1.3118076e-19,1.7790673e-20,2.503039e-18,5.2462802e-17,2.6995855e-17,1.0468222e-19,1.8045118e-15,7.367382e-23
3.966686e-20,3.693099e-21,3.0597413e-18,8.513602e-25,1.95938e-12,9.459249e-17,5.952822e-18,2.0845814e-18
5.4483457e-16,4.6036786e-22,1.9756285e-20,3.2809782e-21,2.3097841e-23,2.313605e-21,9.241092e-29,1.971535e-18
2.6213307e-19,2.8999806e-13,1.0908398e-16,6.0907307e-27,1.4301119e-17,3.1486713e-22,3.6339134e-22,1.6413936e-20
4.800045e-17,8.7761555e-16,3.9998014e-17,1.9169171e-16,1.0509541e-14,1.1842942e-16,7.679505e-15,8.71662e-19
7.7656834e-20,2.73058e-20,2.4931108e-17,4.3785213e-23,1.3209579e-10,3.3728024e-15,7.967735e-17,6.9136934e-19
1.4582309e-15,1.4928991e-20,7.525925e-20,1.7133475e-21,8.1582474e-23,2.3772325e-21,2.693635e-28,1.5346073e-18
3.631122e-14,1.4885869e-11,1.3534258e-15,3.4391764e-25,2.342508e-13,4.2220705e-17,1.3819892e-16,7.971496e-19
1.5189113e-18,1.3142704e-14,1.1771244e-15,2.309581e-16,7.1809265e-14,3.2540274e-15,3.8034986e-13,6.426528e-17
9.840021e-21,1.618592e-21,3.488953e-18,3.6541196e-25,1.6224354e-12,2.9660007e-17,2.5060675e-18,1.2898409e-18
2.8010943e-15,3.891455e-16,8.863591e-18,3.693601e-16,2.16742e-21,4.386502e-20,2.0592653e-26,1.52911e-16
7.707335e-13,1.2950033e-10,1.8305539e-14,6.2904605e-24,3.5797981e-12,4.9042308e-17,3.8462067e-16,2.467044e-19
1.3954176e-17,6.863591e-16,3.4840073e-17,1.2168547e-16,2.5258232e-15,8.938124e-17,6.5934823e-15,5.033816e-19
6.631935e-20,4.6991232e-20,2.3697679e-17,1.2868699e-22,5.9929584e-10,1.6726329e-14,2.0578388e-16,2.516643e-19
5.4242275e-16,3.842786e-14,6.577423e-17,2.1346367e-16,4.0672376e-18,1.5644792e-20,8.420966e-25,5.359479e-16
9.5259595e-15,5.511602e-12,9.14217e-16,1.552401e-25,9.707106e-14,2.5477294e-17,5.6978034e-17,4.7482463e-19
1.9841641e-19,2.5029153e-14,2.4744193e-15,1.7466983e-16,1.6859454e-13,8.071142e-15,1.3570933e-12,2.4238295e-16
7.6733073e-20,2.192376e-20,4.255266e-17,1.5889501e-23,2.0152502e-10,4.280734e-15,5.2751984e-17,4.616224e-19
1.9130464e-15,2.8304487e-16,3.0559855e-18,1.6060798e-16,1.1985666e-21,3.301961e-20,5.010595e-27,6.820809e-17
3.995511e-12,3.3429468e-10,4.3185582e-14,1.44056e-23,1.2478313e-11,3.5211917e-17,4.3124793e-16,7.237419e-20
6.617281e-19,1.11576e-14,1.0284779e-15,2.1758917e-16,3.9849814e-14,2.125764e-15,4.0410576e-13,4.962192e-17
9.494188e-21,3.3631179e-21,4.2622007e-18,2.6653575e-24,7.359951e-12,1.4642837e-16,9.455347e-18,7.0653994e-19
1.093523e-16,2.3209958e-13,1.6009354e-16,1.2749123e-16,1.0325382e-16,4.366116e-21,1.6502049e-24,6.047263e-16
8.3617667e-13,9.93874e-11,1.2808487e-14,3.1493526e-24,2.4587008e-12,2.7586432e-17,4.865122e-16,2.20231e-19
3.326009e-18,1.9153465e-15,1.1191007e-16,9.606195e-17,7.716094e-15,5.92659e-16,2.037011e-14,3.3427477e-18
9.591528e-21,1.8218742e-21,2.6714735e-18,8.756086e-25,3.3598185e-12,7.9964185e-17,3.9419362e-18,6.5178213e-19
3.6319428e-16,4.0883238e-14,6.788181e-17,2.990462e-16,4.4098107e-18,2.3778051e-20,3.3926188e-25,3.09554e-16
3.701631e-14,1.7677542e-11,3.1785636e-15,7.1249227e-25,3.473511e-13,3.7827777e-17,7.2064365e-17,2.177242e-19
4.564256e-18,9.698768e-16,4.776264e-17,7.060207e-17,4.857521e-15,2.2262342e-16,9.014733e-15,1.0225848e-18
5.0544984e-20,2.451526e-20,2.2523724e-17,3.8190577e-23,3.1701375e-10,7.0673016e-15,8.6953074e-17,2.2542784e-19
6.741476e-16,2.3421526e-15,8.33439e-18,7.790916e-17,3.7711015e-20,1.0137747e-20,3.1753704e-26,1.6022246e-16
2.5631109e-14,1.2183465e-11,1.4046905e-15,2.4062866e-25,1.9920156e-13,2.3327608e-17,6.259986e-17,2.0261559e-19
2.5929762e-19,1.4344798e-14,1.2353486e-15,1.4105158e-16,7.456962e-14,4.1764217e-15,6.045693e-13,9.640224e-17
5.3933472e-21,1.7505228e-21,1.3509015e-18,2.2230164e-25,8.90085e-13,1.5598871e-17,1.813653e-18,9.531066e-19
7.4500174e-16,7.2276935e-16,5.379465e-18,9.0942685e-17,7.1113606e-21,1.0925033e-20,1.1343358e-26,9.8097956e-17
1.46353e-12,1.6449718e-10,1.8768724e-14,4.1661547e-24,4.364546e-12,2.1737752e-17,3.552671e-16,8.1064824e-20
1.6450382e-17,5.236945e-16,1.3295982e-17,1.1941019e-16,2.1230817e-15,5.7268725e-17,3.9501013e-15,2.064015e-19
8.5782035e-20,3.1681202e-20,3.235902e-17,3.302094e-23,7.3159936e-11,1.9824508e-15,8.027655e-17,1.9499342e-18
1.5692402e-16,8.577969e-14,7.85247e-17,1.3172505e-16,1.7966042e-17,5.650498e-21,7.200389e-25,3.511107e-16
4.3384197e-15,3.146922e-12,6.8980823e-16,5.9360396e-26,5.3364316e-14,1.512252e-17,3.4347722e-17,3.7429271e-19
4.560149e-18,1.0328072e-14,9.530643e-16,3.892242e-16,4.1440806e-14,2.591261e-15,2.0756714e-13,4.3101745e-17
9.3296855e-20,8.674887e-20,3.438154e-17,1.920549e-22,2.4306102e-10,8.2051895e-15,3.1237365e-16,1.5726363e-18
1.661982e-15,1.1175521e-16,1.6759605e-18,1.231955e-16,4.3597896e-22,2.0598216e-20,2.2754446e-27,3.6731835e-17
4.8597964e-13,9.359386e-11,1.7606984e-14,9.2720825e-24,2.5665136e-12,1.0890519e-16,4.2770915e-16,6.6595965e-19
1.8941634e-18,2.5396599e-14,2.2806294e-15,4.7292004e-16,1.2908507e-13,1.0575253e-14,6.294e-13,1.9083368e-16
3.4788474e-21,7.823422e-21,8.378379e-18,9.98147e-25,3.74589e-12,1.9553205e-17,4.4411943e-18,1.4805766e-18
1.2072015e-15,2.3213397e-14,6.844136e-17,3.597114e-16,1.5274237e-18,4.1499842e-20,5.2291953e-25,6.169123e-16
1.8459795e-12,2.527266e-10,5.884817e-14,4.1130832e-23,8.989797e-12,1.6980806e-16,5.599336e-16,4.214953e-19
1.132106e-17,2.3126414e-15,6.3373774e-17,5.2399025e-16,1.9721623e-15,2.0477057e-16,3.3004852e-14,7.6127257e-19
1.4116871e-19,3.8785985e-20,7.8338305e-17,1.8095433e-23,3.948025e-10,7.86531e-15,9.527949e-17,4.8575106e-19
5.5871103e-16,1.358745e-13,1.907478e-16,2.6766376e-16,2.8537572e-17,1.9283104e-20,2.0154588e-24,1.1663566e-15
2.335773e-15,2.2185665e-12,2.7202006e-15,1.9798634e-25,6.528115e-14,2.3300573e-17,4.17094e-17,8.903404e-19
7.7278615e-19,1.4113165e-14,1.4074207e-15,3.1370037e-16,5.2273205e-14,2.6013532e-15,6.2669276e-13,9.1107274e-17
6.3317894e-19,5.9592457e-20,3.871555e-16,5.1994016e-24,4.658036e-10,1.2282305e-14,6.516486e-17,1.5712573e-18
3.1189157e-15,6.8045434e-16,1.9664199e-18,2.551952e-16,2.85533e-21,1.1756142e-19,3.936884e-27,3.4582006e-17
1.3676562e-12,1.317174e-10,1.659069e-14,3.886989e-24,2.7281651e-12,3.0608287e-17,8.341141e-16,3.2560822e-19
1.7741961e-18,1.08663375e-14,1.7131633e-15,9.853719e-16,2.9336258e-14,7.044096e-16,8.4604773e-13,4.6802925e-17
1.2089739e-18,5.984533e-20,7.3824035e-16,3.636101e-24,5.444871e-10,1.1841327e-14,5.4276812e-17,2.1801352e-18
4.897354e-16,5.968489e-14,9.863981e-17,5.0013616e-16,8.255379e-18,4.1880096e-20,6.5640367e-25,3.3592543e-16
2.6701265e-12,1.0631032e-10,9.602175e-15,3.4448637e-24,2.624667e-12,2.8563165e-17,2.5214816e-15,1.2529879e-18
2.0469852e-18,1.0515475e-14,1.862397e-15,1.2991562e-15,2.8611462e-14,4.481841e-16,1.2717721e-12,3.16618e-17
2.2492618e-19,6.377796e-20,2.3796792e-16,7.941516e-25,2.8039507e-10,1.4085218e-15,3.2841277e-17,1.2501805e-18
1.205255e-15,3.6094747e-14,1.8680811e-16,4.7520433e-15,3.193215e-18,4.942049e-19,2.2306445e-25,2.4519425e-16
2.7086334e-12,1.05796934e-10,6.1598845e-15,2.500827e-24,2.7353662e-12,2.1068146e-17,3.5925352e-15,1.4652266e-18
8.965741e-19,5.1461283e-15,3.1891645e-16,9.797945e-16,1.7481198e-14,2.3835677e-16,1.2929977e-12,9.061643e-18
4.1167176e-19,2.820785e-20,2.9257606e-16,1.7595446e-24,3.9443665e-10,6.0691287e-15,3.0433642e-17,1.0379277e-18
2.2357928e-15,2.8346227e-14,1.6919379e-16,1.0175788e-14,1.5705499e-18,1.1795633e-18,1.9901464e-25,2.2352204e-16
4.2541383e-13,2.0582052e-11,2.3849424e-15,4.6178655e-25,7.557873e-13,6.8494347e-18,1.4380677e-15,3.47466e-19
9.036921e-19,6.1242007e-15,1.025563e-15,8.0475573e-16,1.8693197e-14,2.4133946e-16,8.791516e-13,1.7095319e-17
5.377531e-20,1.7234893e-20,6.923201e-17,8.080308e-26,8.701722e-11,3.3701e-16,9.122964e-18,4.280268e-19
1.716696e-15,1.3698243e-14,5.0234047e-17,9.874494e-15,2.418552e-19,1.1475147e-18,3.8915097e-26,4.548494e-17
1.5400485e-12,7.424786e-11,4.0450863e-15,1.0374416e-24,2.0998474e-12,1.0318368e-17,1.5913405e-15,5.320604e-19
2.9834045e-19,1.447838e-15,6.25087e-17,3.2204735e-16,5.941374e-15,6.6409064e-17,5.74039e-13,1.793768e-18
5.823065e-20,1.13089565e-20,7.797635e-17,3.851768e-25,1.5710988e-10,1.6078829e-15,7.604196e-18,2.884619e-19
1.1039557e-15,2.1855064e-14,8.611168e-17,5.7258296e-15,8.500452e-19,4.4389055e-19,6.3991244e-26,1.08588254e-16
1.48309e-13,6.031207e-12,7.980971e-16,5.765689e-26,1.8282938e-13,1.824993e-18,5.227205e-16,1.037935e-19
3.95255e-19,3.1937926e-15,2.8231052e-16,4.7779794e-16,6.6593307e-15,9.8400784e-17,3.6960243e-13,4.4797848e-18
2.3419768e-20,1.27316506e-20,1.8939402e-17,1.8771671e-24,1.5160204e-10,2.6083486e-15,2.4830311e-17,2.6163457e-19
6.6820005e-16,5.4700274e-15,1.6109203e-17,4.124082e-15,4.5214998e-20,3.424002e-19,5.114276e-27,9.9048484e-18
2.9167944e-13,1.879942e-11,2.1034841e-15,1.293147e-25,5.0034114e-13,2.6002778e-18,4.63934e-16,2.107126e-19
2.5385395e-19,3.6742244e-15,4.161185e-16,2.8953722e-16,1.41211895e-14,2.985709e-16,3.1034374e-13,1.6112522e-17
2.4650391e-20,4.4933356e-20,6.0936865e-18,2.772012e-22,6.0165867e-10,2.1903345e-14,3.3159662e-16,1.3793749e-19
4.0167298e-16,9.25308e-15,2.3938633e-17,2.3878918e-15,2.1238143e-19,1.4539621e-19,7.464512e-27,2.4139921e-17
7.2384796e-13,4.4716397e-11,6.6261604e-15,9.257163e-25,1.7431739e-12,8.806665e-18,2.3198679e-16,1.0618561e-19
7.072947e-20,2.7398121e-14,1.5887141e-15,9.325573e-17,2.484813e-13,1.7436476e-14,8.9611527e-13,3.2505398e-16
9.3310025e-20,4.013107e-20,3.4451388e-17,6.454369e-23,7.9900736e-10,1.9142372e-14,1.3539725e-16,1.9216438e-19
1.16075e-16,2.7296197e-14,4.859796e-17,5.1741754e-16,2.0118317e-18,1.8312467e-20,1.6413949e-26,5.886144e-17
4.9418217e-12,4.7397447e-10,6.2380995e-14,2.1633534e-23,1.9800816e-11,3.9257916e-17,2.3913638e-16,2.2660287e-20
1.4003487e-19,2.2361224e-14,2.013132e-15,1.6705049e-16,1.273218e-13,4.6766743e-15,1.3569924e-12,1.6815912e-16
9.268419e-21,1.2898537e-21,2.6266358e-19,1.7641543e-25,8.0681333e-13,5.2858542e-17,3.0744132e-18,2.5591425e-19
3.373893e-17,4.0285058e-13,1.8864566e-16,3.557253e-17,3.545252e-16,5.479343e-22,1.8418005e-24,7.3789397e-16
4.319082e-12,2.9658073e-10,2.7664035e-14,6.783601e-24,9.9398345e-12,1.7707692e-17,5.5343767e-16,6.8158306e-20
8.5683686e-18,3.201549e-16,3.3261737e-18,2.9569288e-17,8.0902844e-15,1.23782e-16,1.1402162e-15,2.0000083e-19
1.1211624e-20,1.1687804e-21,2.9654544e-19,1.9639692e-25,5.9797957e-13,4.3695578e-17,2.2981536e-18,3.2072646e-19
1.02523796e-16,1.7497585e-13,1.4544191e-16,1.8442055e-16,7.0624965e-17,5.438427e-21,1.1134794e-24,3.9820067e-16
1.1814211e-14,7.837407e-12,4.0325277e-16,3.527279e-26,6.734171e-14,1.086831e-17,4.3661088e-17,9.8789534e-20
1.3976017e-17,3.0908672e-16,3.7257493e-18,3.1964707e-17,7.3983635e-15,9.4694664e-17,9.98125e-16,1.5815757e-19
1.4111851e-21,3.575869e-22,5.1598727e-21,2.4229747e-27,1.7319042e-14,1.5528744e-18,1.5098812e-19,8.5587234e-20
5.341131e-16,9.7059064e-17,2.6195127e-18,4.4356598e-17,7.6760513e-22,2.3839709e-21,7.182715e-27,7.286712e-17
1.0915152e-14,7.505715e-12,3.8434197e-16,4.193352e-26,7.1787763e-14,1.3290505e-17,4.3073313e-17,1.3789854e-19
2.551328e-17,2.541003e-17,2.771222e-20,1.3413356e-17,2.4995506e-15,2.6826044e-18,8.37701e-17,8.3121165e-22
3.0797725e-21,3.190664e-22,8.07876e-20,2.8827057e-26,1.9606162e-13,1.19199415e-17,7.989427e-19,1.4059959e-19
6.938989e-16,6.5688226e-17,2.4500982e-18,5.2518064e-17,4.632871e-22,3.723584e-21,6.2229073e-27,8.001698e-17
5.2019824e-16,4.509785e-13,2.868207e-17,2.4466393e-28,3.6554346e-15,7.346741e-19,5.624656e-18,3.113784e-20
6.3567924e-18,8.7197886e-17,9.303356e-19,1.2492611e-17,2.4568686e-15,2.7732461e-17,3.2908265e-16,3.717724e-20
8.20779e-22,2.6547159e-22,9.5444506e-20,2.5123573e-25,9.62393e-13,2.410394e-17,1.2080703e-18,3.462525e-20
3.1332365e-16,7.191627e-19,1.6590583e-19,3.4268015e-17,9.250386e-25,8.325476e-22,5.4628564e-29,3.4584756e-18
4.446693e-15,3.1252449e-12,1.3439279e-16,8.660108e-27,2.648481e-14,5.5029195e-18,1.462095e-17,5.182659e-20
4.2450795e-19,2.9706557e-16,4.1228642e-18,5.5154447e-18,3.0665934e-15,1.8436217e-16,1.1313085e-15,2.0358326e-19
1.2906659e-21,1.8961484e-21,1.772734e-19,1.8327604e-23,1.9642827e-11,5.790184e-16,1.8655591e-17,1.79835e-20
2.9305635e-16,1.9788974e-17,8.181325e-19,2.1277658e-17,8.570047e-23,1.185385e-21,9.166943e-28,2.6120999e-17
5.5050484e-15,6.3240624e-12,3.4716842e-16,1.8820195e-26,6.701024e-14,3.8709455e-18,7.7553294e-18,9.2725565e-21
4.1926286e-20,3.0630041e-15,7.122017e-17,7.351005e-18,4.4037006e-14,3.662386e-15,3.1862676e-14,9.55393e-18
1.3166441e-21,1.6550996e-21,1.3140614e-19,1.7972705e-23,2.1622117e-11,6.851088e-16,1.5671934e-17,1.21818525e-20
7.523927e-17,1.3991814e-16,7.307248e-19,3.5131663e-18,2.034022e-21,1.6324192e-22,2.9243607e-27,3.6341585e-17
1.2591169e-13,5.7789558e-11,4.6557416e-15,4.9227297e-25,1.4175175e-12,8.002792e-18,1.3513814e-17,2.4016605e-21
2.782206e-20,2.9344135e-15,5.9770126e-17,5.90501e-18,4.7977647e-14,3.033226e-15,3.040758e-14,7.6122644e-18
1.0351977e-21,1.9247893e-21,2.038988e-19,2.9301396e-23,7.830642e-11,1.7322007e-15,2.042026e-17,6.0991427e-21
1.578148e-17,7.753833e-15,5.851038e-18,1.8507651e-18,1.7954865e-18,3.197717e-23,9.3606013e-26,1.6692754e-16
1.6220632e-13,6.6297266e-11,3.8991544e-15,3.6090414e-25,1.6805045e-12,5.2306307e-18,1.1997081e-17,1.531558e-21
4.686983e-21,4.47617e-15,1.4873372e-16,5.0607162e-18,5.353518e-14,3.5310282e-15,1.0885262e-13,1.8275439e-17
9.571457e-22,1.276778e-21,9.4061964e-20,1.4806916e-23,3.6108713e-11,1.1291097e-15,1.27002855e-17,4.767953e-21
1.0785873e-17,6.099208e-15,5.3020677e-18,1.5599398e-18,1.9203403e-18,2.000233e-23,7.822566e-26,1.4631671e-16
5.640431e-13,1.1591673e-10,7.381393e-15,5.813706e-25,4.202454e-12,3.0825043e-18,1.22697834e-17,6.8253467e-22
6.659844e-21,2.8756595e-15,6.995704e-17,3.574499e-18,5.831274e-14,2.4410247e-15,4.967995e-14,8.6099145e-18
3.2670385e-22,9.265904e-22,8.4782975e-20,2.1273941e-23,6.005291e-11,1.080087e-15,1.4131865e-17,2.5755052e-21
3.0307695e-18,2.4744916e-14,9.179307e-18,1.3141071e-18,1.9117823e-17,1.0798148e-23,7.604949e-26,1.0414426e-16
3.618603e-13,8.064649e-11,3.9476153e-15,2.120958e-25,2.2041709e-12,2.455544e-18,9.772663e-18,5.022319e-22
1.4162705e-21,3.4081239e-15,1.1144231e-16,2.3612212e-18,4.0006772e-14,3.558016e-15,7.9424985e-14,1.4435293e-17
2.7874194e-22,4.2156383e-22,4.1737194e-20,4.330827e-24,2.9980025e-11,7.171584e-16,6.4271867e-18,1.4226493e-21
3.501954e-18,8.584511e-15,5.853137e-18,1.1071043e-18,5.465618e-18,8.474788e-24,4.7028393e-26,8.636498e-17
3.6364263e-13,8.384773e-11,6.096788e-15,3.448649e-25,3.2506769e-12,2.1652249e-18,5.0157813e-18,2.1970203e-22
1.4377013e-21,1.5421683e-15,4.0996398e-17,1.4807744e-18,2.7710508e-14,1.5757553e-15,2.7946546e-14,5.9711757e-18
9.555182e-23,2.9566845e-22,2.833446e-20,5.466602e-24,6.4115865e-11,1.1393989e-15,7.0114625e-18,6.696218e-22
1.2210105e-18,2.076403e-14,4.8885013e-18,4.1331928e-19,2.149458e-17,3.0482568e-24,3.4065448e-26,7.2243e-17
2.1125492e-13,4.8710206e-11,2.0296335e-15,6.3128095e-26,1.2084427e-12,1.0851031e-18,4.220587e-18,1.3675685e-22
1.7982453e-22,1.5496812e-15,6.835317e-17,9.274619e-19,2.3464195e-14,1.41148e-15,5.6317852e-14,1.0033884e-17
2.3544078e-22,2.3103232e-22,1.7600864e-19,9.0236665e-25,1.1051911e-10,8.1849275e-16,2.399448e-18,5.7664263e-22
1.2236777e-18,6.191429e-15,2.677605e-18,3.970003e-19,4.377363e-18,2.391354e-24,1.22121985e-26,4.1695723e-17
5.654629e-13,7.3237555e-11,3.5132792e-15,1.0759486e-25,3.0648906e-12,6.8493527e-19,2.3492448e-18,3.827225e-23
2.4362345e-22,1.2500537e-15,5.107089e-17,1.3088341e-18,6.9681716e-15,4.3026693e-16,5.875597e-14,4.267618e-18
7.7264596e-23,2.4541246e-22,2.3241326e-20,5.467457e-24,6.183334e-11,1.0049446e-15,5.8894197e-18,4.6795133e-22
1.913298e-19,2.2780004e-14,3.853634e-18,1.8254867e-19,3.5062198e-17,5.1304215e-25,5.6087752e-27,2.6638629e-17
2.476476e-13,3.8604897e-11,1.2700541e-15,1.9260329e-26,9.250584e-13,1.826615e-19,5.5984974e-18,1.135754e-22
1.4088392e-22,1.5497758e-15,5.9560955e-17,7.5422814e-19,2.2616312e-14,1.4745929e-15,5.1007392e-14,8.778122e-18
8.0765915e-23,8.9859247e-23,7.1009e-20,3.0526422e-25,7.8165106e-11,4.72976e-16,1.1909482e-18,2.1225478e-22
4.707325e-19,1.1245023e-14,2.2936957e-18,6.7801255e-19,5.4877213e-18,3.578718e-24,3.403179e-27,1.0192905e-17
4.2304222e-13,6.4950136e-11,2.846573e-15,8.2691827e-26,2.8166568e-12,5.424302e-19,1.816866e-18,2.8601783e-23
7.6130006e-23,6.264671e-16,2.4198926e-17,5.594161e-19,3.8127265e-15,2.1579543e-16,3.354449e-14,2.0607195e-18
6.572512e-23,3.73861e-23,8.220803e-20,5.7150396e-26,5.673248e-11,2.2161852e-16,3.5728885e-19,1.3204561e-22
1.7050298e-19,1.735853e-14,2.7922673e-18,1.2960005e-19,2.942245e-17,3.8441207e-25,4.984116e-27,2.5561987e-17
1.6050839e-13,2.6857423e-11,7.3515467e-16,7.084641e-27,6.361066e-13,7.953541e-20,2.6253249e-18,3.8627492e-23
5.7204135e-23,3.3503472e-16,1.2744207e-17,4.1161676e-19,1.3388167e-15,6.80763e-17,1.8054904e-14,6.7105477e-19
1.990946e-23,7.4974887e-23,7.700721e-21,1.8665776e-24,3.411721e-11,3.6204203e-16,2.3052833e-18,1.4287178e-22
1.66877e-19,7.66303e-15,1.2112266e-18,2.875862e-19,3.3519672e-18,1.077247e-24,9.166943e-28,4.631431e-18
7.48041e-14,1.3304089e-11,2.6714863e-16,1.2594466e-27,2.2560445e-13,2.8502602e-20,2.2167156e-18,3.4522847e-23
4.150073e-23,7.3643734e-16,2.5542492e-17,2.6547199e-19,1.058611e-14,6.734973e-16,2.8619214e-14,3.2475868e-18
1.32012315e-23,3.8304233e-23,7.620882e-21,5.1036397e-25,3.991514e-11,3.1144795e-16,1.1059562e-18,6.266178e-23
1.7249899e-19,2.536638e-15,5.2956573e-19,3.4447805e-19,5.967301e-19,1.5106092e-24,2.3912214e-28,1.7917437e-18
1.9080267e-13,3.807175e-11,1.544582e-15,2.4141375e-26,1.6023991e-12,1.9899552e-19,6.0675885e-19,8.479704e-24
1.6155308e-23,4.5503886e-16,1.55236e-17,1.6951912e-19,5.0672535e-15,3.247379e-16,2.177318e-14,1.9233389e-18
1.4962036e-23,5.2559994e-23,7.866875e-21,7.3868768e-25,4.7339143e-11,4.5105526e-16,1.8140404e-18,8.0545614e-23
5.874605e-20,9.080066e-15,9.637604e-19,3.8099254e-20,1.2300526e-17,9.505035e-26,1.2879569e-27,9.704531e-18
1.4746226e-13,2.7078033e-11,8.011628e-16,7.456572e-27,9.582826e-13,7.0827204e-20,5.3370494e-19,4.9442997e-24
1.8615937e-23,5.2350077e-16,2.0754893e-17,2.1641339e-19,6.670161e-15,4.527239e-16,2.3358545e-14,3.1540874e-18
1.4456742e-23,1.3399098e-23,2.0574656e-20,2.4252416e-26,3.9493256e-11,1.5570637e-16,2.3379523e-19,3.2822893e-23
3.0083166e-20,7.6252676e-15,6.713928e-19,3.6139136e-20,7.736035e-18,6.836068e-26,4.752193e-28,4.302813e-18
2.2417993e-13,3.388394e-11,1.1203229e-15,1.3277877e-26,1.2565433e-12,1.1451089e-19,5.941339e-19,5.6943502e-24
1.20078506e-23,1.7015432e-16,5.695367e-18,1.4955902e-19,1.0487549e-15,5.321381e-17,1.03157474e-14,4.4600033e-19
6.3579613e-24,1.6120773e-23,3.9164498e-21,2.268704e-25,1.791453e-11,1.01784555e-16,4.3703534e-19,4.0465052e-23
2.982197e-20,1.0577917e-14,9.671229e-19,4.1017922e-20,1.4710573e-17,6.906446e-26,6.576709e-28,5.8876677e-18
4.6008007e-14,9.2069165e-12,1.6391445e-16,6.4699816e-28,1.8499933e-13,1.3802426e-20,7.5227724e-19,6.963702e-24
1.3691337e-23,2.6927985e-16,7.628631e-18,9.1474886e-20,2.6802151e-15,1.7313475e-16,1.1414093e-14,6.8115976e-19
3.0217212e-24,6.646966e-24,2.2756775e-21,5.707262e-26,2.2798293e-11,1.0080426e-16,2.2081563e-19,1.4989801e-23
3.5953916e-20,2.6912797e-15,2.9300562e-19,9.3368774e-20,6.571999e-19,2.3533715e-25,7.23722e-29,1.0570069e-18
5.2558032e-14,1.4741066e-11,4.1818877e-16,2.4419224e-27,4.5555443e-13,4.1926128e-20,2.7312064e-19,3.1064696e-24
2.8330084e-24,1.3689818e-16,4.5242648e-18,4.6298543e-20,1.3645977e-15,6.315729e-17,7.9182935e-15,4.0272795e-19
1.8847812e-23,1.4344997e-24,5.441376e-20,1.7418103e-28,7.443002e-12,1.21794545e-17,7.0995426e-21,3.8318117e-23
2.8706654e-20,2.6957393e-15,2.5581765e-19,1.8875612e-20,1.7109075e-18,4.623698e-26,1.7827421e-28,2.439057e-18
7.0073064e-14,1.3211034e-11,2.439897e-16,8.038856e-28,3.930707e-13,1.3245691e-20,1.7978503e-19,1.0078577e-24
2.3025351e-23,2.0053733e-17,1.1452625e-18,1.2866116e-19,4.131242e-17,8.2052357e-19,2.0340437e-15,1.0300497e-20
2.9723894e-24,2.5749315e-24,4.3198284e-21,8.243383e-27,1.548092e-11,3.25256e-17,4.991288e-20,7.59423e-24
7.26552e-21,2.5179539e-15,2.0318217e-19,1.2958218e-20,1.8131065e-18,1.3850644e-26,4.0686733e-29,9.351177e-19
7.424401e-15,1.1647645e-12,9.3915415e-18,1.08901144e-29,1.3134959e-14,1.6820747e-21,6.30441e-19,1.7925802e-23
2.9476048e-24,7.5346115e-17,2.0874618e-18,3.5456506e-20,3.5963452e-16,1.6825401e-17,4.4283437e-15,1.0171686e-19
7.103135e-24,4.3527703e-25,4.181815e-20,6.619286e-31,8.5836194e-13,3.002918e-19,9.789061e-22,6.9820596e-23
1.1311682e-19,6.180968e-17,3.8899933e-20,4.51857e-19,1.7542661e-21,3.0655381e-24,9.895191e-31,8.418419e-20
1.5254586e-14,4.493739e-12,6.202746e-17,9.188785e-29,8.5272846e-14,3.3631051e-21,1.5785499e-19,1.3816674e-24
1.8391265e-23,1.122884e-18,3.8281505e-20,7.46864e-20,6.1269487e-18,3.246543e-20,1.1598477e-15,1.4630787e-22
1.51599e-23,3.3256798e-25,6.27523e-20,6.572564e-30,2.482147e-12,3.1686915e-18,1.1595699e-21,3.983588e-23
1.2430414e-20,5.249987e-16,5.1464486e-20,1.515235e-20,1.388079e-19,3.5166384e-26,1.3084974e-29,3.1572036e-19
5.4312054e-16,5.547128e-14,3.513714e-19,2.5370916e-31,6.219524e-16,3.261236e-22,3.3575838e-19,5.9285327e-24
2.4204207e-23,3.9834e-18,3.5008437e-19,1.08915e-19,7.3167905e-18,7.462233e-20,6.483363e-16,1.1357025e-21
8.933013e-24,2.2775748e-25,4.2340154e-20,2.7653262e-30,1.7516196e-12,2.5557978e-18,9.975166e-22,2.6569028e-23
2.5847497e-19,5.1008163e-18,7.074536e-21,3.1577111e-18,3.5470365e-24,2.962949e-23,1.3279811e-32,4.979438e-21
2.5577428e-15,3.3381053e-13,1.4456228e-18,1.2587676e-30,3.0598277e-15,5.5605793e-22,5.0108446e-19,1.9196397e-23
1.744082e-23,2.3846567e-18,2.0565799e-19,8.7416563e-20,6.2249063e-18,5.9320514e-20,4.2440821e-16,8.339812e-22
6.945741e-24,9.5780126e-26,3.577674e-20,4.2267457e-31,9.475375e-13,9.482361e-19,3.8409165e-22,1.8608908e-23
1.4407828e-19,9.368712e-18,1.5538268e-20,1.1542802e-18,6.681849e-23,9.208142e-24,5.112468e-32,2.1639014e-20
1.7534018e-15,2.2008387e-13,9.700566e-19,8.620209e-31,2.0374372e-15,4.667871e-22,3.5590542e-19,1.2948464e-23
1.1843713e-23,1.0311949e-18,7.463542e-20,4.8914437e-20,2.8970485e-18,1.96885e-20,3.039027e-16,2.2775957e-22
5.652882e-24,2.257817e-25,2.3825175e-20,4.779732e-30,2.2928846e-12,3.3714596e-18,1.3982708e-21,1.392117e-23
9.487567e-20,9.073195e-18,1.2539668e-20,1.0222689e-18,4.4148493e-23,6.8760114e-24,2.5880677e-32,1.631518e-20
7.9818244e-16,9.69103e-14,3.2570014e-19,1.73181e-31,7.2419337e-16,2.058437e-22,2.7842354e-19,8.1988e-24
9.539953e-24,2.9757452e-18,2.2127182e-19,6.03407e-20,8.261963e-18,1.02625765e-19,4.4105892e-16,1.4765134e-21
1.0073317e-23,1.9084225e-25,5.07134e-20,8.25375e-31,1.1581451e-12,9.83853e-19,7.6934643e-22,3.8683672e-23
1.06195735e-19,3.4630173e-18,5.546409e-21,1.0995536e-18,6.996986e-24,8.950375e-24,6.9146464e-33,6.677779e-21
1.9467038e-15,2.88372e-13,1.4071609e-18,1.095114e-30,2.6741184e-15,4.507993e-22,2.6493075e-19,7.4004745e-24
2.0933098e-23,1.3054336e-18,8.624172e-20,7.253975e-20,4.439551e-18,2.849608e-20,5.1667205e-16,3.1307771e-22
4.0824427e-24,3.9533217e-25,1.3969974e-20,5.272691e-29,5.1761503e-12,5.1181635e-18,2.8993769e-21,6.0055602e-24
4.885495e-20,1.3934812e-17,1.22558254e-20,4.387592e-19,1.2097742e-22,2.3856775e-24,4.174044e-32,1.9384957e-20
9.682835e-16,1.1829504e-13,4.651046e-19,3.2700908e-31,9.204458e-16,3.8161034e-22,3.974488e-19,1.02251196e-23
4.0766225e-24,9.909649e-18,3.95851e-19,3.179283e-20,2.1369414e-17,4.8761506e-19,1.0134255e-15,4.594944e-21
2.2024557e-24,2.8962868e-25,7.2902844e-21,4.5104882e-29,5.4485956e-12,6.13366e-18,3.1480364e-21,4.8098896e-24
2.0176255e-19,6.1406133e-18,8.657823e-21,1.9104545e-18,8.176749e-24,1.8157458e-23,1.4350357e-32,8.378942e-21
2.8222992e-15,6.3572086e-13,4.323099e-18,1.953384e-30,5.6365e-15,4.476291e-22,1.9050537e-19,3.2466847e-24
2.2000205e-24,7.54787e-18,3.5227872e-19,2.6178418e-20,2.1891533e-17,4.643228e-19,7.0553646e-16,5.0382485e-21
5.620607e-24,1.8953345e-25,2.5534074e-20,1.8278863e-31,5.8929413e-13,1.5798993e-19,6.34716e-22,5.2656118e-23
2.869286e-20,3.0706523e-17,1.0768917e-20,8.6565395e-20,9.276373e-22,4.4625255e-25,3.190418e-31,3.0389976e-20
3.558858e-15,7.4496453e-13,4.3403333e-18,2.2951083e-30,7.587403e-15,4.2189846e-22,1.3808753e-19,1.6272198e-24
6.726447e-24,4.714783e-19,2.173863e-20,2.7997944e-20,4.2816254e-18,1.9689624e-20,8.994359e-16,5.0906955e-23
8.6019816e-23,7.827529e-24,1.9880583e-19,6.330238e-28,1.3531886e-11,3.787774e-17,3.736406e-20,1.2079435e-22
1.271442e-20,4.3558775e-17,1.3194705e-20,6.52949e-20,1.5479396e-21,1.6132075e-25,1.8217327e-31,3.0029277e-20
4.2145098e-16,5.5919245e-14,1.3822878e-19,1.036362e-31,4.558936e-16,2.3441374e-22,2.1843462e-19,2.8096105e-24
1.0107772e-22,4.4454172e-17,2.672146e-18,4.5165375e-19,1.3206113e-16,2.712032e-18,5.2767328e-15,3.5515526e-20
1.7296802e-28,3.4461087e-26,5.080203e-22,3.5969379e-37,9.186678e-15,3.4958e-26,2.7917426e-20,2.1126985e-24
1.3498962e-19,1.9061813e-18,3.7691866e-21,1.521051e-18,1.2407886e-24,1.5515797e-23,8.3358845e-33,4.0616495e-21
1.5523417e-14,1.8205867e-12,2.2834387e-17,7.6122513e-29,2.292458e-14,7.420388e-21,1.8428815e-18,8.6952484e-23
1.40112e-24,4.886953e-26,2.9305198e-23,2.7344785e-20,7.71006e-23,1.9117754e-24,6.845745e-20,3.4051327e-24
1.1840397e-26,5.9402527e-26,1.0895069e-20,9.284464e-33,7.488261e-14,4.414628e-24,3.0187763e-21,2.481415e-22
3.6125787e-19,1.440708e-16,1.1881342e-19,1.5194098e-18,5.825996e-21,1.9957515e-23,6.967533e-30,2.8741075e-19
1.3896862e-24,5.1415065e-19,8.073731e-22,3.8086378e-32,3.3178647e-23,3.7213167e-26,7.7271514e-27,8.589709e-25
1.9718221e-24,3.8340908e-24,2.7556504e-21,4.8048007e-20,1.0822737e-21,5.4623344e-22,2.122204e-18,1.1868124e-25
2.9069653e-27,2.0147035e-26,3.0334714e-21,2.1641678e-33,4.1771887e-14,2.862611e-24,1.3220595e-21,9.7075424e-23
3.115519e-20,5.4899424e-25,1.3935767e-25,1.7493175e-25,8.787728e-28,1.0195513e-24,1.2061541e-34,1.3563353e-23
2.8791053e-23,1.01851755e-16,1.9511748e-20,9.211378e-31,2.9607381e-21,1.5108561e-25,7.707225e-26,1.5498222e-24
2.3810317e-24,2.4213245e-24,1.251591e-21,4.087968e-20,3.1611396e-22,1.3749283e-22,5.030399e-19,5.171111e-26
2.7374657e-26,1.2371486e-25,1.205344e-20,1.8383957e-32,9.7112544e-14,9.245698e-24,6.841094e-21,3.2706047e-22
1.002137e-18,1.5807944e-23,1.6410782e-23,2.1227318e-24,4.5478833e-26,6.2091155e-24,3.5686e-33,1.8719784e-21
8.965787e-24,5.106738e-17,2.6073872e-20,1.287512e-31,6.7672214e-22,1.1530086e-25,2.5050444e-26,1.9698825e-24
3.3078162e-24,1.0181294e-23,3.490865e-21,7.6763524e-20,2.4548844e-21,6.873894e-22,3.9495223e-18,2.812022e-25
2.5643587e-21,8.0101063e-22,2.1731852e-18,2.6259967e-25,1.1957739e-10,1.4231528e-15,3.7887982e-18,5.5588646e-21
4.8500675e-19,6.6233e-24,5.0066477e-24,6.906054e-25,1.6476873e-26,1.6351161e-24,4.7236405e-34,5.2196773e-22
6.1830015e-23,1.3080668e-16,3.8917e-20,1.8863784e-30,6.5651774e-21,3.8134345e-25,1.5630018e-25,2.6411274e-24
2.6796546e-21,1.09687e-15,6.36881e-17,9.966591e-18,4.219692e-15,1.5659393e-16,6.504698e-14,2.7411864e-18
1.0847501e-20,3.729725e-21,1.7567409e-17,3.7957263e-26,1.2717663e-10,2.339544e-16,5.3225147e-18,4.535925e-20
1.4707425e-18,2.4659948e-23,2.0288742e-23,2.7035433e-24,9.4307785e-26,9.359003e-24,6.1299643e-33,2.976592e-21
3.8112983e-13,2.5851795e-11,9.385462e-16,4.2474783e-26,6.203421e-13,5.5070537e-19,3.301223e-17,2.3487842e-21
2.0652742e-20,7.662061e-16,6.0052604e-17,6.437029e-17,3.617647e-15,6.993302e-17,1.710093e-13,6.165561e-19
5.6698255e-20,2.4055679e-20,5.0942467e-17,2.7218373e-25,2.975099e-10,7.919105e-16,3.0738048e-17,2.442156e-19
3.6653572e-18,5.5693877e-15,6.3340876e-18,1.4507777e-17,1.4427579e-18,2.2448268e-22,2.2367092e-27,1.3979217e-17
3.530464e-14,1.01496155e-11,1.906765e-16,1.8705459e-26,2.59382e-13,1.2664286e-18,7.2358835e-17,1.7202051e-20
1.4201727e-19,2.3305307e-15,1.3897129e-16,3.4273134e-16,1.2955861e-14,1.3847914e-16,7.287478e-13,5.168036e-18
2.5405255e-19,1.6120251e-19,3.4486774e-16,1.5354341e-24,5.891725e-10,4.8072885e-15,6.424102e-17,4.5809645e-19
3.782763e-17,4.9365175e-16,2.0865385e-18,2.7311585e-16,1.4473483e-20,3.2637658e-20,2.6833084e-27,1.5439679e-17
1.9823391e-13,1.9494241e-11,1.1268507e-15,2.2016144e-25,8.519421e-13,3.8145682e-18,3.909295e-16,6.5741775e-20
8.4698973e-19,1.2072021e-14,2.5194418e-16,1.4751161e-15,1.2736645e-14,8.0439664e-16,3.1838638e-13,3.9731586e-17
4.2246215e-22,1.4661747e-21,3.812575e-18,1.29363915e-27,2.2957552e-12,5.0835837e-19,3.4318365e-18,1.3825567e-19
3.8091919e-16,5.3539445e-15,1.6379374e-17,2.2762401e-15,1.5019708e-19,2.419798e-19,1.1291378e-26,3.044897e-17
1.981776e-13,1.23603e-11,2.000226e-15,1.4764043e-24,6.9732837e-13,1.905477e-17,2.0377948e-15,4.915895e-19
1.0934212e-19,5.1961455e-18,8.814963e-19,3.0789214e-17,5.9628016e-17,1.6551662e-17,2.7238248e-15,2.2575471e-20
2.0740256e-24,5.158332e-23,1.1933083e-18,1.5549991e-30,1.4101259e-12,6.137954e-22,1.6441025e-18,2.0096818e-20
1.4209722e-15,7.879905e-15,4.436489e-17,1.07832554e-14,5.727697e-19,1.968131e-18,4.7625967e-26,1.2176952e-16
1.5782684e-17,4.4328842e-14,3.5560997e-17,2.3268668e-26,3.7316415e-16,4.264736e-19,5.218749e-19,1.4448385e-20
1.0791859e-21,6.2540504e-22,1.06706583e-19,6.7594172e-18,3.2090252e-20,5.6634265e-20,2.5032121e-17,2.0875453e-22
6.0177175e-23,4.427416e-22,7.2925475e-18,1.7012925e-28,6.113391e-12,1.1277466e-20,7.418616e-18,2.2291628e-19
4.5330456e-16,5.3844127e-18,1.0469818e-19,8.050896e-18,1.4941055e-22,4.9437632e-20,2.0125275e-28,4.8649867e-18
2.812296e-21,1.4162748e-15,9.448565e-19,5.4839266e-28,1.1162765e-19,8.826924e-23,2.836935e-23,1.3423566e-21
6.091051e-21,8.720702e-21,1.5267888e-18,3.360688e-17,8.471674e-19,4.8618306e-19,4.730662e-16,1.0565457e-21
1.2314022e-21,7.0072804e-21,8.6378825e-17,8.508431e-27,3.132163e-11,1.554907e-19,7.41811e-17,3.2316695e-18
4.582962e-17,8.872503e-22,7.321271e-22,2.0690414e-22,9.573164e-24,1.2888062e-21,2.6581505e-30,8.428669e-20
4.5735065e-20,1.5445005e-14,1.2641558e-17,2.0058844e-26,2.1595661e-18,8.603298e-22,3.5330364e-22,6.67121e-21
9.2876776e-20,1.1218558e-19,2.7360064e-17,3.4391658e-16,1.2356161e-17,5.9563196e-18,7.082252e-15,1.891136e-20
2.560379e-22,3.8443926e-21,3.1083773e-17,1.4245836e-27,1.6033784e-11,3.8146953e-20,5.0445864e-17,2.4645716e-18
3.7238064e-16,1.8151945e-20,1.7514318e-20,3.0604255e-21,2.0718924e-22,1.200599e-20,1.5049635e-28,1.4730333e-18
5.5579367e-19,1.3314484e-13,1.19005e-16,9.086603e-25,3.949208e-17,1.1087811e-20,4.695806e-21,9.4636383e-20
8.733723e-20,5.195248e-20,1.0171736e-17,3.3855624e-16,1.9927821e-18,1.634385e-18,1.2038353e-15,1.7425085e-20
1.2929573e-21,3.6702206e-21,1.07201995e-17,7.243279e-26,4.821235e-12,3.5316404e-19,1.1363029e-17,5.8196515e-18
3.956193e-15,3.1474512e-19,2.6387274e-19,4.1097486e-20,4.568221e-21,2.331264e-19,6.2050578e-27,2.2116573e-17
2.5760875e-19,3.7889068e-14,5.6532905e-17,2.3112099e-25,8.535875e-18,6.5860973e-21,2.0495762e-21,6.770843e-20
6.377094e-19,5.671583e-18,3.8740796e-17,3.1495938e-16,1.6848339e-16,6.5287984e-18,4.0878867e-14,1.1578909e-20
1.676834e-21,3.7280465e-21,3.4067797e-18,2.5836352e-27,6.3820078e-12,1.5289444e-19,4.530502e-17,2.9781527e-18
1.5747821e-15,8.3324747e-20,8.838023e-20,2.360291e-20,1.5694757e-21,4.840805e-20,1.1745246e-27,4.341708e-18
1.7388327e-17,7.0375937e-13,1.0598389e-15,1.6517912e-25,7.9477954e-16,8.8480415e-20,9.550314e-20,2.1819895e-19
5.8624296e-19,6.224828e-20,3.379559e-18,5.087646e-16,1.8377506e-17,5.7923845e-19,6.354617e-16,2.4144936e-21
6.07272e-22,2.8267837e-21,1.7099167e-17,3.427647e-27,1.8688056e-11,8.1805416e-20,3.8573126e-17,1.9848387e-18
5.0290853e-15,6.857958e-18,6.130125e-19,4.4578604e-19,2.1098908e-21,5.803197e-20,2.6095867e-27,1.1153157e-17
5.5618394e-19,1.0474904e-13,7.9959606e-17,1.1115224e-25,1.6909305e-17,5.4980644e-21,1.6923468e-21,1.0049732e-19
9.4916216e-20,1.0115348e-19,1.3297757e-17,4.3530058e-16,4.605427e-18,9.907111e-19,2.4153574e-15,5.6610912e-21
2.8676086e-22,8.0817737e-22,1.679583e-18,4.6045783e-28,4.3290037e-12,3.1752465e-20,1.3858688e-17,7.367734e-19
1.9469937e-15,1.6789086e-20,1.3112673e-19,2.23088e-20,6.752007e-22,2.2082564e-20,1.0730292e-27,1.0517706e-17
3.0457072e-19,6.6934996e-14,1.446882e-16,1.7644909e-25,1.4518352e-17,5.7196777e-21,1.0801744e-21,8.869128e-20
8.717846e-20,2.1363838e-20,1.7215921e-18,1.6792771e-16,3.4470297e-18,1.7540137e-19,4.1398576e-16,7.4375285e-22
2.3102878e-22,3.1569337e-22,6.8437854e-20,5.317615e-29,5.3381453e-13,1.2989002e-20,4.0384963e-18,1.889947e-19
1.6011195e-15,5.4129714e-20,7.234575e-20,1.3192945e-20,2.3100687e-21,4.5489557e-20,8.485641e-28,6.0129136e-18
1.4418164e-19,4.096371e-14,3.765659e-17,1.9906922e-26,5.4742983e-18,1.332017e-21,3.4844506e-22,2.8290075e-20
1.4751693e-19,2.8169234e-21,6.9053606e-20,3.5812024e-17,5.7517843e-18,3.48011e-20,3.9092185e-17,3.5153157e-23
1.7882741e-19,2.9688032e-20,1.07638876e-16,6.901765e-24,4.3148846e-11,9.850337e-16,4.0799046e-17,6.241146e-18
6.892085e-16,6.2132953e-21,2.5213693e-20,4.4529778e-21,2.4587537e-22,6.8390065e-21,1.4227526e-28,2.25122e-18
7.836e-20,3.02556e-14,8.431315e-18,1.222473e-27,1.6092611e-18,2.6216165e-22,1.4376786e-22,8.4141765e-21
1.1182423e-17,6.40815e-15,7.7623523e-16,7.8001385e-16,1.7581212e-14,7.836674e-16,2.2055955e-13,1.5091919e-17
9.573132e-23,2.8697099e-22,5.2234295e-19,9.5779614e-29,1.7919817e-12,1.2356801e-20,5.2642796e-18,3.0782017e-19
2.902992e-16,3.3575144e-22,1.11492266e-20,1.7694756e-21,1.0105107e-23,1.0706733e-21,4.0957067e-29,9.125432e-19
2.8734914e-13,3.8677565e-11,9.016176e-15,6.2670838e-24,1.2386395e-12,1.07931215e-16,6.9611005e-16,2.1430872e-18
5.511191e-20,7.494693e-21,4.9875217e-19,7.311326e-17,1.4887434e-18,6.4361605e-20,1.2143369e-16,2.3592444e-22
4.9372715e-23,2.9317512e-22,2.296217e-18,1.3227863e-28,4.2616284e-12,8.89915e-21,5.4618244e-18,3.0984772e-19
3.354902e-15,1.1136508e-14,6.1923674e-17,1.4857786e-15,2.555163e-19,3.392047e-19,1.5612617e-25,4.061133e-16
6.332197e-20,2.0771598e-14,1.6076113e-17,3.951011e-27,1.9124232e-18,5.4401045e-22,1.6399901e-22,1.3096221e-20
1.5518839e-20,1.09066284e-20,1.4306078e-18,7.482853e-17,5.408846e-19,1.3874755e-19,2.6114637e-16,6.021325e-22
1.0259155e-22,9.422383e-22,8.780735e-18,2.5704607e-28,9.683981e-12,1.8730792e-20,1.7679545e-17,5.3954303e-19
3.2703902e-16,2.0958446e-21,9.934273e-21,2.0300533e-21,5.6319203e-23,2.143542e-21,3.3978445e-29,8.2386067e-19
4.3691673e-20,1.3452681e-14,1.8103776e-17,8.222404e-27,1.7120305e-18,6.567352e-22,1.4670358e-22,1.1228658e-20
2.717176e-20,2.0488269e-20,3.0741667e-18,1.454236e-16,8.5337556e-19,5.534052e-19,5.161756e-16,3.4938623e-21
1.6597967e-22,7.6794784e-22,2.25705e-18,3.6121074e-28,4.843457e-12,2.5859813e-20,1.09839295e-17,5.059536e-19
2.936405e-16,5.3831315e-21,9.1368125e-21,1.9781085e-21,1.555836e-22,4.1831214e-21,3.6845e-29,7.4025267e-19
9.1817145e-20,1.7640835e-14,3.1125185e-17,3.3165438e-26,2.7058937e-18,2.3343404e-21,5.392871e-22,2.7182334e-20
6.257254e-20,2.0441741e-20,1.7536132e-18,1.3859753e-16,1.893708e-18,2.229103e-19,3.946469e-16,8.244851e-22
1.1263395e-22,5.06768e-22,1.6915879e-18,8.542608e-28,3.3270851e-12,1.6285021e-20,5.1992785e-18,7.2948257e-19
5.677737e-16,2.427452e-20,2.4485073e-20,7.707745e-21,5.094331e-22,2.1077601e-20,1.8102776e-28,1.4875342e-18
9.7107805e-20,2.9310474e-14,4.6079247e-17,1.4188409e-26,3.1217205e-18,1.4504428e-21,3.4185284e-22,3.0605786e-20
6.330458e-20,1.5187072e-20,3.0329324e-18,7.021665e-17,3.2859307e-18,1.9238368e-19,8.632912e-16,5.854464e-22
2.1838786e-20,1.2398636e-20,1.1791591e-17,4.815728e-24,8.171467e-12,1.4654406e-16,2.3834665e-17,4.9740533e-18
6.147417e-16,8.649339e-21,2.1009207e-20,4.6857318e-21,2.4058773e-22,8.444208e-21,1.3017519e-28,1.4754909e-18
1.01134953e-19,5.347384e-14,8.058674e-17,1.7513464e-26,4.8117576e-18,1.0874549e-21,3.4255385e-22,1.8067526e-20
1.61207e-17,2.8398486e-15,2.005757e-16,4.3307288e-16,8.667928e-15,5.8973615e-16,4.145069e-14,4.715505e-18
1.3474274e-18,1.4583336e-19,5.763321e-16,1.0311017e-23,6.5679817e-10,2.1518777e-14,1.9123594e-16,3.767913e-18
8.2715907e-16,2.260753e-20,4.319583e-20,3.959654e-21,2.1968946e-22,6.032571e-21,2.3708576e-28,1.6867356e-18
4.6743943e-14,1.7827509e-11,7.0906864e-15,2.992287e-24,5.113103e-13,1.2459065e-16,1.3887061e-16,1.1257962e-18
2.9371525e-18,1.4403799e-14,2.6825984e-15,2.0549136e-15,7.918312e-14,1.0068632e-15,2.44588e-12,8.2562644e-17
1.1995977e-18,1.5651963e-19,5.0185236e-16,2.1179849e-23,8.1158213e-10,2.9291307e-14,1.8814619e-16,3.9121106e-18
2.638018e-15,3.3316523e-15,1.7295248e-17,3.1553542e-16,4.2617085e-20,6.361565e-20,4.237638e-26,2.4495213e-16
5.600897e-12,1.66494e-10,1.693974e-14,1.2176816e-23,6.239261e-12,5.274393e-17,4.0222363e-15,1.8145871e-18
2.4001349e-18,2.1159959e-14,3.4247406e-15,2.0046185e-15,8.12764e-14,1.4221e-15,1.9767712e-12,1.03387836e-16
2.7365148e-19,1.2729229e-19,2.620085e-16,2.2915721e-24,1.8759742e-10,2.4830714e-15,4.3566084e-17,2.1535527e-18
1.948591e-15,9.510515e-14,4.017021e-16,1.034412e-14,7.638474e-18,9.681232e-19,5.2129635e-25,4.516355e-16
6.9974165e-12,2.2270565e-10,2.2641216e-14,1.716034e-23,9.021317e-12,6.155039e-17,3.955499e-15,1.6436572e-18
2.9106294e-18,1.0929028e-14,4.3801072e-16,1.983434e-15,2.577711e-14,4.2684042e-16,1.3835085e-12,8.824455e-18
3.8680503e-19,9.347569e-20,3.2278162e-16,1.4840497e-24,2.8869e-10,2.6480094e-15,3.82512e-17,1.8605407e-18
1.4701221e-15,1.0376295e-13,4.9731665e-16,7.660253e-15,1.4121086e-17,5.925699e-19,5.42561e-25,5.8958327e-16
3.41696e-13,1.9190219e-11,7.277525e-15,9.876967e-25,7.2548727e-13,1.4687472e-17,1.3753738e-15,1.4307879e-18
1.3668932e-18,8.325346e-15,3.9830856e-16,1.3070251e-15,2.44682e-14,3.0632015e-16,1.7230461e-12,7.739548e-18
4.0708986e-19,8.343129e-20,3.2992227e-16,1.9275856e-24,3.5516112e-10,4.181363e-15,4.4147784e-17,1.4072199e-18
2.430562e-15,1.6040915e-14,6.15821e-17,7.621807e-15,4.390371e-19,1.1728778e-18,5.9765064e-26,8.249559e-17
5.8604684e-13,2.51009e-11,4.402103e-15,7.017084e-25,9.0174754e-13,9.459569e-18,1.8054069e-15,6.717745e-19
1.1576932e-18,9.203164e-15,5.4331324e-16,1.2700251e-15,2.8094966e-14,3.936981e-16,1.431614e-12,1.213836e-17
3.335524e-19,3.389303e-20,2.09581e-16,1.2289085e-24,2.7192948e-10,5.9380885e-15,3.7476172e-17,1.0610185e-18
2.0732203e-15,1.7297155e-14,7.084569e-17,1.0490196e-14,4.1626073e-19,1.2627815e-18,5.3482803e-26,6.6750676e-17
7.733665e-13,3.2619633e-11,4.6903954e-15,1.0649972e-24,1.2842233e-12,1.1531012e-17,1.7041099e-15,6.65165e-19
8.41059e-19,5.263284e-15,6.4378427e-16,6.864403e-16,2.0350771e-14,3.0112503e-16,7.783921e-13,1.589907e-17
6.1389473e-19,6.6719005e-20,2.3912907e-16,7.146213e-24,4.2910037e-10,1.5550412e-14,1.1163123e-16,1.6719121e-18
1.5202702e-15,1.9782551e-14,7.943245e-17,8.476605e-15,7.033614e-19,1.0262895e-18,6.389246e-26,9.683014e-17
1.4918435e-12,5.2437853e-11,4.6857105e-15,1.2054059e-24,1.5816807e-12,1.23368504e-17,1.4632962e-15,5.6122866e-19
1.0538184e-18,9.92385e-15,1.6364338e-15,7.949676e-16,5.6127615e-14,8.441847e-16,1.4601924e-12,5.0782004e-17
1.219967e-19,8.4882005e-20,3.7679152e-17,1.2120145e-22,2.8554878e-10,1.2325439e-14,3.0779012e-16,1.8548431e-18
7.5756853e-16,2.5247169e-14,1.0215058e-16,4.1447897e-15,1.1679132e-18,3.2541203e-19,5.6470787e-26,1.1070336e-16
4.8676007e-12,1.404137e-10,1.25650375e-14,8.4892186e-24,5.8564932e-12,3.6222414e-17,1.9542784e-15,7.1768284e-19
1.1055766e-18,2.141919e-14,2.315201e-15,5.2887816e-16,1.2105738e-13,5.9565106e-15,8.2871416e-13,1.6128397e-16
5.673222e-20,4.248755e-20,1.8077412e-17,1.1831707e-22,2.858594e-10,9.511799e-15,1.8183031e-16,5.571119e-19
6.57966e-16,6.48661e-14,2.5797892e-16,3.2988467e-15,7.622522e-18,2.6596767e-19,2.494052e-25,3.4851655e-16
3.8301163e-12,2.729084e-10,5.7813394e-14,6.2477045e-23,1.6051254e-11,1.5386008e-16,5.957599e-16,3.6739222e-19
3.348949e-19,1.8506733e-14,1.833586e-15,2.0049995e-16,1.3290634e-13,6.270006e-15,9.679471e-13,1.3700685e-16
1.286292e-20,2.1842701e-20,3.8791938e-18,2.4201172e-22,1.8127093e-10,5.38325e-15,1.4018259e-16,1.7717535e-19
3.014779e-16,1.6613466e-13,2.842221e-16,3.7422617e-16,4.7671077e-17,1.9779813e-20,9.18022e-25,1.1084455e-15
2.9150551e-12,2.5089286e-10,4.331031e-14,2.8975054e-23,1.4577166e-11,6.352868e-17,3.1813398e-16,9.530189e-20
1.00601654e-19,1.9363658e-14,1.1559298e-15,6.3596815e-17,1.4645624e-13,1.3398749e-14,5.53543e-13,1.1113367e-16
4.5498927e-20,5.032544e-21,2.5097522e-17,1.2124849e-24,2.2032275e-10,3.2424296e-15,1.2523386e-17,1.3357226e-19
1.2636742e-16,1.8032029e-13,1.6222494e-16,1.39979e-16,5.556904e-17,5.288445e-21,8.82705e-25,7.628289e-16
1.393514e-12,2.2965681e-10,4.1659377e-14,1.8343272e-23,1.2688969e-11,4.535205e-17,9.794465e-17,1.9988403e-20
6.273028e-20,2.8759337e-15,4.3661605e-16,8.4650607e-17,1.3681897e-14,2.0982418e-16,3.9539113e-13,1.0708143e-17
2.9471495e-20,1.3111516e-20,1.4056593e-17,2.6987638e-23,1.3938611e-10,2.4458527e-15,4.1373923e-17,2.5031046e-19
4.7545045e-17,1.3888725e-13,6.9073995e-17,1.9364366e-17,7.0662155e-17,5.5425574e-22,8.743402e-25,7.253519e-16
1.5182586e-12,6.462144e-11,3.2617204e-15,4.9363444e-25,2.3096605e-12,3.4298866e-18,2.3849957e-16,3.7623506e-20
2.7539402e-19,1.07099574e-14,7.1221564e-16,9.7472025e-17,4.1219764e-14,2.917025e-15,2.9661934e-13,3.535742e-17
9.464613e-20,4.2228856e-20,1.1812216e-16,3.1164026e-25,6.3155564e-11,5.9301407e-16,1.2650048e-17,9.445537e-19
6.353305e-17,1.8251151e-14,3.6671213e-17,2.836718e-16,2.1971e-18,8.1208085e-21,2.0660637e-26,6.238007e-17
5.133301e-13,8.990522e-11,1.1772553e-14,2.8282247e-24,2.8356475e-12,2.0340727e-17,1.787595e-16,6.85578e-20
1.0911092e-18,3.527904e-15,9.9424456e-17,7.0285015e-16,1.0539973e-14,1.55152e-16,7.409782e-13,1.511634e-18
6.1862403e-21,1.1357377e-20,1.1765621e-17,6.666057e-25,3.2647442e-12,1.6243604e-17,5.070668e-18,2.792587e-18
1.7120517e-16,2.9639123e-14,3.385987e-17,7.294277e-17,4.631396e-18,4.205201e-21,3.0448266e-25,3.1703151e-16
1.1562948e-13,5.5262028e-12,2.0533936e-15,1.5199609e-25,1.856398e-13,4.4678043e-18,5.531464e-16,4.7198037e-19
9.407784e-18,1.9907563e-15,4.1930834e-17,4.712381e-16,2.5439637e-15,1.9679078e-16,5.8698624e-14,4.043983e-19
8.7341764e-23,1.173802e-22,5.574706e-21,1.9563754e-29,5.2714445e-14,2.718315e-21,8.4444423e-19,1.05129215e-19
1.160516e-15,5.1205738e-15,1.9115709e-17,3.8798806e-15,6.7451926e-20,5.4817347e-19,1.13216554e-26,2.4137893e-17
3.0108385e-15,1.6385103e-12,2.2140736e-15,2.253377e-25,6.223731e-14,2.2477889e-17,4.982545e-17,8.104539e-19
2.2862954e-19,7.461058e-22,1.0529533e-20,8.7255734e-18,1.0015949e-17,9.737521e-21,1.6440656e-17,2.144561e-24
6.083272e-21,5.8574832e-21,1.1346221e-17,1.412594e-24,3.8100937e-12,2.909221e-17,3.591694e-18,1.825404e-18
3.5056483e-15,6.1398464e-16,2.2707297e-18,3.6996933e-16,2.3253465e-21,1.5822877e-19,4.0998064e-27,3.6144018e-17
3.9684872e-20,3.5122492e-14,6.1343156e-18,8.9000984e-29,5.4593636e-19,4.7455935e-23,8.232433e-23,4.403198e-21
7.195911e-18,2.3711718e-15,7.534928e-17,2.870452e-16,1.8349575e-15,2.9738758e-16,2.424706e-14,6.800641e-19
1.8883843e-18,9.907145e-20,9.837005e-16,3.088686e-24,4.3764456e-10,1.0945675e-14,6.908085e-17,3.8420525e-18
2.2240782e-16,1.03152335e-22,8.777976e-21,3.9524832e-22,8.08941e-25,2.2880892e-22,2.0335793e-29,2.5279195e-19
4.7718795e-15,3.5636522e-12,2.5151316e-15,3.255352e-25,1.0049552e-13,2.8839397e-17,5.4358038e-17,7.481076e-19
2.6036624e-18,1.0468887e-14,1.3898516e-15,1.3966279e-15,3.6821606e-14,5.637787e-16,1.8030868e-12,2.408124e-17
3.4089488e-19,5.1138842e-20,2.0495267e-16,1.4328325e-23,7.107396e-11,1.872077e-15,4.8459853e-17,6.8748263e-18
2.1941383e-15,6.828128e-16,2.7852567e-18,1.9140452e-16,4.36074e-21,8.325357e-20,5.9839637e-27,5.976329e-17
3.0215897e-12,7.874662e-11,6.203415e-15,3.0398376e-24,2.2358857e-12,2.709686e-17,4.680726e-15,1.9467381e-18
1.0017706e-17,1.1090551e-14,1.1675808e-15,1.010642e-15,1.8837332e-14,1.0481029e-15,3.275483e-13,1.8497284e-17
5.920957e-18,4.3626576e-19,2.565746e-15,3.4220496e-23,1.3016205e-09,1.8350249e-14,2.9951773e-16,1.2869125e-17
2.8596883e-15,2.8258986e-14,2.1374317e-16,1.3983585e-14,1.4446911e-18,1.8832551e-18,2.6248149e-25,2.5709962e-16
5.14423e-13,5.3780987e-11,1.0477918e-14,8.055357e-24,1.7647281e-12,1.101259e-16,1.1170795e-15,2.7468493e-18
5.504998e-18,3.192448e-14,7.301996e-15,3.156367e-15,9.482675e-14,2.3370029e-15,5.359347e-12,9.0835204e-17
3.900279e-18,6.0706444e-19,2.0876004e-15,4.4235984e-23,1.7353807e-09,1.858466e-14,3.392984e-16,1.07971935e-17
3.9797e-15,1.1228778e-14,8.2420726e-17,2.1018479e-15,4.5665705e-19,5.193903e-19,2.5169615e-25,4.604167e-16
4.3284838e-12,3.2093722e-10,1.2490151e-14,1.9138851e-23,8.743159e-12,1.2790773e-16,9.363117e-15,4.274885e-18
4.652042e-18,4.1821076e-14,6.58858e-15,4.336765e-15,1.10655185e-13,3.2229455e-15,5.14863e-12,1.142105e-16
9.941226e-18,9.286372e-19,4.2867634e-15,6.107378e-23,1.5855405e-09,2.7214579e-14,5.6145224e-16,1.9021726e-17
6.6155272e-15,3.4938015e-14,3.4744926e-16,2.2455469e-14,3.1014467e-18,6.287553e-18,4.462664e-24,1.0754535e-15
2.9505873e-12,2.6846833e-10,1.3225889e-14,2.152504e-23,1.0038451e-11,1.2085556e-16,8.336534e-15,3.3098083e-18
9.781727e-18,4.9422692e-14,8.19543e-15,4.8605796e-15,1.4307807e-13,4.5554093e-15,6.224403e-12,1.7356923e-16
2.725099e-18,1.8419037e-19,1.2143884e-15,9.853001e-24,3.6296685e-10,1.08490665e-14,1.2799023e-16,7.703377e-18
6.0839404e-15,4.0607427e-14,3.4375787e-16,2.7531596e-14,3.791082e-18,6.7175954e-18,3.2189621e-24,1.1197375e-15
6.178615e-12,3.0413153e-10,1.9514338e-14,4.6764416e-23,9.78297e-12,2.2464354e-16,1.5584322e-14,7.554784e-18
7.0228395e-18,1.9922996e-14,1.9695909e-15,2.088596e-15,4.7353977e-14,1.1296482e-15,1.8162964e-12,3.8460722e-17
2.81156e-18,4.736939e-19,1.3938921e-15,8.792105e-24,6.7790706e-10,8.203406e-15,3.3353e-16,9.763721e-18
9.0137e-15,6.047857e-14,6.162537e-16,3.5660416e-14,6.4895917e-18,1.2884105e-17,8.989588e-24,1.6031487e-15
2.6847422e-12,9.6643714e-11,1.1581416e-14,7.974245e-24,2.6274618e-12,7.667964e-17,6.2646027e-15,4.549203e-18
3.787873e-18,1.7541319e-14,2.1536463e-15,2.3644967e-15,9.399374e-14,2.1499934e-15,4.4981987e-12,4.1461932e-17
4.6931017e-21,1.5699554e-20,1.02949794e-16,1.7742237e-25,2.8721463e-11,4.609221e-19,6.4046974e-17,1.2556201e-17
5.732189e-15,2.9059258e-14,2.388665e-16,1.2246842e-14,1.8158753e-18,3.1211485e-18,7.3703546e-25,4.756575e-16
1.9049478e-12,1.2006464e-10,7.80422e-15,8.691397e-24,3.181449e-12,9.9799116e-17,6.3140254e-15,2.990927e-18
3.7129635e-19,1.7325152e-18,1.0773171e-16,5.963237e-16,1.06414476e-16,1.7322517e-17,5.272752e-14,2.9704573e-20
1.6000768e-21,9.723935e-21,7.1635416e-17,1.0102817e-26,3.8705386e-11,1.4765036e-19,1.05447886e-16,4.160752e-18
3.7386967e-15,2.5861766e-14,2.1411613e-16,1.55209e-14,1.4576836e-18,5.2642994e-18,2.3073525e-24,6.0423746e-16
6.8649725e-18,6.4416604e-13,7.1151503e-16,2.3342479e-24,4.2157478e-16,5.603834e-20,3.8612965e-20,2.3806018e-19
1.0953665e-19,2.240245e-19,2.7327935e-17,7.2314167e-16,7.451147e-18,3.552857e-18,5.423382e-15,2.3681284e-20
1.556579e-21,7.619458e-21,5.4141158e-17,1.2041133e-26,4.1342027e-11,1.138167e-19,8.7521803e-17,4.550331e-18
9.714955e-15,2.416727e-18,1.0819782e-18,2.718079e-19,1.1868742e-20,3.7919337e-19,2.6029467e-26,4.7448655e-17
7.5031103e-19,8.461555e-14,1.4786648e-16,8.456893e-25,3.2045652e-17,1.3774654e-20,3.5094107e-21,1.3515347e-19
7.1898125e-20,1.8204935e-19,3.2557127e-17,7.1474414e-16,7.1922345e-18,2.4132908e-18,6.129903e-15,1.5272124e-20
2.482136e-21,1.1096739e-20,7.476862e-17,2.7781358e-26,4.8179922e-11,1.6622069e-19,1.1755711e-16,7.703788e-18
2.9528964e-15,1.2086782e-19,1.6143452e-19,3.5423787e-20,7.081475e-21,1.6621308e-19,3.8243707e-27,1.4241779e-17
6.309582e-19,8.006457e-14,1.2311423e-16,8.816786e-25,3.2838273e-17,8.130728e-21,1.6262231e-21,8.448111e-20
1.5031401e-19,3.3330436e-19,5.8905014e-17,1.0495954e-15,1.280048e-17,3.1640655e-18,1.06412554e-14,2.169042e-20
1.7929855e-21,1.491326e-23,7.03813e-17,1.3414025e-24,5.1238175e-15,1.4597105e-16,8.407832e-19,1.06004246e-20
2.424293e-15,6.1162006e-20,1.5311916e-19,2.3007652e-20,7.734134e-21,1.1363971e-19,2.8455355e-27,1.4531706e-17
1.1277908e-18,1.3859535e-13,2.6387917e-16,1.4718492e-24,5.4677896e-17,1.3725662e-20,2.8805365e-21,1.709843e-19
4.3804826e-20,2.8336544e-18,2.327925e-17,2.8252599e-16,1.3443117e-17,8.620957e-18,2.711135e-16,3.6695206e-21
1.1012099e-21,5.3145135e-21,3.5440874e-17,1.0066348e-26,2.8609868e-11,9.378535e-20,5.995898e-17,4.792706e-18
3.6491933e-15,1.1565582e-19,2.2567304e-19,3.2903555e-20,1.2760434e-20,1.6725363e-19,5.414997e-27,1.9652734e-17
4.8201696e-19,6.13999e-15,2.3576544e-20,1.2168823e-24,2.7168871e-19,3.8643112e-23,1.966913e-20,2.5480812e-23
1.0147271e-19,1.6022773e-19,2.77037e-17,7.125445e-16,6.6704056e-18,1.6119767e-18,4.0879e-15,1.00952975e-20
1.6259874e-21,7.002525e-21,3.0911372e-17,1.4203193e-26,2.899646e-11,1.2336086e-19,7.402647e-17,5.1509513e-18
3.699875e-17,1.990852e-18,8.789779e-19,5.483928e-20,8.0721907e-22,5.885265e-18,3.5159235e-28,4.7533024e-19
5.042927e-19,7.638678e-14,1.264441e-16,5.5722073e-25,2.511505e-17,6.86216e-21,1.3413021e-21,8.996262e-20
1.5546874e-19,1.9980559e-19,2.8743514e-17,8.3277564e-16,9.997015e-18,1.585128e-18,5.2926388e-15,9.4880686e-21
4.552979e-22,2.3758546e-21,2.0664356e-17,1.05549566e-26,1.762371e-11,3.878761e-20,2.3288842e-17,2.9885773e-18
2.1542295e-15,5.148118e-20,1.3127537e-19,1.9032728e-20,5.005472e-21,7.0479523e-20,1.7891402e-27,1.1560168e-17
7.6033806e-19,1.1639377e-13,1.9202909e-16,5.501284e-25,3.352749e-17,7.8659755e-21,1.7466472e-21,1.3055374e-19
5.375357e-20,9.678642e-20,2.7262232e-17,2.6927678e-16,5.9915512e-18,8.92527e-19,6.7943795e-15,4.185803e-21
6.8398643e-22,3.40293e-21,2.840366e-17,6.1610923e-27,2.477636e-11,5.959041e-20,4.2284053e-17,3.0775575e-18
2.8186197e-15,5.459111e-20,1.468292e-19,2.2047632e-20,5.449932e-21,7.8290984e-20,2.54934e-27,1.1893824e-17
3.671807e-19,9.437241e-14,1.6963261e-16,2.802876e-25,2.295281e-17,3.2658811e-21,8.713648e-22,4.4414607e-20
5.489998e-20,1.1778317e-19,2.082913e-17,4.9458857e-16,4.1666444e-18,1.0546306e-18,3.6837814e-15,6.5275193e-21
6.7041156e-22,2.422927e-21,2.2312324e-17,5.5815225e-26,1.44246325e-11,5.1886335e-20,1.7248337e-17,7.3559145e-18
1.8302457e-15,6.9715835e-20,9.5634377e-20,8.738818e-21,2.906697e-21,3.646206e-20,1.3920662e-27,5.945174e-18
3.633739e-19,5.956763e-14,9.0025236e-17,3.295585e-25,1.9335946e-17,4.1655576e-21,8.62854e-22,5.89861e-20
8.964573e-20,2.2510816e-19,8.014956e-17,2.7961714e-16,2.4835995e-17,1.2432134e-18,3.1705663e-14,2.164718e-21
1.0602336e-18,3.8016378e-19,5.6435757e-16,3.437829e-23,1.01655066e-10,1.5730648e-15,1.3128459e-16,3.080096e-17
1.6042621e-15,3.3215806e-20,7.4979e-20,1.08299284e-20,3.48779e-21,4.6979765e-20,9.429977e-28,7.380255e-18
8.372178e-19,4.7237805e-13,6.685952e-16,2.9112074e-25,7.1715533e-17,2.892031e-21,1.7506228e-21,8.155957e-20
3.9767217e-17,3.6433808e-14,1.2961563e-15,4.704157e-15,6.5407776e-14,1.6781766e-15,2.6059161e-12,1.9269528e-17
1.9774587e-22,9.466263e-22,9.7274356e-18,6.945174e-27,9.490248e-12,1.9861169e-20,8.1149685e-18,1.9257027e-18
4.9102635e-15,3.0484273e-19,2.7793116e-19,8.464462e-21,4.0588153e-21,4.17716e-20,3.4935187e-27,8.127795e-18
3.4043593e-13,3.3469515e-11,2.015892e-14,1.4306696e-23,1.8426974e-12,1.9087518e-16,2.9610294e-15,7.326929e-18
3.4107555e-20,5.001485e-20,1.8750768e-17,1.2056868e-16,4.2567736e-18,4.4534065e-19,5.3754324e-15,1.5351378e-21
2.963926e-20,3.795854e-20,2.9053614e-17,5.3489392e-24,5.5241475e-12,4.068838e-17,1.3528e-17,1.0140394e-17
2.6002385e-14,1.9872936e-14,1.1769891e-16,1.3383066e-14,3.9344378e-19,5.8513503e-18,6.2806265e-25,5.6061114e-16
2.0024205e-19,8.63913e-14,1.4773341e-16,1.1054967e-25,1.5204193e-17,1.5316281e-21,4.7003554e-22,2.1754393e-20
2.4304393e-17,7.865339e-15,1.0926348e-16,9.868803e-16,9.679996e-15,4.595832e-16,2.6928695e-13,1.0130451e-18
7.047892e-22,2.1026915e-21,1.18513425e-17,5.407094e-26,6.964382e-12,9.504883e-20,8.765808e-18,4.7980475e-18
1.3488643e-15,6.066081e-20,7.1618377e-20,4.4423904e-21,1.2474109e-21,1.5432471e-20,7.109871e-28,3.4874497e-18
8.597686e-15,3.897391e-12,5.7420164e-15,1.1892557e-24,2.1336425e-13,7.154338e-17,1.8736549e-16,1.5342504e-18
1.2438199e-19,1.1165795e-18,4.045144e-17,2.0643016e-16,5.0686984e-17,2.404717e-18,3.4989766e-14,2.2161372e-21
1.3741739e-21,4.3176865e-21,1.9064513e-17,1.4437658e-25,8.459013e-12,1.8271726e-19,1.26487935e-17,7.568687e-18
1.3163977e-14,2.0069213e-15,6.9062364e-18,1.0380203e-15,7.943471e-21,5.997493e-19,2.2686164e-26,1.0483503e-16
2.9275105e-18,5.340019e-13,6.421434e-16,1.1242687e-25,1.9837281e-16,9.204714e-21,9.260574e-21,8.551804e-20
2.4944115e-19,2.9297337e-18,5.9118195e-17,3.012583e-16,1.01373816e-16,5.365795e-18,5.4475094e-14,4.744385e-21
6.5840656e-20,3.671217e-20,5.743609e-17,5.85495e-24,1.074656e-11,1.03259735e-16,1.6436957e-17,9.940961e-18
4.2907555e-15,8.5833797e-19,2.7091765e-19,3.7097483e-20,1.9962257e-21,3.6598765e-20,1.632091e-27,6.575438e-18
6.5710256e-18,7.16547e-13,9.867109e-16,2.407306e-25,3.9715088e-16,2.451498e-20,2.62316e-20,1.4168554e-19
2.0376218e-17,8.574529e-15,2.0154054e-16,1.0069516e-15,1.090167e-14,4.957124e-16,2.9689838e-13,1.80517e-18
1.7934124e-18,1.1072178e-19,8.781112e-16,1.24086006e-23,3.2112216e-10,8.510756e-15,7.725805e-17,6.9162027e-18
6.178499e-15,1.933048e-18,5.0235723e-19,1.0599337e-19,3.3533431e-21,7.09194e-20,3.7884047e-27,1.10680935e-17
2.3188616e-14,7.561827e-12,5.540949e-15,1.6144089e-24,3.491099e-13,7.398131e-17,3.3062528e-16,1.8880242e-18
7.656123e-18,1.8309485e-14,2.6298094e-15,1.7750181e-15,4.2392972e-14,8.551104e-16,1.4823755e-12,3.9255818e-17
4.114968e-22,1.4959939e-21,1.395721e-17,4.4844345e-26,9.047043e-12,3.0500773e-20,8.56363e-18,5.077423e-18
1.2160255e-14,2.6987232e-15,1.2122488e-17,1.4933472e-15,1.6325888e-20,7.3106486e-19,3.869468e-26,1.5184727e-16
2.4621264e-12,1.0054015e-10,1.3138642e-14,8.033691e-24,2.9357948e-12,6.897263e-17,4.3432385e-15,3.897572e-18
5.763397e-20,2.1112455e-19,5.4694793e-17,1.8538902e-16,1.9242497e-17,8.919177e-19,2.7584738e-14,7.4137905e-22
4.6849655e-20,9.40454e-21,4.3547645e-17,2.2149252e-24,7.57651e-12,9.4405045e-17,8.970672e-18,5.2545093e-18
4.5045017e-15,2.9159363e-14,2.4158264e-16,9.9523585e-15,1.7284224e-18,1.9934891e-18,5.557941e-25,4.575977e-16
6.370067e-19,4.4147287e-13,5.688837e-16,1.0278491e-25,5.0937415e-17,1.4532397e-21,1.1493133e-21,6.338407e-20
1.4264124e-17,3.317676e-15,1.7772665e-16,3.9166393e-16,4.4274145e-15,3.3925435e-16,6.308299e-14,1.7408428e-18
1.5860353e-18,1.0376302e-19,7.9474613e-16,1.1790566e-23,3.4907247e-10,9.305256e-15,6.9740676e-17,4.88034e-18
3.8650495e-15,1.7279468e-19,1.6997305e-19,4.329793e-21,2.084403e-21,2.4601825e-20,1.7447373e-27,4.275407e-18
2.6430762e-14,8.988288e-12,2.984993e-15,1.0702306e-24,2.275535e-13,6.959717e-17,2.3821952e-16,1.6144383e-18
5.1650597e-18,1.8685533e-14,2.2624326e-15,1.5051918e-15,3.948604e-14,9.063069e-16,1.4338601e-12,3.2487035e-17
1.2157956e-18,8.14927e-20,5.7759987e-16,1.1982317e-23,4.9696547e-10,1.25421464e-14,6.140265e-17,2.9520922e-18
5.7758694e-15,1.4928289e-15,1.0081112e-17,6.089394e-16,1.0564294e-20,3.0095346e-19,2.7611888e-26,1.525329e-16
2.3568638e-12,1.0267793e-10,1.19513765e-14,6.529526e-24,2.916256e-12,5.704741e-17,4.0116785e-15,3.1100246e-18
2.0327296e-18,1.6988696e-14,2.446245e-15,1.1148957e-15,4.2135898e-14,7.822756e-16,1.6657357e-12,3.063235e-17
3.9263508e-22,1.2986419e-21,6.0351817e-18,3.2484904e-26,4.208044e-12,6.575482e-20,4.5605143e-18,2.976211e-18
3.4951131e-15,2.6311401e-14,2.089655e-16,8.2382475e-15,1.8198418e-18,1.7431088e-18,4.626594e-25,4.118593e-16
3.8239264e-12,1.4222883e-10,1.14714045e-14,5.165458e-24,4.2106618e-12,3.4262264e-17,3.203505e-15,1.4852378e-18
1.2456621e-19,1.1049947e-18,2.4256135e-17,1.33574e-16,4.0826134e-17,1.7133569e-18,2.4427961e-14,1.5647767e-21
2.913027e-19,3.8256838e-20,1.3287774e-16,1.0845003e-23,2.9670125e-10,6.4050463e-15,4.8173616e-17,1.2485697e-18
1.5753648e-15,3.1909324e-14,2.2311994e-16,6.329556e-15,3.222572e-18,8.0012317e-19,3.528842e-25,3.2904999e-16
2.696846e-18,4.0026484e-13,5.437715e-16,4.8478495e-26,1.6423867e-16,9.070344e-21,9.23158e-21,6.416255e-20
8.927381e-19,1.1843315e-14,1.3242795e-15,4.4466064e-16,3.0783685e-14,8.828504e-16,7.6597496e-13,2.7793464e-17
4.019559e-19,2.880142e-20,2.4776296e-16,3.0126744e-24,7.5524906e-11,1.3350071e-15,2.3743012e-17,3.9167246e-18
2.9483042e-15,7.724943e-19,1.8567253e-19,3.989631e-20,9.467708e-22,2.1893923e-20,7.8994453e-28,3.7845655e-18
2.3004719e-12,1.12406515e-10,1.1891212e-14,3.900565e-24,3.593816e-12,2.8148344e-17,1.0395064e-15,5.1063617e-19
5.4156416e-18,6.920858e-15,6.714118e-16,6.770237e-16,1.3200032e-14,3.7555329e-16,4.1821017e-13,7.92889e-18
2.808083e-21,7.4428686e-21,3.3784893e-18,4.3056216e-25,1.2871955e-12,3.835185e-18,2.8037413e-18,2.8661709e-18
6.080573e-16,2.6271284e-14,1.1656399e-16,1.3356438e-15,3.656754e-18,1.1842698e-19,1.9095296e-25,2.5393473e-16
4.4027287e-13,3.4478247e-11,4.8700824e-15,1.7959332e-24,8.462817e-13,4.1121226e-17,1.2956967e-15,1.808499e-18
6.574736e-18,1.1734839e-15,1.3687619e-17,2.3843226e-16,1.5524858e-15,7.0634666e-17,5.0412467e-14,9.579942e-20
7.8806696e-19,6.277481e-20,4.2608722e-16,3.6131344e-24,1.7853208e-10,4.1237515e-15,5.1587215e-17,4.099403e-18
3.6743082e-15,6.868781e-15,5.350387e-17,3.0584973e-15,1.7331886e-19,7.8465634e-19,1.0391125e-25,1.8786147e-16
9.630784e-16,9.000207e-13,1.8130814e-15,7.5327385e-26,2.3613927e-14,1.0976098e-17,2.2751614e-17,3.337777e-19
4.225452e-18,8.811283e-15,9.210042e-16,9.793947e-16,2.3894694e-14,6.012209e-16,7.764985e-13,1.661207e-17
1.2848734e-22,6.8320413e-22,7.576746e-18,1.1878846e-27,8.847352e-12,1.828322e-20,7.949546e-18,7.057534e-19
4.367279e-15,2.0769634e-16,1.165172e-18,1.118051e-16,7.726729e-22,7.998969e-20,1.4212021e-27,1.4033448e-17
1.2291599e-12,5.3240773e-11,7.5229875e-15,3.1802953e-24,1.3079424e-12,4.511927e-17,2.4432883e-15,2.1424334e-18
2.7327996e-20,3.2110702e-20,6.3416066e-18,1.2763186e-16,1.3981716e-18,3.3183526e-19,1.433035e-15,9.975243e-22
4.0154461e-22,2.3474049e-21,2.2524239e-17,4.602859e-27,1.7054823e-11,6.1210086e-20,2.3810948e-17,1.8049497e-18
2.8415175e-15,1.7096323e-14,1.3122752e-16,5.6554315e-15,7.422462e-19,1.1097724e-18,1.9557452e-25,2.464875e-16
1.0509073e-19,3.7013344e-14,6.4753267e-17,2.7250463e-26,4.443821e-18,1.2446778e-21,3.1574035e-22,2.6535444e-20
7.4838694e-20,8.038735e-20,1.5858483e-17,2.5328172e-16,4.5802335e-18,1.3045523e-18,3.2378688e-15,5.1917393e-21
2.6824658e-22,1.641111e-21,1.5837205e-17,2.3673433e-27,1.2301386e-11,4.299986e-20,2.0302973e-17,2.1682087e-18
8.5104587e-16,1.7696655e-20,2.3166001e-20,4.0069558e-21,5.043323e-22,1.4476577e-20,1.9726158e-28,1.5119167e-18
2.8197e-19,6.956635e-14,1.5792088e-16,1.6327902e-25,1.1479662e-17,5.5599248e-21,1.4242456e-21,6.3719597e-20
7.6307773e-20,7.813345e-20,1.09336394e-17,3.4920858e-16,2.1921022e-18,6.394463e-19,1.3016018e-15,4.275123e-21
1.6787539e-21,6.7609026e-21,2.4010335e-17,1.418057e-25,9.978433e-12,3.3006655e-19,1.9924564e-17,1.05137344e-17
1.832013e-15,1.1067238e-19,1.0475013e-19,1.7317537e-20,1.9568537e-21,5.540026e-20,1.35775615e-27,5.3089692e-18
2.780054e-19,4.5561855e-14,7.4807124e-17,9.5065936e-26,8.4416445e-18,3.892574e-21,1.0826e-21,6.103731e-20
8.1093634e-19,3.628671e-18,7.713113e-17,5.4931934e-16,1.246477e-16,8.043773e-18,3.911805e-14,1.0795035e-20
2.8600124e-17,2.0018641e-18,9.4087674e-15,1.3666402e-22,2.0239994e-09,7.84036e-14,1.009232e-15,6.4460716e-17
1.2415896e-15,3.835635e-20,5.3130767e-20,1.2384881e-20,1.2247498e-21,2.1319388e-20,4.1893343e-28,3.2755182e-18
9.938155e-18,9.107584e-13,1.858061e-15,2.6620336e-25,3.3118832e-16,5.6923416e-20,5.687111e-20,4.344456e-19
4.490138e-17,9.406171e-14,1.441097e-14,1.4941656e-14,3.2907436e-13,5.650644e-15,1.3224698e-11,3.1089836e-16
6.932916e-20,1.6561751e-19,9.3238296e-17,9.034658e-24,1.8453291e-11,2.6507358e-17,1.1886845e-16,6.526063e-17
8.261725e-15,4.080898e-18,9.519365e-19,2.56009e-19,4.470594e-21,1.1907385e-19,6.848202e-27,1.3128853e-17
1.6295723e-11,4.1400677e-10,5.984905e-14,1.0794201e-22,1.2706333e-11,4.1617246e-16,4.3710566e-14,2.7880645e-17
2.5040337e-17,1.338592e-15,2.6502414e-16,3.3567835e-15,6.756927e-15,3.3826708e-16,4.893225e-13,7.5616416e-19
4.670198e-17,3.512054e-18,1.24392734e-14,2.4555763e-22,3.588027e-09,1.12966866e-13,2.1579225e-15,8.615438e-17
3.344196e-14,2.3548898e-13,2.3100581e-15,1.3318497e-13,1.9187596e-17,3.516051e-17,1.4409611e-23,2.6339656e-15
1.9607525e-15,5.5696723e-12,1.2556365e-14,6.1127826e-24,5.1857014e-14,2.0891758e-17,3.279596e-17,3.8102346e-18
4.390108e-17,1.269859e-13,1.8555085e-14,1.785055e-14,4.998527e-13,8.436571e-15,1.721375e-11,6.460797e-16
1.15107964e-17,2.305204e-18,3.3939952e-15,8.492754e-23,2.5154752e-09,2.492216e-14,1.7790176e-15,1.10188094e-16
5.984037e-14,5.210045e-16,1.5583762e-17,1.4966598e-16,4.0029855e-20,1.6792883e-18,1.2263182e-25,1.9482631e-16
2.3472287e-11,5.775344e-10,6.427225e-14,2.672936e-22,2.3398132e-11,7.7589764e-16,6.1117174e-14,2.631914e-17
9.1822135e-18,4.4814945e-14,3.8858e-14,7.17739e-15,5.1750916e-13,1.5716771e-14,2.563467e-11,7.203715e-17
3.7252337e-20,1.4452029e-19,7.8525635e-16,2.7295749e-24,2.577903e-10,4.8936696e-18,5.860583e-16,8.542298e-17
4.2909707e-14,2.7433326e-13,3.3782878e-15,1.8143528e-13,3.3048516e-17,5.40349e-17,2.6762605e-23,4.753675e-15
1.74121e-12,2.0580972e-09,1.713298e-14,4.111734e-23,2.0192736e-11,1.1194728e-15,1.33552735e-14,1.7103863e-17
1.7578392e-18,3.6730413e-18,1.1658495e-15,5.960693e-15,3.167414e-16,4.7718753e-17,1.2598184e-13,2.9624804e-19
3.4364593e-19,7.2889284e-19,2.1762652e-16,4.4875214e-23,2.2607246e-11,2.2316335e-16,2.547449e-16,1.1455956e-16
7.209468e-15,1.9727199e-14,4.1425274e-16,2.3280884e-14,1.7214476e-18,1.1293798e-17,1.3194441e-22,1.0044737e-14
1.0909184e-17,1.698599e-12,3.3870755e-15,5.8223236e-23,7.800763e-16,2.3928293e-19,5.0011795e-20,1.5936586e-18
1.5799258e-16,2.35037e-14,4.4353578e-16,7.662942e-15,4.30027e-14,2.680655e-15,1.1780606e-12,7.7374805e-18
1.2252184e-19,3.0527212e-19,1.3457747e-16,1.1120368e-23,1.8942384e-11,6.084677e-17,2.020378e-16,7.3864e-17
5.3213788e-14,4.3247815e-18,9.339629e-18,7.355294e-19,2.0846836e-19,2.4246223e-18,3.4843653e-25,4.650556e-16
2.2852071e-14,1.0105458e-11,2.995129e-14,2.5401911e-23,4.3378205e-13,4.5174745e-16,8.5179936e-16,1.512275e-17
5.3858332e-17,3.583502e-15,2.7638479e-16,4.6955157e-15,1.395135e-14,7.771656e-16,5.9945267e-13,2.3949946e-18
2.8820093e-21,1.25738214e-20,6.736999e-17,1.1979106e-25,3.341179e-11,3.277879e-19,7.4217325e-17,1.472343e-17
1.0970991e-13,6.768846e-15,5.6973686e-17,3.857111e-15,1.03681506e-19,7.478198e-18,5.164923e-25,6.9816844e-16
4.724641e-15,5.8513355e-12,1.6421751e-14,1.1446088e-23,1.0114433e-13,8.108722e-17,1.234844e-16,7.6528236e-18
5.1500456e-19,4.7538463e-19,1.204248e-16,8.876152e-16,3.9172796e-17,4.6395477e-18,2.2036938e-14,2.0364065e-20
1.611139e-20,5.632488e-20,1.3876734e-16,1.1670495e-25,6.175531e-11,1.2598127e-18,4.4018825e-16,3.3626887e-17
6.755655e-14,1.5417388e-15,2.5015513e-17,4.849872e-16,5.968778e-20,3.2968038e-18,2.1050872e-25,3.3507308e-16
1.7008926e-18,4.3491952e-13,1.1377484e-15,1.8622462e-24,9.220022e-17,2.5240736e-20,7.304091e-21,3.378075e-19
1.6775468e-18,8.69122e-19,8.9914036e-17,3.616295e-15,6.3837935e-17,1.2194192e-17,9.3514445e-15,9.181119e-20
3.8272306e-20,4.426272e-20,5.6488036e-18,2.2072812e-26,7.378378e-12,2.024967e-18,2.930452e-16,1.1028855e-17
9.123884e-15,7.365514e-19,8.934535e-19,6.197935e-20,1.4164387e-20,1.8211741e-19,1.9889388e-26,3.3197997e-17
4.3804367e-18,3.569841e-13,4.604062e-16,7.21081e-24,1.3564488e-16,7.901949e-20,2.0002898e-20,8.1347077e-19
1.1085586e-17,1.9917094e-19,3.7426006e-18,1.9891243e-15,2.9904048e-16,2.8884634e-18,9.194841e-16,6.8648575e-21
1.0449783e-20,1.5833315e-20,5.9456055e-18,9.827499e-27,9.5351e-12,5.314742e-19,1.5396927e-16,6.1198242e-18
1.2467731e-14,3.4713743e-19,1.6901816e-18,2.4913685e-19,2.7782186e-20,6.022529e-19,4.4456512e-26,1.0877358e-16
3.3011329e-18,3.650032e-13,1.4973508e-16,7.6172044e-25,5.566536e-17,3.079316e-20,1.4858258e-20,5.7418504e-19
2.432061e-18,1.461653e-19,4.8478318e-18,1.2018622e-15,7.6601286e-17,1.4180621e-18,1.2914381e-15,4.686572e-21
8.4354554e-20,3.049926e-20,2.1219274e-19,3.874429e-27,7.3122893e-13,2.193064e-18,1.6300033e-16,5.5322605e-18
1.0269182e-14,2.6519656e-20,1.247194e-18,2.0784186e-19,1.5027028e-21,1.5058836e-19,2.6173145e-26,9.118933e-17
1.9348925e-18,2.4416558e-13,1.4966371e-16,3.2670583e-25,3.8406184e-17,1.477641e-20,5.5326743e-21,3.311246e-19
7.157423e-17,3.746482e-20,1.2902585e-19,8.597452e-16,1.3273546e-15,8.062417e-19,6.158914e-17,5.2559215e-22
1.5631906e-20,1.241937e-20,1.342164e-18,4.657987e-27,2.636106e-12,7.9788286e-19,9.646478e-17,3.6490763e-18
5.431187e-15,2.1757878e-20,3.5840823e-19,7.1043686e-20,1.4484247e-21,8.062197e-20,6.6934686e-27,2.7842383e-17
3.757464e-18,3.714158e-13,2.6749522e-17,8.7320647e-26,2.4752194e-17,1.104728e-20,1.5138195e-20,2.8517408e-19
4.9440883e-18,5.773387e-20,8.2351827e-19,7.536053e-16,1.6448068e-16,9.36374e-19,2.467735e-16,1.1391042e-21
2.6034898e-21,4.6283684e-21,2.351289e-18,2.3823545e-27,5.1680513e-12,1.6178714e-19,4.404534e-17,1.9551107e-18
6.559239e-15,1.6672538e-21,1.2527393e-18,2.1480624e-19,6.4811884e-23,3.8283114e-20,1.492496e-26,8.105197e-17
1.227427e-18,1.7087171e-13,3.669822e-17,1.3742708e-25,1.888558e-17,7.440852e-21,4.3540413e-21,1.5098927e-19
6.840918e-19,5.683511e-20,1.8244711e-18,3.9315632e-16,2.2872485e-17,5.421364e-19,5.6161074e-16,1.1904511e-21
7.3741344e-22,2.0731664e-21,2.1029353e-18,1.194159e-27,4.5990243e-12,6.430957e-20,2.0309559e-17,1.100418e-18
3.8923036e-15,4.5795445e-21,4.3317797e-19,6.9232174e-20,2.7485103e-22,4.283565e-20,4.921767e-27,3.799974e-17
6.7151065e-19,1.1593026e-13,7.517616e-17,5.999394e-26,1.3086302e-17,4.694463e-21,1.8223399e-21,1.1713168e-19
2.458392e-19,3.7046428e-20,1.7322046e-18,2.261232e-16,8.1619714e-18,3.585655e-19,5.048324e-16,8.127127e-22
2.9228624e-22,5.196175e-22,2.538046e-19,1.2500692e-28,1.0859386e-12,2.1616656e-20,6.8326285e-18,3.471851e-19
2.0515225e-15,7.4396325e-21,1.113236e-19,2.1173097e-20,4.282515e-22,2.4699713e-20,1.2842282e-27,8.444028e-18
2.8514144e-19,6.629704e-14,6.4699434e-17,2.828923e-26,6.8038877e-18,2.5451695e-21,8.505273e-22,6.582133e-20
1.5050909e-19,7.658711e-21,2.0080736e-19,7.904011e-17,4.21375e-18,6.482534e-20,7.578716e-17,1.1222566e-22
5.6275853e-22,5.7413165e-22,4.4156135e-20,6.597713e-29,3.7568714e-13,2.2800754e-20,5.4119445e-18,2.1172865e-19
1.1978162e-15,7.174521e-21,5.4168763e-20,9.6760535e-21,3.039586e-22,1.4937593e-20,4.6161503e-28,3.7450714e-18
1.1636123e-19,2.9994165e-14,1.21052514e-17,3.1839805e-27,2.2019246e-18,5.5628285e-22,2.566804e-22,1.7566646e-20
3.9529416e-19,2.88597e-21,3.5212135e-20,3.9946474e-17,1.31869266e-17,4.1080558e-20,2.689553e-17,2.4436049e-23
1.6513653e-22,4.260729e-22,6.011947e-19,6.0311464e-28,1.7152059e-12,1.4837809e-20,3.509818e-18,5.1041226e-19
4.1939007e-16,7.4450234e-22,1.4506483e-20,2.8478786e-21,3.1270756e-23,2.1690162e-21,6.1191356e-29,1.264705e-18
1.2759322e-19,4.0220692e-14,7.354428e-18,1.0755454e-27,1.6271873e-18,3.3238209e-22,2.5727054e-22,1.2744088e-20
6.2892015e-20,1.0285106e-20,8.995786e-19,4.843232e-17,4.6788797e-18,1.1480657e-19,3.8738893e-16,1.2706456e-22
3.590358e-22,3.549964e-22,3.2367984e-20,2.5226948e-29,2.9581703e-13,1.8206523e-20,4.326431e-18,1.375649e-19
4.025166e-16,1.8826119e-22,1.8095805e-20,2.963201e-21,6.558934e-24,1.375758e-21,8.020534e-29,1.3339768e-18
9.8538117e-20,4.9982293e-14,3.348097e-17,6.708602e-27,3.6218806e-18,4.8805913e-22,2.2497647e-22,1.16119946e-20
2.6692819e-19,2.1145964e-21,1.917469e-20,3.817234e-17,6.9270814e-18,2.5733557e-20,1.25806545e-17,1.8010108e-23
5.047851e-20,1.4692662e-20,2.0848844e-17,6.166863e-24,1.1688845e-11,2.6525678e-16,2.3013832e-17,3.651861e-18
5.968722e-16,3.855672e-21,3.102461e-20,2.2983078e-21,7.6711586e-23,3.147712e-21,1.3742528e-28,1.5259095e-18
8.5268524e-20,2.2898492e-14,3.5255985e-18,5.409544e-28,9.61117e-19,2.282301e-22,1.7814355e-22,9.120201e-21
1.6310102e-17,4.490588e-15,1.8538687e-16,3.4119726e-16,1.1668956e-14,1.0921144e-15,3.8232367e-14,5.173105e-18
3.6964674e-21,7.666983e-21,1.2100027e-18,1.6899369e-25,6.3095894e-13,3.9612306e-18,2.656403e-18,2.4694085e-18
2.5894316e-16,1.0063911e-22,9.503608e-21,2.2196824e-21,3.8315175e-24,7.8986863e-22,2.9709422e-29,8.487654e-19
5.190174e-14,2.0366526e-11,5.600493e-15,2.2394702e-24,3.9054033e-13,1.2203877e-16,2.696067e-16,1.4296966e-18
1.3277582e-17,4.8268744e-16,4.1281834e-18,1.9859164e-16,2.3443248e-15,4.8130824e-17,1.6005738e-14,3.9425942e-20
1.9293901e-22,1.3767548e-22,4.8882703e-21,3.7818584e-30,8.0795715e-14,7.190961e-21,1.7770817e-18,4.4217663e-20
3.4623882e-15,2.7876631e-15,2.0217264e-17,3.4760837e-16,4.5982605e-20,9.851181e-20,1.0436213e-25,3.7302614e-16
9.539919e-16,7.9991656e-13,9.840346e-16,3.631564e-26,1.3484663e-14,7.505491e-18,1.8973101e-17,3.629209e-19
2.1317609e-19,4.80148e-22,2.482183e-21,1.3525161e-17,4.917773e-18,7.407491e-21,2.4453268e-18,2.5437776e-24
1.7662859e-21,1.468201e-21,1.6066849e-18,2.230398e-25,1.165e-12,1.0771522e-17,1.5409192e-18,6.337854e-19
3.1755333e-15,6.3786815e-17,1.3462303e-18,1.0828588e-16,2.8661543e-22,4.801045e-20,1.2656065e-27,1.4599771e-17
3.5755457e-20,1.23135035e-14,9.64669e-19,7.2855835e-29,3.0264008e-19,6.0797624e-23,6.304998e-23,3.4007758e-21
4.3725735e-18,6.4573716e-16,1.3210239e-17,8.410663e-17,1.0798768e-15,1.0385782e-16,4.9716328e-15,1.9922795e-19
3.3158333e-20,1.234832e-20,1.7973857e-17,1.09536855e-23,3.8839612e-11,7.059161e-16,2.6918833e-17,8.191006e-19
1.162159e-16,1.1976742e-23,3.3190582e-21,7.788816e-22,4.642257e-25,2.0409384e-22,7.434123e-30,3.4061284e-19
2.3167736e-15,1.8480792e-12,8.7639455e-16,5.829137e-26,3.3449297e-14,1.4966078e-17,2.1501223e-17,2.4062482e-19
1.9043644e-18,6.752495e-15,2.9228934e-16,1.5541976e-16,1.6219727e-14,2.054036e-15,7.775845e-14,1.1254019e-17
1.8465318e-20,1.34352525e-20,1.106307e-17,1.8065432e-23,2.0033494e-11,4.591924e-16,3.4390722e-17,1.4580451e-18
8.5644555e-16,1.9737493e-16,1.2974405e-18,6.07123e-17,8.998723e-22,1.5172709e-20,1.25008415e-27,2.6094306e-17
1.241643e-13,3.7160396e-11,6.9328283e-15,1.7070755e-24,6.727408e-13,4.7146618e-17,2.2657133e-16,3.176884e-19
2.9135396e-18,6.647985e-15,2.651455e-16,1.8774541e-16,1.6078593e-14,2.8111245e-15,6.030073e-14,9.993698e-18
6.520348e-22,1.9222286e-21,7.1215484e-19,3.1209454e-26,4.588823e-13,7.6922736e-19,1.144245e-18,8.791188e-19
8.117888e-16,7.528011e-15,2.2593512e-17,1.4125189e-16,3.5960382e-19,2.0264022e-20,1.7179384e-25,2.9396776e-16
8.109925e-14,3.085533e-11,9.486614e-15,4.694169e-24,8.852006e-13,1.1294538e-16,1.4114201e-16,3.898998e-19
3.450832e-18,7.9553136e-17,2.5584024e-18,9.689851e-17,4.4993135e-16,1.2459106e-17,7.593569e-15,1.2326342e-20
6.58893e-23,1.9450716e-22,9.1316946e-20,2.0650923e-28,3.3430049e-13,4.19778e-21,1.288115e-18,3.4408666e-19
8.3945767e-16,8.042007e-15,2.3004791e-17,9.912679e-17,3.4413523e-19,1.8650582e-20,1.1776034e-25,4.4261794e-16
1.5315794e-16,3.2733533e-13,4.420274e-16,9.336274e-27,2.5738038e-15,1.2221149e-18,2.4355702e-18,1.4449659e-19
8.73419e-20,4.255566e-21,2.3939432e-19,2.3260876e-17,7.360013e-18,4.3741537e-20,2.0689923e-16,1.1177869e-23
5.300922e-23,1.748633e-22,9.3794656e-20,1.2160724e-28,3.7684043e-13,4.5945052e-21,1.2748381e-18,2.4496016e-19
1.4380237e-15,1.7646125e-17,3.65016e-19,1.5598276e-17,1.070779e-22,1.823537e-20,3.0058265e-28,4.1010295e-18
7.6581014e-20,8.392088e-14,3.1630414e-17,4.756437e-28,1.5072464e-18,9.833294e-23,1.6102096e-22,1.2477494e-20
6.715282e-20,3.329317e-21,1.8172879e-19,2.0438263e-17,4.350296e-18,4.249063e-20,1.281842e-16,1.7989165e-23
4.2444074e-23,2.8733465e-22,9.796659e-19,8.9281863e-29,1.849606e-12,8.363359e-21,3.9741115e-18,2.9949558e-19
5.490931e-16,1.4645593e-21,2.3231487e-20,6.7107945e-22,1.0733507e-23,9.89501e-22,5.6398367e-29,3.8256708e-19
5.0090268e-20,4.4554994e-14,2.2228727e-17,5.803151e-28,1.1058888e-18,1.3260997e-22,1.3671877e-22,8.542964e-21
4.867711e-20,6.6760467e-21,5.713948e-19,7.539241e-17,6.241262e-19,9.977954e-20,8.950577e-17,2.7893236e-22
2.901941e-23,2.4759875e-22,8.1331246e-19,5.9893924e-29,2.167595e-12,7.963404e-21,3.3102248e-18,1.4019147e-19
3.8655487e-16,1.4171568e-21,1.8350438e-20,7.95848e-22,1.1120665e-23,9.282249e-22,4.084504e-29,4.1562602e-19
4.3872887e-20,1.3772462e-14,1.33210605e-17,2.9288374e-27,8.2066445e-19,5.532692e-22,1.9720649e-22,1.6210027e-20
2.6570894e-20,4.5186353e-21,4.7070377e-19,4.9759728e-17,4.539043e-19,1.0728658e-19,9.317216e-17,2.4698276e-22
5.6093675e-22,5.330733e-22,1.3106365e-20,2.0987403e-29,1.7367778e-13,2.5806006e-20,5.5976003e-18,1.2962675e-19
3.1606185e-16,2.6531784e-21,9.28863e-21,2.8470858e-21,4.7620772e-23,2.8982601e-21,3.2165973e-29,4.9395995e-19
2.2438959e-20,1.1313393e-14,1.9796224e-17,1.762155e-27,4.861441e-19,5.2527347e-22,1.3325856e-22,1.3484184e-20
7.9899454e-19,1.2833065e-21,9.240777e-21,3.345901e-17,1.6952772e-17,2.6176019e-20,8.077813e-18,1.577078e-23
7.540027e-22,4.92424e-22,2.1350873e-21,5.6642186e-30,5.024582e-14,2.1392871e-20,4.689977e-18,7.0381735e-20
2.3630435e-16,3.457547e-21,8.10617e-21,2.2413624e-21,5.1422807e-23,3.7429377e-21,2.778492e-29,3.7470555e-19
1.1512277e-19,3.4206426e-14,4.0034628e-18,3.9222218e-28,9.241174e-19,2.9262092e-22,3.001436e-22,1.0641263e-20
2.216614e-18,3.829388e-22,1.3085276e-21,2.0367359e-17,2.7762097e-17,1.228611e-20,1.7855622e-18,4.003344e-24
3.9954467e-21,1.07908764e-20,7.177626e-18,8.0347904e-25,3.3856147e-12,1.7203327e-17,6.171541e-18,2.27444e-18
3.6671508e-16,9.592031e-23,1.6631004e-20,4.0517766e-21,2.099362e-24,8.3003606e-22,5.863205e-29,1.0295402e-18
9.937614e-20,3.4446445e-14,1.8132725e-18,9.0966414e-29,4.665119e-19,1.5624082e-22,2.7133927e-22,9.041775e-21
1.18004106e-17,2.016791e-15,4.2723935e-17,5.2565393e-16,2.221273e-15,1.8697636e-16,3.8174294e-14,5.810975e-19
3.3687915e-22,1.9736842e-21,1.3787291e-17,1.3657879e-26,9.584953e-12,4.6784466e-20,1.5735133e-17,3.739832e-18
3.0140085e-16,1.8537136e-23,1.215683e-20,3.8176926e-21,3.3442156e-25,4.2344958e-22,4.5040574e-29,6.943772e-19
2.8753743e-15,2.071334e-12,2.8262745e-15,1.8166723e-25,5.5649523e-14,2.6090425e-17,4.821774e-17,8.877934e-19
1.3597002e-19,1.380238e-19,3.6825135e-17,2.7600023e-16,1.5926567e-17,1.1212661e-18,1.1196314e-14,1.5873584e-21
4.1118144e-22,3.412914e-21,2.616468e-17,1.974853e-27,2.1742295e-11,8.3300274e-20,5.0180425e-17,1.4207314e-18
3.7657632e-15,6.1503957e-16,2.3769188e-18,2.8593267e-16,2.7049505e-21,1.1273815e-19,3.7659415e-27,3.0018216e-17
6.8306967e-19,3.7515084e-13,5.693678e-16,6.321316e-26,2.4470451e-17,2.710394e-21,2.0211979e-21,1.6554612e-19
1.04164774e-19,6.476082e-20,1.0802343e-17,3.829838e-16,3.0518144e-18,1.5525665e-18,1.4901093e-15,8.856479e-21
6.01733e-22,4.080736e-21,2.9039102e-17,2.9532164e-27,2.3260546e-11,1.086059e-19,5.806771e-17,1.8098034e-18
4.080842e-15,2.2751243e-19,2.152024e-19,9.236265e-21,1.6287438e-21,3.652763e-20,1.9062598e-27,3.492149e-18
2.519986e-19,5.4848026e-14,1.2940016e-16,1.329613e-25,6.449168e-18,8.019649e-21,1.6496285e-21,1.178987e-19
1.4006692e-19,9.148116e-20,1.420678e-17,4.8046827e-16,3.990883e-18,1.6504996e-18,2.1913278e-15,1.0059354e-20
1.6112234e-22,1.0836867e-21,1.947013e-18,2.3112503e-28,3.4575363e-12,3.39079e-20,1.34861095e-17,4.844225e-19
1.8057305e-15,8.239986e-20,8.8117987e-20,2.2533056e-20,1.8939651e-21,7.478932e-20,1.2634695e-27,4.4029695e-18
3.5848072e-19,7.488277e-14,1.852137e-16,1.6482287e-25,9.205432e-18,9.78563e-21,2.1125969e-21,1.6158053e-19
1.6127323e-19,1.3584551e-20,1.0869632e-18,1.676723e-16,1.6544583e-18,3.12614e-19,1.7811625e-16,1.1444178e-21
7.614087e-20,1.5426063e-19,7.324055e-17,8.13357e-24,8.57186e-12,8.95816e-17,5.5890265e-17,2.8220488e-17
2.4024287e-15,1.0628774e-19,1.04257786e-19,2.689036e-20,2.4430575e-21,8.9699104e-20,1.7484551e-27,5.237999e-18
9.644698e-20,2.9305222e-14,5.2410392e-17,8.517427e-27,1.4289333e-18,2.368109e-21,7.039804e-22,6.110207e-20
7.700442e-17,1.03632355e-14,1.6254397e-16,2.9317055e-15,1.7482e-14,1.100953e-15,4.009082e-13,2.6466322e-18
2.540415e-22,6.5627194e-22,5.221856e-19,1.4409521e-28,1.8480475e-12,3.0383368e-20,1.08544724e-17,4.293678e-19
7.1790844e-16,1.2747346e-20,3.0931495e-20,1.1901158e-20,1.6311492e-22,1.3109716e-20,2.1511439e-28,1.1606426e-18
1.3001954e-14,4.636731e-12,1.1598527e-14,3.595357e-24,1.9339417e-13,1.851925e-16,3.9011463e-16,6.5441087e-18
1.726267e-19,1.00820966e-20,4.1021854e-19,1.1954008e-16,4.1236194e-18,1.2185204e-19,1.2024669e-16,3.3466072e-22
1.6245985e-21,6.433481e-21,3.1152863e-17,2.8479694e-26,2.5404004e-11,2.3490017e-19,5.854189e-17,6.8656533e-18
3.0769475e-14,3.893937e-15,1.8098388e-17,2.2846609e-15,2.02774e-20,2.0321483e-18,9.280071e-26,2.1196575e-16
1.2369543e-19,3.30907e-14,2.0214102e-17,5.5328474e-27,2.5040705e-18,1.1001561e-21,4.0444086e-22,2.7356992e-20
3.103611e-19,1.71934e-19,5.0820567e-17,6.213714e-16,2.4533355e-17,2.3697935e-18,9.0014e-15,1.1513194e-20
5.1202697e-19,5.432564e-19,1.1501057e-16,7.1004026e-23,2.6306221e-11,6.778972e-16,1.9184458e-16,8.564909e-17
6.030447e-16,2.8191161e-21,2.249518e-20,5.37312e-21,6.44261e-23,4.6384436e-21,9.343819e-29,1.5447861e-18
8.8692e-19,2.9078403e-13,5.007375e-16,7.6762438e-25,5.0099322e-17,1.3060997e-20,3.4893338e-21,1.803524e-19
5.1853594e-16,3.328802e-14,7.491911e-16,1.1155556e-14,9.945874e-14,2.1352568e-15,6.4155186e-13,1.9257183e-17
4.2222413e-20,1.9528279e-20,1.299679e-19,1.4496585e-27,6.2810483e-13,1.2449361e-18,1.3944498e-16,3.1793708e-18
5.6679582e-15,3.2890017e-19,5.0597294e-19,4.0205695e-20,6.2199596e-21,9.856481e-20,7.220956e-27,2.185624e-17
8.218053e-14,2.6198916e-11,3.3185446e-14,2.4601129e-23,1.4175798e-12,6.469676e-16,1.5904362e-15,2.119608e-17
4.7469473e-17,1.7893787e-20,8.7088386e-20,6.036684e-16,8.486307e-16,4.286788e-19,4.3064277e-17,4.4570374e-22
3.467414e-21,2.2860053e-21,1.1110934e-19,3.2806536e-28,7.8434443e-13,1.0764568e-19,2.307827e-17,7.764295e-19
8.314686e-14,9.511871e-15,1.0601376e-16,1.0993e-14,1.03734924e-19,4.4179266e-18,6.6137023e-25,1.1740301e-15
2.0740398e-18,2.692166e-13,2.276837e-17,4.7405376e-26,1.4607348e-17,7.516282e-21,8.3106295e-21,1.8816384e-19
1.8108462e-18,8.847767e-21,9.8978894e-20,1.297333e-16,6.564589e-17,1.2657951e-19,6.482469e-17,1.0332956e-22
5.3378614e-20,1.05831375e-19,4.8305372e-17,7.868784e-24,7.324577e-12,7.308286e-17,4.792032e-17,2.648704e-17
5.183879e-15,1.3011807e-21,7.8251906e-19,1.3152199e-19,4.0825382e-23,2.21937e-20,8.4695404e-27,4.760239e-17
5.698211e-19,1.2309305e-13,1.7943167e-17,6.9210804e-27,6.8772652e-18,1.3652235e-21,1.0830171e-21,4.2899755e-20
1.1598781e-16,8.245918e-15,2.0738599e-16,2.7372094e-15,1.6273243e-14,7.5495766e-16,3.0021252e-13,3.8434893e-18
2.5692836e-21,8.749959e-21,4.0666962e-17,1.9487736e-26,3.825803e-11,3.2355904e-19,1.2252905e-16,6.7999185e-18
1.2180536e-15,6.419896e-22,7.429965e-20,1.32055814e-20,2.6037055e-23,4.9358643e-21,5.3917853e-28,5.7849013e-18
1.3233863e-14,5.5740616e-12,1.2849645e-14,3.659632e-24,2.2964288e-13,2.0105373e-16,3.2828647e-16,6.945152e-18
3.2588037e-19,1.983067e-19,4.6408952e-17,1.0768534e-15,2.0373963e-17,2.4299187e-18,6.9551853e-15,1.873451e-20
2.953631e-21,1.3089028e-20,8.069564e-17,1.9428576e-26,5.684133e-11,2.3406652e-19,1.9659346e-16,8.936618e-18
2.727486e-14,3.961978e-15,1.7965564e-17,1.9283743e-15,1.7456689e-20,1.3494283e-18,8.5979e-26,2.0785091e-16
9.517659e-19,2.279575e-13,3.3037694e-16,9.904625e-25,4.8627817e-17,1.653031e-20,3.1076596e-21,2.332892e-19
1.9230371e-19,2.2006556e-19,5.3649998e-17,1.2724449e-15,1.39901e-17,4.0736503e-18,7.4979196e-15,4.2953302e-20
3.7662692e-21,1.0975746e-20,8.195824e-18,3.1001925e-26,9.230003e-12,2.5792438e-19,7.9745465e-17,1.0184431e-17
5.600663e-15,1.7087345e-19,3.7265148e-19,4.2219835e-20,8.266396e-21,1.4122042e-19,5.8628974e-27,2.655675e-17
1.2322922e-18,1.4835542e-13,1.832683e-16,2.1972525e-24,5.53676e-17,1.920397e-20,3.6988936e-21,1.6962004e-19
1.5973592e-18,1.638498e-19,2.1455752e-17,6.849572e-16,1.09364394e-16,1.7097724e-18,7.245171e-15,4.8018856e-21
2.1383885e-21,5.0747628e-21,3.793064e-18,5.657468e-27,6.8936102e-12,1.5476399e-19,4.998307e-17,3.2830492e-18
4.4616287e-15,1.6070764e-19,3.9120786e-19,5.631478e-20,1.4227856e-20,2.325952e-19,7.7693e-27,2.9916588e-17
1.979848e-18,6.8097736e-13,7.257975e-16,3.7440155e-25,6.331481e-17,1.1298911e-20,6.3862164e-21,3.5846704e-19
8.167542e-19,6.089544e-20,6.024968e-18,3.8708315e-16,3.8585047e-17,8.265869e-19,1.8942166e-15,2.6556795e-21
8.040602e-21,3.8597483e-21,9.987856e-20,3.8715463e-28,6.467082e-13,2.7460308e-19,4.5310373e-17,1.3239795e-18
9.7605334e-15,1.8082705e-19,8.52793e-19,4.0904947e-20,2.6393084e-21,7.645579e-20,1.3974355e-26,2.1191714e-17
7.8811515e-19,2.2579859e-13,2.0816592e-16,1.470081e-25,2.4262058e-17,6.6821867e-21,2.3635876e-21,1.3358807e-19
5.900574e-18,7.787869e-21,7.470806e-20,2.5934648e-16,1.6737325e-16,1.6727533e-19,3.7630454e-17,1.590643e-22
9.679814e-22,1.9099487e-21,3.1088977e-18,1.3247312e-27,6.6082734e-12,9.829146e-20,3.38547e-17,1.5797193e-18
3.767157e-15,4.1591766e-20,2.5524643e-19,2.7640954e-20,9.198708e-22,4.078964e-20,3.5362366e-27,1.2002895e-17
6.522921e-19,1.2425385e-13,1.0023669e-17,1.5061712e-26,7.8065e-18,1.9533856e-21,1.55417e-21,5.1248595e-20
2.1361731e-19,3.006332e-20,2.789276e-18,3.505259e-16,9.922472e-18,4.0361534e-19,5.070422e-16,1.5308863e-21
2.3341714e-21,4.1890777e-21,2.272636e-18,2.5860127e-26,3.5751237e-12,1.02371614e-19,2.6504728e-17,8.7426655e-18
1.8454942e-15,5.7919334e-22,1.7085652e-19,2.744605e-20,2.3857789e-23,7.972979e-21,1.058156e-27,1.656973e-17
2.8107863e-19,6.871785e-14,3.830888e-17,7.033052e-26,9.3663894e-18,2.7388093e-21,6.7299443e-22,4.4357547e-20
9.34629e-19,1.08415913e-19,1.1801311e-17,3.394369e-16,1.5447757e-16,6.9153814e-19,6.5063337e-15,6.491534e-22
2.0413988e-21,1.03069e-21,1.395192e-20,4.2721065e-29,2.0024573e-13,4.7485518e-20,1.1844789e-17,2.430891e-19
1.3700797e-15,9.258736e-21,8.0053486e-20,1.2329164e-20,4.9752576e-22,1.7585015e-20,5.557657e-28,7.549655e-18
1.6221117e-18,9.196663e-13,4.61257e-16,9.6964243e-26,6.3229375e-17,2.6004424e-21,2.8696347e-21,1.4713758e-19
1.7010094e-18,1.926611e-21,1.1198329e-20,5.9145035e-17,4.9011077e-17,3.045659e-20,1.0908269e-17,1.6319386e-23
9.2497695e-21,1.904129e-21,2.9878578e-19,1.1544388e-25,3.1723463e-13,1.428291e-17,1.622056e-18,8.561439e-19
6.935553e-15,6.247071e-20,5.6529177e-19,1.2453907e-20,8.538659e-22,2.1899521e-20,4.984687e-27,1.2042888e-17
2.2694034e-19,5.934593e-14,4.1840375e-18,9.194399e-28,2.0743721e-18,3.408645e-22,3.5106542e-22,1.5635006e-20
5.3555528e-17,2.891509e-16,2.9900598e-18,1.1025158e-16,5.4604995e-15,2.5619095e-17,1.8480165e-15,6.701182e-20
1.4360529e-19,3.6410494e-20,3.0643687e-17,4.1228853e-23,1.5885183e-10,4.885638e-15,9.5897914e-17,7.904516e-19
5.646612e-16,5.9491964e-23,2.4319102e-20,4.8127783e-21,2.9990066e-24,1.1155432e-21,1.2965878e-28,2.3050897e-18
4.6082984e-15,3.18222e-12,3.8507428e-16,2.3067165e-26,4.407196e-14,9.8510395e-18,3.9964004e-17,3.0621332e-19
2.2661e-18,1.4220492e-14,1.1062026e-15,2.8164685e-16,9.2883966e-14,3.2641224e-15,3.5231608e-13,7.236739e-17
6.4219815e-21,9.517177e-21,1.8126017e-18,5.47666e-25,9.356058e-13,1.0606144e-17,3.5547686e-18,2.6717791e-18
1.8850765e-15,3.8721734e-17,1.6719249e-18,1.7790846e-16,9.653001e-23,1.3846884e-20,1.9742579e-27,3.163814e-17
1.0438332e-12,1.5074682e-10,1.6454393e-14,4.9618148e-24,3.1959424e-12,4.6363298e-17,6.1109425e-16,3.311322e-19
3.3227895e-17,1.2488478e-15,1.2104283e-17,3.6377802e-16,4.5194413e-15,7.868872e-17,2.0707672e-14,1.6490135e-19
2.5347454e-20,6.9054895e-21,1.5683177e-17,3.155197e-24,1.2537048e-11,2.383904e-16,1.592189e-17,1.9602936e-18
7.266924e-16,3.304649e-14,8.416055e-17,3.2502793e-16,3.8117608e-18,1.9932818e-20,1.3573646e-24,6.0189097e-16
2.403822e-15,1.6529842e-12,1.5019455e-15,8.887491e-26,4.6585863e-14,1.8015317e-17,4.3218314e-17,6.18042e-19
6.278373e-18,2.7068376e-15,2.4778946e-16,2.4894814e-16,7.558197e-15,5.1017943e-16,4.626196e-14,5.7124034e-18
6.320006e-21,2.8637952e-21,2.5838045e-18,4.7077957e-25,1.7108734e-12,2.6277007e-17,3.9189067e-18,1.3589177e-18
4.339231e-15,1.6880312e-16,2.0722682e-18,2.8602976e-16,5.330042e-22,6.6643195e-20,3.0907796e-27,2.9636707e-17
7.078339e-14,2.0951319e-11,4.711179e-15,1.8296228e-24,5.3461434e-13,6.9305996e-17,1.5411795e-16,6.7356816e-19
1.3683078e-17,8.17619e-16,2.7946237e-17,1.6225713e-16,2.6917625e-15,1.2812993e-16,7.623464e-15,5.454139e-19
3.2908072e-20,1.0918534e-20,1.4610413e-17,1.0267608e-23,2.2592763e-11,4.924837e-16,2.4313479e-17,1.2187908e-18
1.42381e-15,3.760065e-15,1.6243293e-17,2.6127787e-16,6.162619e-20,5.0602286e-20,4.0810375e-26,2.0838994e-16
7.0144437e-15,4.4589133e-12,1.3441491e-15,1.7646726e-25,8.441163e-14,2.9552037e-17,4.5238008e-17,5.0065267e-19
4.889975e-18,5.5827886e-15,2.944807e-16,1.9905199e-16,1.7316003e-14,1.6324e-15,5.3209732e-14,1.0828955e-17
1.7831837e-21,1.5935954e-21,3.3490002e-19,9.050793e-26,3.282544e-13,5.1698693e-18,7.882655e-19,5.2616674e-19
1.809468e-15,3.2426875e-16,2.9444784e-18,1.4037416e-16,1.7035847e-21,2.85955e-20,4.9306557e-27,6.0011384e-17
8.351625e-14,3.406831e-11,6.6207534e-15,2.0323282e-24,6.615005e-13,6.508685e-17,2.0496048e-16,4.820482e-19
1.8655805e-17,3.4822554e-16,3.0319373e-18,1.08233427e-16,1.9143457e-15,2.930529e-17,2.6120027e-15,4.707951e-20
4.410477e-21,1.2420975e-21,2.1846225e-18,2.9516875e-25,1.5425914e-12,2.3017432e-17,2.3366607e-18,8.3014176e-19
1.2829483e-15,5.824236e-15,2.0265908e-17,1.6532549e-16,1.6714902e-19,2.6461448e-20,1.6684401e-25,3.6942918e-16
1.0199178e-15,1.088344e-12,4.207233e-16,1.209149e-26,1.9535265e-14,5.7292076e-18,1.6424798e-17,2.0634718e-19
6.0450657e-18,5.6051706e-16,2.5530997e-17,7.9832213e-17,1.6935337e-15,1.02830865e-16,5.036727e-15,4.3151547e-19
4.3193527e-20,2.0802655e-20,2.1711645e-17,1.9559486e-23,7.066655e-11,1.5330122e-15,6.430672e-17,1.003273e-18
1.2623692e-15,4.500238e-17,7.138983e-19,1.0366664e-16,8.561845e-23,1.30841854e-20,5.7093033e-28,1.3235004e-17
7.619772e-15,4.573848e-12,9.147717e-16,1.2060078e-25,7.5371675e-14,2.1615783e-17,3.4830107e-17,2.6809358e-19
2.2766533e-18,8.148203e-15,6.3913263e-16,2.7089538e-16,3.0451922e-14,2.4691769e-15,1.5378166e-13,3.4886488e-17
1.826048e-22,4.5925053e-22,3.662085e-19,1.5323891e-27,8.897777e-13,1.6224256e-20,2.7103255e-18,9.691874e-19
1.005351e-15,2.96244e-16,2.3824018e-18,8.173193e-17,1.5695654e-21,1.4699558e-20,3.161047e-27,4.9040253e-17
3.1239857e-13,6.962526e-11,1.3297625e-14,4.617269e-24,1.6002e-12,6.568873e-17,2.8484723e-16,3.8386374e-19
2.0467499e-19,2.8208497e-20,1.7122525e-18,5.4559338e-17,2.5485264e-17,1.7290218e-19,1.0556868e-15,9.5343547e-23
4.082745e-21,8.47962e-21,1.4594752e-18,3.9692942e-25,9.905782e-13,8.7878725e-18,3.3883498e-18,1.7670501e-18
7.272664e-16,2.1351519e-14,4.4781126e-17,2.0006294e-16,1.3659289e-18,2.0684674e-20,3.3447133e-25,4.100408e-16
4.1918316e-19,2.3911667e-13,1.01131254e-16,3.7737503e-27,1.3089746e-17,6.047314e-22,8.131189e-22,3.0641765e-20
3.526542e-17,8.147951e-16,1.0036755e-17,3.7965277e-16,2.533901e-15,6.610123e-17,9.43317e-15,1.562178e-19
2.9585589e-21,7.1913725e-21,5.4961644e-18,1.3713963e-24,3.669908e-12,2.0312346e-17,4.4743366e-18,1.4909315e-18
1.1739494e-15,1.5123765e-20,7.665963e-20,4.1025416e-21,5.8360656e-23,3.0461225e-21,2.4422845e-28,1.4096107e-18
1.5677272e-15,1.5545832e-12,1.5674222e-15,5.454785e-26,2.5017892e-14,1.2858475e-17,2.9812347e-17,7.4496925e-19
1.241991e-17,2.2424126e-15,6.639817e-17,5.0235036e-16,1.9735546e-15,1.9131254e-16,2.271514e-14,8.273124e-19
1.2540433e-20,1.5652551e-20,1.6413336e-17,4.390394e-24,9.468713e-12,9.174621e-17,1.430303e-17,2.9257016e-18
3.489225e-15,1.0932185e-16,1.5497853e-18,1.8921647e-16,4.4682556e-22,5.197806e-20,2.7548329e-27,1.98136e-17
2.8241084e-15,2.8585472e-12,3.1273274e-15,2.1509668e-25,7.895464e-14,2.443575e-17,3.529745e-17,8.0710023e-19
1.7773876e-17,4.1000503e-15,2.0662082e-16,7.522238e-16,5.4331145e-15,5.037685e-16,5.3291386e-14,3.48374e-18
5.551892e-21,6.0423363e-21,8.160508e-18,1.1900226e-24,5.43076e-12,4.062526e-17,5.899989e-18,1.4312683e-18
2.5152468e-15,5.736955e-16,2.0916387e-18,2.0107135e-16,3.2656073e-21,6.5861006e-20,4.0247595e-27,3.6698923e-17
1.4509959e-14,8.6081186e-12,6.2544307e-15,1.1886344e-24,2.5390752e-13,6.5612595e-17,1.0429255e-16,1.5092026e-18
6.9509575e-18,2.0531274e-15,8.095987e-17,3.327624e-16,2.3380998e-15,2.3528974e-16,2.7009543e-14,1.1587846e-18
3.146911e-19,7.3654824e-20,3.2534424e-16,1.4256077e-24,3.3366593e-10,2.644083e-15,3.778552e-17,1.3765055e-18
3.585799e-15,2.107026e-15,8.002976e-18,4.1803882e-16,2.0857248e-20,1.3863223e-19,2.32779e-26,1.1934006e-16
7.1439275e-15,4.760242e-12,2.9013108e-15,3.3891523e-25,1.2628593e-13,2.9611958e-17,5.484146e-17,6.587134e-19
1.2957342e-18,7.150145e-15,5.4675416e-16,1.3481133e-15,2.073767e-14,2.870047e-16,1.4741002e-12,1.1853739e-17
1.000693e-18,1.5495835e-19,4.139463e-16,4.0429718e-23,9.357196e-10,3.4491744e-14,2.237558e-16,2.9758135e-18
1.9697863e-15,9.040798e-16,3.4297425e-18,2.0517717e-16,7.054997e-21,6.315189e-20,5.842469e-27,5.4587237e-17
6.252302e-13,2.8718944e-11,3.507896e-15,6.8991295e-25,1.0047717e-12,8.435303e-18,1.628991e-15,6.160554e-19
2.1339343e-18,2.5193243e-14,4.60294e-15,1.719278e-15,8.657556e-14,1.9478033e-15,1.9207858e-12,1.5463558e-16
1.2530065e-19,3.8418287e-20,1.3108542e-16,2.8535276e-25,1.589497e-10,9.796637e-16,1.781977e-17,7.8494674e-19
1.872677e-15,1.6244154e-14,6.433691e-17,1.05536926e-14,4.2202788e-19,1.1629872e-18,5.697647e-26,6.471227e-17
9.190302e-12,3.0796313e-10,3.0156216e-14,2.4126036e-23,1.2114181e-11,7.164089e-17,3.3057248e-15,1.4577393e-18
6.719924e-19,3.4898636e-15,1.4976421e-16,7.3009613e-16,1.090766e-14,1.2298187e-16,8.694961e-13,3.9772966e-18
5.763837e-20,1.789249e-20,6.509628e-17,1.1328963e-25,1.1856834e-10,4.2632457e-16,9.7159774e-18,4.1214155e-19
1.1037199e-15,1.1954573e-13,5.073788e-16,5.056112e-15,2.4641969e-17,3.5771439e-19,8.475688e-25,6.5758963e-16
2.5291138e-13,1.1536635e-11,1.8835957e-15,1.6244093e-25,3.6610344e-13,3.870399e-18,9.75956e-16,2.843485e-19
2.7064497e-19,1.9129367e-15,7.141605e-17,3.4232887e-16,6.1634103e-15,7.620171e-17,5.2023273e-13,2.2090086e-18
1.6966406e-19,6.495603e-20,2.0451842e-16,1.1082841e-24,1.6647687e-10,1.8734056e-15,2.7706871e-17,1.2617559e-18
1.2794684e-15,9.149221e-15,3.0811187e-17,6.8313097e-15,1.280965e-19,6.242667e-19,1.2582659e-26,2.284615e-17
1.496077e-13,7.8610165e-12,9.148869e-16,6.5185444e-26,2.39934e-13,2.1104171e-18,6.0823594e-16,9.52085e-20
2.304149e-18,6.6486703e-15,4.250482e-16,1.6463141e-15,1.5972222e-14,2.252588e-16,1.0515486e-12,8.6561845e-18
1.4758594e-22,1.0067718e-21,1.2933397e-17,7.9214438e-28,1.0865422e-11,3.274303e-20,1.3233035e-17,6.659394e-19
7.4625884e-16,5.6366506e-15,1.7291883e-17,4.2524955e-15,5.677985e-20,3.5774305e-19,4.9788525e-27,1.1894006e-17
3.116196e-13,1.736114e-11,4.967576e-15,4.404197e-25,5.1501495e-13,8.268774e-18,1.0601462e-15,1.004805e-18
3.5503064e-20,2.699952e-20,5.6289496e-18,1.2639586e-16,2.0786815e-18,9.522961e-19,1.0763524e-15,2.5478799e-21
1.4310962e-22,9.304902e-22,6.418538e-18,1.5586717e-27,7.650263e-12,2.7685276e-20,1.0087922e-17,1.0005518e-18
1.8274132e-15,1.50977e-14,4.4803513e-17,6.975991e-15,2.8622362e-19,8.1233577e-19,3.7445847e-26,4.482813e-17
1.06312063e-19,3.5085595e-14,6.63445e-17,4.800408e-26,3.8099294e-18,2.8604978e-21,7.7885184e-22,3.3530254e-20
6.907257e-20,3.076064e-20,7.814605e-18,1.3083113e-16,3.0325273e-18,5.1287343e-19,1.5962835e-15,1.8078275e-21
7.025184e-22,7.206171e-22,2.1773738e-20,4.3863482e-29,1.956828e-13,2.956304e-20,5.9030727e-18,2.4221529e-19
9.710726e-16,6.8154926e-20,5.3753156e-20,1.13722035e-20,6.567879e-22,3.490547e-20,4.7141502e-28,2.7060382e-18
1.24262e-19,5.6688368e-14,1.3813989e-16,4.2523094e-26,5.430806e-18,2.487776e-21,5.8451145e-22,4.2011624e-20
1.4105036e-18,1.8397743e-21,1.8253811e-20,4.0184745e-17,2.311087e-17,5.139229e-20,1.26738115e-17,2.5974555e-23
1.7865474e-21,4.129028e-21,2.5221992e-18,1.6234228e-27,5.1023985e-12,1.3759797e-19,4.1746975e-17,1.680384e-18
1.1914362e-15,5.945984e-20,6.094773e-20,7.0035395e-21,6.4713585e-22,1.9654954e-20,4.63917e-28,2.4677608e-18
1.5461175e-19,5.390785e-14,8.3263504e-18,7.5254066e-28,1.317993e-18,4.952251e-22,5.1876185e-22,1.8892038e-20
6.69955e-19,4.8655943e-20,1.843852e-18,3.8579325e-16,1.694928e-17,6.5058236e-19,4.656343e-16,1.4558641e-21
1.894601e-21,1.6056162e-21,6.972408e-20,1.5194195e-28,5.1863765e-13,6.2282015e-20,1.4602e-17,4.3551587e-19
5.1017943e-16,2.7566375e-22,3.1273188e-20,6.7354954e-21,3.480767e-24,1.5464465e-21,1.3733725e-28,1.5229669e-18
5.1357437e-19,9.6113405e-14,8.1922333e-17,4.99093e-26,9.417874e-18,5.154285e-21,1.7569785e-21,1.2508764e-19
1.2146598e-18,5.9705743e-21,5.1056198e-20,9.647398e-17,3.1443584e-17,8.067828e-20,3.403041e-17,5.4425716e-23
4.4397865e-19,1.3316119e-19,2.2098788e-16,3.5123805e-23,4.3020896e-11,1.1478929e-15,1.0190616e-16,2.924119e-17
1.8556031e-15,1.0456562e-20,9.9982245e-20,2.351502e-20,4.1099325e-22,2.8177523e-20,1.1477325e-27,6.7496784e-18
3.309567e-19,7.136891e-14,1.09706136e-17,2.6360906e-27,3.352658e-18,7.5608806e-22,6.416273e-22,3.067709e-20
7.389838e-17,1.5540065e-14,1.2814809e-15,2.6749345e-15,3.408821e-14,1.8902898e-15,3.6075494e-13,2.4530077e-17
1.2353745e-19,2.5383945e-19,1.2316496e-16,4.2640923e-23,3.7960232e-11,1.04014435e-16,1.404754e-16,6.573886e-17
7.882666e-16,2.6473942e-22,3.3640308e-20,7.7331314e-21,1.2666571e-23,2.7412345e-21,2.3819988e-28,2.758684e-18
2.8459301e-13,4.5401093e-11,1.9604769e-14,1.9704097e-23,1.519942e-12,3.6563114e-16,1.4489208e-15,9.3969885e-18
7.278406e-17,4.6637757e-15,7.826547e-16,7.1778555e-15,1.4017099e-14,7.9048593e-16,3.9198882e-13,3.828344e-18
9.3033955e-18,4.216998e-18,5.0822366e-15,7.6681203e-22,1.8385682e-09,6.288069e-14,9.369616e-16,5.3308485e-17
1.68436e-14,1.2567386e-14,1.1162825e-16,4.0690747e-15,2.690094e-19,1.4098206e-18,6.3795566e-25,8.856367e-16
3.991529e-15,1.2862832e-11,2.2763194e-14,1.7146797e-23,1.8571809e-13,6.4766105e-17,8.120857e-17,7.417654e-18
1.0733545e-16,3.1175987e-13,2.1278057e-14,4.6236906e-14,3.189857e-13,9.505052e-15,1.02175594e-11,6.6020866e-16
1.5249966e-17,1.9621115e-18,5.79779e-15,1.1038717e-22,1.4081151e-09,6.371566e-14,9.305606e-16,3.377331e-17
8.543516e-14,1.1355327e-15,3.2171565e-17,4.6534307e-16,9.0068724e-20,2.7948996e-18,2.622173e-25,5.8505084e-16
3.5007826e-12,2.1230873e-10,1.2475992e-13,2.159117e-22,1.6081192e-11,6.475527e-16,1.9620217e-14,4.2665625e-17
3.7632896e-17,9.2270714e-14,9.7981375e-15,1.477502e-14,2.432429e-13,5.059064e-15,8.976656e-12,3.1832695e-16
1.0212783e-19,1.2565533e-19,1.0084425e-16,1.06942315e-23,1.7838835e-11,2.2131606e-16,6.722444e-17,1.6728123e-17
4.8457068e-14,1.8043176e-13,1.2631832e-15,1.0960806e-13,2.2389827e-17,3.1964343e-17,9.10788e-24,3.535017e-15
9.698196e-12,2.2739419e-10,5.502322e-14,1.010812e-22,1.0078375e-11,3.3573323e-16,2.4485803e-14,2.5705536e-17
5.732402e-17,1.2116636e-14,3.6828805e-16,2.8900216e-15,1.8691024e-14,1.0771081e-15,4.0975995e-13,6.977364e-18
1.979339e-21,9.834691e-21,7.502346e-17,2.4863846e-26,4.555558e-11,2.1233041e-19,9.67803e-17,6.7884107e-18
2.0768902e-14,1.5396538e-13,1.315062e-15,7.318271e-14,1.868679e-17,2.0167196e-17,8.095774e-24,2.040782e-15
3.4750797e-14,9.5387925e-12,1.2193931e-14,5.0447797e-24,4.379671e-13,1.8037402e-16,5.0028693e-16,6.4399733e-18
1.4274343e-19,2.3358128e-19,5.548029e-17,7.4461533e-16,1.283216e-17,4.145685e-18,8.969044e-15,2.2726076e-20
5.2980563e-21,2.937105e-20,1.8460214e-16,4.5858962e-26,8.520746e-11,4.420976e-19,2.9928014e-16,1.31540685e-17
1.8660708e-14,5.3654552e-15,2.2881126e-17,2.4911643e-15,4.970672e-20,1.4926615e-18,1.2842197e-25,2.6831087e-16
9.460899e-19,1.6395816e-13,2.665338e-16,1.3884939e-24,4.866196e-17,1.5700452e-20,3.6236303e-21,1.6108018e-19
2.8126204e-19,4.9674894e-19,8.799551e-17,1.8436227e-15,2.0409747e-17,9.874028e-18,1.2712083e-14,8.265706e-20
6.436378e-21,2.6257428e-20,8.677514e-17,6.116858e-26,5.566213e-11,7.15586e-19,2.2883582e-16,1.2576191e-17
4.1553492e-15,2.0225805e-19,3.5807072e-19,4.1642253e-20,1.1037929e-20,1.7098887e-19,7.022727e-27,2.457466e-17
1.9208679e-18,1.869581e-13,3.1267769e-16,4.6128503e-24,8.416311e-17,3.980343e-20,8.586548e-21,3.4883525e-19
8.238073e-19,6.3596515e-19,7.3698504e-17,2.1093257e-15,3.550894e-17,6.4097787e-18,1.0782967e-14,4.1717617e-20
9.727496e-21,8.786585e-21,9.097036e-19,2.4982676e-27,2.476855e-12,4.786893e-19,8.2881367e-17,3.138305e-18
6.7075167e-15,3.1911677e-19,6.4771726e-19,1.05534236e-19,2.8504017e-20,5.214053e-19,1.8479215e-26,4.9944e-17
2.0655362e-18,2.9831292e-13,7.3969206e-16,2.3348001e-24,7.972357e-17,4.737804e-20,9.204575e-21,6.5916586e-19
4.1799695e-18,3.8288662e-20,6.96736e-19,6.0618834e-16,1.2852645e-16,6.1716323e-19,2.2503807e-16,1.0375461e-21
6.779705e-21,2.0884682e-23,3.6761496e-20,8.305027e-27,1.9891387e-16,4.351111e-17,6.291916e-19,6.1062897e-21
8.628834e-15,3.4046604e-19,6.653832e-19,1.0560432e-19,1.8834471e-20,3.5387068e-19,1.7332354e-26,4.3862413e-17
9.00097e-19,1.5188632e-13,3.7959897e-17,9.827466e-26,1.706489e-17,6.3138373e-21,3.026063e-21,1.3223484e-19
3.858076e-18,5.3707658e-20,1.985223e-20,5.7125814e-17,2.8455185e-16,2.8399944e-19,1.5994749e-18,2.4053715e-23
2.325933e-20,9.4942595e-21,3.853191e-19,2.5689329e-27,8.206152e-13,1.2511778e-18,7.140107e-17,2.4886816e-18
3.2197014e-15,4.2805248e-21,3.2316427e-19,4.9585135e-20,2.160122e-22,3.019342e-20,3.1001197e-27,2.943772e-17
4.4522686e-19,1.1337846e-14,8.355069e-21,7.277619e-27,1.1267881e-19,2.0123791e-23,1.04592756e-20,5.160202e-23
1.134129e-17,3.529026e-20,2.297232e-19,5.7430644e-16,3.3721446e-16,6.9200255e-19,7.2074536e-17,5.0478263e-22
6.2150736e-21,1.0308714e-20,3.97763e-18,5.3768763e-27,6.801508e-12,4.170968e-19,9.6061576e-17,4.318006e-18
3.248852e-17,4.182292e-21,4.6708346e-19,3.748269e-20,1.5678576e-24,7.9528744e-20,1.1494409e-28,5.534495e-19
1.230493e-18,1.6585477e-13,1.4078756e-17,6.8392244e-26,1.36545566e-17,5.3526005e-21,5.472202e-21,9.924923e-20
1.7932825e-18,9.269343e-20,2.8939445e-18,8.199366e-16,5.234745e-17,1.123201e-18,6.872263e-16,2.9311822e-21
6.0178157e-21,6.376892e-21,7.756835e-19,1.7479615e-27,2.2766994e-12,3.2899049e-19,5.9709735e-17,2.626717e-18
3.0243066e-15,2.1138867e-21,5.39e-19,8.784479e-20,8.217905e-23,2.7518073e-20,3.6335993e-27,4.1153083e-17
1.0715165e-18,1.6319968e-13,9.1184116e-17,1.8773309e-25,2.3036581e-17,1.0363797e-20,3.8144166e-21,2.0657006e-19
2.886899e-18,3.1685674e-20,5.7527475e-19,4.7370365e-16,8.009332e-17,4.731557e-19,1.7933663e-16,7.9155475e-22
1.8988048e-21,1.7031364e-21,6.724844e-20,1.616914e-28,4.993258e-13,6.708702e-20,1.6219826e-17,5.0726003e-19
3.855654e-15,1.4709598e-20,2.8756536e-19,5.278773e-20,7.9536243e-22,5.0639167e-20,3.6963996e-27,2.314157e-17
7.234938e-19,1.2638354e-13,3.336291e-17,6.110632e-26,1.3186876e-17,4.854376e-21,2.423879e-21,1.0369892e-19
1.5163121e-18,6.598848e-21,5.604475e-20,1.1023938e-16,3.6328555e-17,7.769595e-20,3.735257e-17,7.3482116e-23
5.4430726e-22,9.149364e-22,2.481892e-19,1.9801929e-28,1.1145359e-12,3.6025166e-20,1.0680809e-17,4.770141e-19
2.6179883e-15,3.5887304e-21,2.3257835e-19,3.7350235e-20,1.6127363e-22,2.0500306e-20,1.9387108e-27,2.0119478e-17
3.1490125e-19,6.777504e-14,1.2989765e-17,3.5564203e-27,3.6868126e-18,9.434863e-22,7.14881e-22,3.4334568e-20
3.048904e-19,9.679412e-21,2.1605127e-19,1.08705555e-16,8.5577194e-18,9.054032e-20,8.923883e-17,1.4984776e-22
4.995302e-22,8.908928e-22,4.7100553e-19,2.5122668e-28,1.7173404e-12,3.6639836e-20,1.2020674e-17,5.5282703e-19
7.7964496e-16,3.6668042e-22,4.0701513e-20,8.388922e-21,1.5139328e-23,2.8285742e-21,2.6145876e-28,3.3201522e-18
1.6953401e-19,4.215712e-14,1.658712e-17,4.906283e-27,3.1627863e-18,8.2249975e-22,4.040091e-22,2.4942198e-20
1.9114302e-19,1.1011686e-20,3.6862903e-19,1.2576676e-16,6.376611e-18,1.1411974e-19,1.227995e-16,2.101656e-22
4.5047313e-20,3.5103093e-20,3.689009e-17,5.039894e-24,7.400647e-12,8.760598e-17,2.1339354e-17,1.315984e-17
6.085632e-16,9.75365e-22,2.4134082e-20,4.815423e-21,3.8882957e-23,3.0625742e-21,1.2794305e-28,1.9930406e-18
1.4508539e-19,3.8243016e-14,1.520634e-17,7.898907e-27,3.442299e-18,8.367759e-22,3.3059022e-22,2.3071812e-20
4.2979266e-17,5.6504717e-15,1.7984839e-16,1.1105491e-15,9.027672e-15,6.1059556e-16,1.2081333e-13,2.4250479e-18
9.807263e-22,2.784987e-21,2.7734667e-18,1.7736678e-26,3.8117873e-12,5.3286448e-20,1.5188773e-17,5.6904802e-18
6.370126e-16,1.1920599e-21,2.4537153e-20,4.3854794e-21,6.202656e-23,3.9899186e-21,1.2948283e-28,2.399851e-18
1.930539e-14,7.652307e-12,6.8933506e-15,2.1490569e-24,2.6038874e-13,1.2603235e-16,2.6811033e-16,3.3742256e-18
3.981408e-19,1.0591739e-19,1.1373307e-17,2.410984e-16,5.4104617e-17,5.886407e-19,6.223325e-15,4.826694e-22
4.9637885e-22,1.2638397e-21,8.701637e-19,4.8831673e-27,1.6898289e-12,2.5261734e-20,7.468306e-18,2.6920254e-18
1.1318875e-14,2.4254585e-15,1.4967674e-17,1.1073848e-15,1.5042121e-20,5.1943794e-19,4.6416e-26,1.985515e-16
9.651253e-19,5.6240917e-13,4.5701324e-16,5.204119e-26,3.6183474e-17,1.788095e-21,1.9335022e-21,1.2617937e-19
2.8013025e-19,4.1048444e-20,3.4719455e-18,1.1866729e-16,3.522898e-17,2.4619956e-19,2.3529076e-15,1.5414336e-22
7.8309086e-23,1.7877735e-22,1.0501338e-19,6.2673546e-29,5.760187e-13,6.5673564e-21,2.0087335e-18,1.6784932e-19
4.384807e-15,5.659928e-20,2.9744272e-19,7.332091e-21,7.431573e-22,1.7353115e-20,2.4486013e-27,5.5925214e-18
4.9848964e-19,3.4224715e-13,2.1321382e-16,1.4200484e-26,1.6652678e-17,7.529363e-22,9.30792e-22,6.0667513e-20
6.0516585e-20,2.9026414e-21,1.3212644e-19,2.5109398e-17,2.3993749e-18,3.226517e-20,6.7389015e-17,3.854815e-23
5.686018e-23,1.487781e-22,1.2437439e-19,1.4216024e-28,5.5827836e-13,5.3126483e-21,1.3591408e-18,2.35735e-19
2.375735e-15,1.9184128e-20,1.4478352e-19,3.4994914e-21,2.0796209e-22,6.5862984e-21,8.4778425e-28,2.737341e-18
4.50884e-20,2.1784935e-14,1.0614806e-17,1.0579945e-27,1.1668889e-18,2.0445621e-22,9.9767213e-23,5.9332704e-21
5.0314902e-20,3.044891e-21,2.6039788e-19,1.847345e-17,3.0806588e-18,3.4903474e-20,1.4440864e-16,4.009046e-23
7.691444e-21,1.5272531e-20,6.2400508e-18,9.279048e-25,1.929319e-12,1.252955e-17,5.8689213e-18,5.2485396e-18
2.4504277e-16,6.5194777e-22,8.9155966e-21,1.1144415e-21,1.25499384e-23,8.979007e-22,2.7267057e-29,5.5213153e-19
4.747157e-20,3.2418563e-14,1.7597457e-17,1.4720886e-27,1.6508082e-18,1.8881787e-22,1.0859001e-22,4.5138632e-21
2.1628981e-17,2.1380115e-15,2.8000448e-17,5.026494e-16,3.558627e-15,1.5744087e-16,5.5678505e-14,3.1557587e-19
4.506774e-21,1.2261249e-20,3.783743e-18,3.967357e-25,1.49072e-12,4.6735105e-18,5.783048e-18,4.60845e-18
3.2617563e-16,1.7074038e-21,1.5457629e-20,1.0311421e-21,1.6406025e-23,8.074008e-22,4.399352e-29,6.084415e-19
3.3384967e-15,1.8282806e-12,2.7990435e-15,2.1080523e-25,5.768815e-14,3.0854118e-17,6.492938e-17,9.964875e-19
1.3652421e-17,6.0210225e-16,1.5263934e-17,4.0928441e-16,2.1302288e-15,6.480664e-17,4.095543e-14,1.0801919e-19
4.3672674e-20,1.4944776e-20,1.8920554e-17,7.344032e-24,9.933694e-12,2.3349167e-16,2.839748e-17,6.3245746e-18
5.948745e-15,4.8348905e-16,3.0844568e-18,3.8545349e-16,1.6367035e-21,1.4651477e-19,5.1357418e-27,3.610956e-17
9.303476e-16,1.1019525e-12,2.076204e-15,1.225528e-25,1.7874093e-14,8.982794e-18,1.7054414e-17,6.5051784e-19
1.8367064e-17,3.892229e-15,2.5660675e-16,4.3777852e-16,1.1255581e-14,8.494242e-16,5.16642e-14,5.760634e-18
9.6829117e-23,1.7299164e-22,5.0979513e-20,2.5173994e-28,2.4556203e-13,3.9312235e-21,1.2425117e-18,4.395097e-19
5.2945975e-15,1.470312e-16,1.8837006e-18,9.899037e-17,9.992533e-22,9.9262475e-20,3.1662363e-27,2.0762257e-17
7.5681825e-14,2.3804209e-11,7.798625e-15,4.8228057e-24,6.7262276e-13,1.7391717e-16,2.238984e-16,1.5064302e-18
1.1651847e-19,4.005748e-21,2.0955271e-19,2.0032556e-17,1.30708855e-17,2.805889e-20,2.3871165e-16,8.1894546e-24
3.8591262e-23,6.878061e-23,1.7813015e-20,5.989001e-30,1.8930845e-13,2.9005607e-21,1.0998767e-18,5.024126e-20
3.1606926e-15,4.106186e-15,2.589865e-17,4.0083418e-16,6.327247e-20,9.660826e-20,7.955885e-26,3.8542847e-16
1.0430553e-19,1.1742888e-13,3.012513e-17,5.5910425e-28,2.7247249e-18,7.9701735e-23,1.4738846e-22,8.8397375e-21
4.6500323e-20,7.6589407e-22,1.6515811e-20,1.3628639e-17,1.1423173e-18,7.746329e-21,1.0436494e-17,8.073229e-24
2.8161606e-21,6.9754105e-21,2.9407853e-18,2.625155e-25,1.122896e-12,4.5494115e-18,3.1420542e-18,2.8314394e-18
5.9285345e-16,1.1373326e-21,2.4136108e-20,5.6957464e-22,8.4395905e-24,6.1854106e-22,6.3124153e-29,4.7749833e-19
1.9767444e-20,9.300358e-15,2.3727697e-18,1.2649493e-28,3.381092e-19,6.0905565e-23,3.6883223e-23,2.663319e-21
1.0597731e-17,8.798146e-16,1.2008481e-17,2.769885e-16,1.6397457e-15,6.723213e-17,3.3415565e-14,1.2102146e-19
1.2362973e-21,4.3504385e-21,4.114145e-18,7.14596e-26,2.511655e-12,5.114375e-19,6.338341e-18,3.957531e-18
1.0170421e-16,6.895637e-23,2.159011e-21,4.5165823e-22,1.6816294e-24,2.2180643e-22,4.1743666e-30,1.7877967e-19
1.3544381e-15,9.291094e-13,1.5486471e-15,6.557776e-26,2.2912648e-14,1.283216e-17,2.6843361e-17,4.681538e-19
1.7735398e-18,1.5988902e-17,1.586629e-17,2.7602549e-16,2.5448652e-16,8.9560375e-18,2.0025594e-14,1.21837105e-20
2.800315e-22,6.0195565e-22,9.776569e-20,6.9628344e-29,5.6775396e-13,2.1035912e-20,6.3925874e-18,2.3760835e-19
3.6230466e-15,2.2910484e-16,1.3644604e-18,1.7024652e-16,6.1697157e-22,6.9180165e-20,1.5576196e-27,1.441081e-17
4.332445e-17,6.6763413e-13,1.073392e-15,5.924457e-26,1.0784813e-15,2.4113664e-19,3.4431776e-19,2.758114e-19
3.3201254e-19,4.2845763e-21,7.716044e-20,6.8176617e-17,5.71175e-18,5.2840317e-20,3.872395e-17,7.18388e-23
9.416162e-23,3.743207e-22,5.733643e-19,9.259795e-29,1.810496e-12,1.3385733e-20,5.8395547e-18,2.5773454e-19
4.062948e-15,7.953974e-18,6.429586e-19,1.8684997e-18,8.3627167e-22,4.5080145e-20,1.6485036e-27,7.676155e-18
1.0242904e-19,2.9877458e-14,1.1787454e-17,1.3855816e-27,1.3468107e-18,5.0614007e-22,3.1657735e-22,1.9005449e-20
7.2309615e-20,7.259923e-21,4.4280984e-19,8.538876e-17,1.365033e-18,8.1432416e-20,1.2299781e-16,2.392999e-22
1.1649696e-22,2.1289296e-22,2.6489123e-20,1.4185953e-29,2.1881853e-13,9.537457e-21,2.7309788e-18,1.0913002e-19
4.355846e-16,5.718584e-22,1.4945801e-20,4.235031e-21,1.2901919e-23,1.864538e-21,6.8688105e-29,8.939104e-19
6.1861956e-20,2.047583e-14,1.8764865e-17,2.8174198e-27,1.310028e-18,5.998766e-22,2.091052e-22,1.8156238e-20
2.214745e-19,1.4082542e-21,2.0664327e-20,3.1582666e-17,3.0941322e-18,1.8247338e-20,1.0781059e-17,2.1373669e-23
1.1170331e-22,3.1592226e-22,2.7824836e-19,1.1423681e-28,1.1827547e-12,1.12707995e-20,3.999082e-18,2.52577e-19
4.274857e-16,2.3915767e-21,1.0341405e-20,3.2439164e-21,4.8854506e-23,3.2198266e-21,4.5646312e-29,6.314591e-19
5.0234743e-20,1.705587e-14,3.9974504e-18,2.8497051e-28,5.608178e-19,1.8847605e-22,1.4883088e-22,7.490235e-21
7.63296e-20,5.0627355e-21,3.0416667e-19,4.7624732e-17,2.489821e-18,5.8338716e-20,1.2404764e-16,1.0642511e-22
8.45162e-21,2.6656278e-20,1.1871976e-17,7.220578e-25,3.781287e-12,1.0054459e-17,1.6752775e-17,8.315336e-18
2.3039405e-16,1.6489859e-22,6.331372e-21,2.0285902e-21,2.7283462e-24,5.133581e-22,1.6566469e-29,3.9305824e-19
7.106564e-20,2.909575e-14,1.7344801e-17,2.2046546e-27,1.6353205e-18,3.9218746e-22,1.7753571e-22,1.1429176e-20
2.049299e-17,1.134472e-15,3.7093856e-17,9.199683e-16,2.5577428e-15,1.3854467e-16,7.8475265e-14,3.8787336e-19
4.388226e-20,4.0262325e-20,3.4992582e-17,5.6469334e-24,1.22157865e-11,1.3251379e-16,2.860678e-17,9.781278e-18
4.275183e-16,1.536837e-21,1.3300425e-20,2.2452303e-21,2.9893792e-23,2.015339e-21,5.47028e-29,7.189597e-19
1.7517771e-15,1.897416e-12,4.3104092e-15,3.0245107e-25,2.7339029e-14,2.1430475e-17,4.2095744e-17,1.5797675e-18
3.6638913e-17,5.781601e-15,2.2626643e-16,1.3430982e-15,9.037182e-15,5.701416e-16,1.0799645e-13,3.7621394e-18
1.402948e-18,1.7854045e-19,7.604552e-16,8.54771e-24,5.6999766e-10,1.4000318e-14,1.3450255e-16,5.410624e-18
1.1899651e-14,4.9029433e-16,3.495521e-18,2.4189064e-16,3.0530792e-21,3.0140383e-19,8.440189e-27,3.0473373e-17
2.7747954e-14,1.069448e-11,8.300042e-15,2.105096e-24,3.1842947e-13,1.1002303e-16,2.6568922e-16,3.2806078e-18
5.202393e-18,1.7022657e-14,2.1800803e-15,2.700515e-15,5.0413138e-14,8.653288e-16,1.8407723e-12,5.678969e-17
5.8712024e-19,7.8925794e-20,3.4567248e-16,4.296157e-24,2.742463e-10,5.6816823e-15,7.897742e-17,3.8714923e-18
9.169626e-15,2.5701836e-15,1.6468526e-17,1.1156487e-15,2.5420654e-20,3.9848875e-19,4.9111728e-26,1.7617347e-16
3.3173202e-12,1.0724534e-10,1.6222543e-14,6.5521075e-24,2.98898e-12,5.0378555e-17,4.8814276e-15,3.2371846e-18
4.4015087e-18,9.132136e-15,1.2284032e-15,1.4839715e-15,2.5344e-14,5.5097937e-16,7.884257e-13,3.2602616e-17
7.4082616e-19,7.918938e-20,3.61857e-16,7.375308e-24,4.8713017e-10,1.3165635e-14,9.134809e-17,2.9959514e-18
3.3303942e-15,5.415725e-14,3.3230196e-16,1.4192339e-14,3.6632326e-18,1.6774956e-18,4.187136e-25,3.213209e-16
1.7192248e-12,7.3068586e-11,1.0995391e-14,3.5001668e-24,1.6999054e-12,4.2242936e-17,2.4379908e-15,2.1910153e-18
2.1783396e-18,1.1825393e-14,1.8518482e-15,1.222667e-15,3.5997664e-14,7.644836e-16,1.0220068e-12,5.1679988e-17
9.120386e-19,1.4316006e-19,3.3848006e-16,3.0484094e-23,5.937911e-10,2.2915096e-14,1.92348e-16,4.0562675e-18
2.408705e-15,2.79008e-14,1.7157392e-16,6.1893744e-15,1.4647068e-18,7.4414843e-19,1.9927598e-25,2.0822149e-16
4.1401817e-12,1.3717201e-10,1.36345115e-14,5.4582667e-24,3.6013633e-12,3.9688113e-17,3.0591976e-15,1.3765634e-18
2.493243e-18,2.2375005e-14,3.0891834e-15,1.3774689e-15,8.1970136e-14,2.114861e-15,1.6080603e-12,1.04970695e-16
2.1203001e-20,1.0374952e-20,1.6588007e-17,2.2805407e-24,7.054087e-12,9.657009e-17,1.531526e-17,4.9501085e-18
1.3286362e-15,5.2938533e-14,2.9430663e-16,5.8823114e-15,4.771563e-18,4.652607e-19,2.6550258e-25,2.8593813e-16
7.1381646e-12,2.2562285e-10,2.9618103e-14,1.9848488e-23,7.723984e-12,8.4219e-17,3.2917572e-15,1.5203723e-18
1.2953839e-17,2.4169613e-15,1.443756e-16,4.1132386e-16,5.286606e-15,4.2245376e-16,4.3087018e-14,2.5900022e-18
5.0095615e-20,4.5189646e-20,1.0624608e-17,1.3111502e-22,1.4239032e-10,5.3041195e-15,2.1680207e-16,1.1463028e-18
1.1793492e-15,1.0838152e-13,5.0909274e-16,4.393597e-15,1.762527e-17,3.4424158e-19,7.8901814e-25,6.4357807e-16
3.092534e-14,1.0367502e-11,4.5656736e-15,1.496591e-24,2.7093144e-13,8.670763e-17,1.4404773e-16,1.1744897e-18
8.632241e-19,1.4852436e-14,1.1444388e-15,2.2136505e-16,1.1806288e-13,6.5448673e-15,4.6593084e-13,9.519193e-17
3.0910368e-21,1.913661e-21,1.621851e-19,4.981686e-26,1.7104779e-13,3.7266588e-18,9.001965e-19,6.8095183e-19
2.9758633e-15,2.3235179e-15,1.270484e-17,3.8903715e-16,2.1363348e-20,1.0116158e-19,2.4239743e-26,1.5467452e-16
2.1135415e-12,2.3023794e-10,4.2659584e-14,2.894633e-23,9.979081e-12,1.1340301e-16,2.9498666e-16,1.4070473e-19
2.572378e-17,2.0269321e-16,9.873683e-19,7.3402214e-17,2.7382955e-15,1.6104164e-17,2.1962823e-15,1.803296e-20
1.6234107e-19,1.2719423e-19,3.678919e-17,5.491354e-22,9.998886e-10,3.558785e-14,4.4354248e-16,6.07959e-19
2.2913104e-16,1.00880574e-13,1.538143e-16,1.3044741e-16,2.4150327e-17,4.5371164e-21,9.774456e-25,8.5931567e-16
1.4537486e-15,1.0010225e-12,2.9830338e-16,7.318404e-27,1.5098706e-14,4.818499e-18,1.788276e-17,1.6253503e-19
3.2624975e-19,5.435967e-14,4.1385174e-15,3.0302175e-16,3.6848042e-13,1.6741203e-14,2.7011475e-12,4.0384236e-16
4.4288223e-20,2.3820814e-20,6.5025268e-18,7.617126e-23,4.7926593e-11,1.819088e-15,7.79481e-17,1.0374013e-18
1.4240652e-15,1.914278e-17,6.939694e-19,9.9944653e-17,3.7432763e-23,9.739786e-21,5.5941356e-28,1.00063625e-17
9.241313e-12,6.475979e-10,8.833685e-14,4.7698402e-23,3.01821e-11,6.826769e-17,8.305739e-16,1.1840891e-19
2.1545222e-18,1.043237e-14,5.082971e-16,1.6078575e-16,8.479197e-14,3.9949564e-15,1.7419533e-13,2.7619916e-17
3.852542e-20,6.7536635e-20,6.6349017e-18,1.1125768e-21,2.9281255e-10,1.1118934e-14,3.5008753e-16,4.2348737e-19
1.7498862e-16,4.2569225e-13,3.8368573e-16,2.1852165e-16,3.0445967e-16,6.5886353e-21,4.9364403e-24,1.2788048e-15
5.5119467e-13,1.2932061e-10,1.833531e-14,9.4024095e-24,4.3445213e-12,8.4701e-17,2.1423212e-16,1.671146e-19
3.5185296e-19,4.4587384e-14,2.0746522e-15,1.324961e-16,3.9712875e-13,3.2462863e-14,9.35579e-13,2.467001e-16
2.1738962e-20,2.271481e-20,4.874349e-18,1.8196574e-22,1.9343578e-10,4.846767e-15,1.09894677e-16,1.9228463e-19
4.8817606e-16,2.1157778e-14,5.8647165e-17,1.0751166e-16,2.27209e-18,6.098003e-21,5.7902016e-25,7.417236e-16
2.509639e-12,4.4764634e-10,8.5696776e-14,4.9173477e-23,2.1499033e-11,1.01189137e-16,2.3425175e-16,5.0143223e-20
1.7641596e-19,1.856252e-14,9.440724e-16,7.1918815e-17,1.4110777e-13,8.925765e-15,5.2569884e-13,8.084076e-17
2.6336461e-21,4.025768e-22,6.122553e-19,5.3517704e-26,4.316749e-13,7.734383e-18,7.005577e-19,4.0196666e-19
1.2600159e-16,2.220911e-13,1.5606436e-16,3.9987185e-17,1.4554292e-16,1.2091521e-21,4.8945135e-24,1.731943e-15
1.3245948e-12,2.3473418e-10,3.1353558e-14,9.192455e-24,8.9891115e-12,3.2516913e-17,1.4683726e-16,2.8602154e-20
4.368605e-18,1.8438187e-16,4.5583057e-18,2.6706496e-17,8.732742e-16,3.1256184e-17,1.4693036e-15,6.844882e-20
4.2075915e-21,8.9686e-22,1.6348714e-18,3.17885e-25,1.4036883e-12,2.3008126e-17,1.756378e-18,6.049307e-19
8.3104884e-17,8.526813e-14,6.485413e-17,3.3247926e-17,3.2349393e-17,9.58154e-22,1.0509206e-24,5.79478e-16
3.613633e-15,2.2327537e-12,2.6119518e-16,2.1594996e-26,2.9038536e-14,8.83938e-18,1.8540944e-17,1.1588061e-19
2.9695765e-18,5.4923766e-16,1.7265453e-17,3.9959587e-17,1.4986717e-15,1.2428825e-16,3.748393e-15,2.7361597e-19
2.3557034e-20,1.16817475e-20,1.1488336e-17,2.2053489e-23,1.8783661e-10,2.973333e-15,3.55355e-17,1.3110972e-19
6.135351e-16,5.7084204e-17,9.110059e-19,4.14213e-17,1.812356e-22,6.333522e-21,7.116301e-28,2.0876541e-17
8.213395e-15,5.058367e-12,7.1255535e-16,1.0886607e-25,8.4354487e-14,1.9368798e-17,3.0171016e-17,1.5688547e-19
1.1224381e-19,1.081279e-14,5.2695693e-16,6.5920425e-17,3.619623e-14,2.775355e-15,3.3532866e-13,2.7822104e-17
1.5096848e-20,1.6585514e-20,3.4487e-18,1.3865528e-22,2.1937965e-10,4.5210625e-15,8.101023e-17,8.9053696e-20
6.728835e-16,2.074113e-16,2.043451e-18,4.3049e-17,1.6059227e-21,8.161679e-21,2.62188e-27,5.5682986e-17
6.2283544e-13,9.48618e-11,1.0474121e-14,1.701108e-24,2.6587883e-12,1.2274652e-17,1.7537754e-16,3.9109726e-20
7.8980614e-20,1.8332829e-14,6.8618896e-16,4.3958558e-17,1.1595016e-13,8.680139e-15,4.182524e-13,6.40057e-17
5.8944006e-21,6.862658e-21,1.4655676e-18,5.9669704e-23,1.311656e-10,2.3793719e-15,3.8896276e-17,4.2411605e-20
9.587085e-17,3.09712e-14,3.287211e-17,5.714804e-17,6.68156e-18,2.7741927e-21,2.167242e-25,2.12134e-16
1.0435824e-12,2.0886096e-10,2.4348833e-14,4.2685335e-24,6.7594e-12,1.7875735e-17,1.1107222e-16,1.528448e-20
3.2977436e-20,1.0026323e-14,3.5708503e-16,2.11473e-17,6.592581e-14,4.884501e-15,2.3977662e-13,2.970915e-17
9.841292e-22,1.5230693e-21,1.0712545e-19,1.530949e-23,1.2272067e-11,3.5188303e-16,1.35197435e-17,2.0430358e-20
5.062399e-17,6.105438e-14,4.1463672e-17,1.809404e-17,3.1724183e-17,4.722174e-22,8.012569e-25,4.1297155e-16
6.6460016e-13,1.4104691e-10,1.4194695e-14,1.7442076e-24,4.568782e-12,9.164647e-18,5.2314515e-17,6.1171077e-21
4.6872176e-20,2.308305e-15,4.1966198e-17,6.0868797e-18,3.340951e-14,2.655171e-15,2.143051e-14,4.5063514e-18
3.2031408e-21,2.8498785e-21,1.4732132e-18,1.4001161e-23,1.7316171e-10,1.905072e-15,1.4471353e-17,1.1529807e-20
2.265038e-17,3.638249e-14,2.172772e-17,8.361904e-18,1.6639532e-17,1.6674248e-22,2.61525e-25,2.1792143e-16
1.0144864e-13,5.2329346e-11,4.0957046e-15,3.8387722e-25,1.2190968e-12,7.266196e-18,1.06478584e-17,2.0981646e-21
6.5031623e-21,6.2572704e-15,2.1178068e-16,9.98379e-18,2.6370534e-14,2.1257478e-15,2.0310956e-13,1.4304175e-17
3.1907628e-21,3.014208e-21,1.3509478e-18,1.6436343e-23,1.4276588e-10,1.6909388e-15,1.6057116e-17,1.431447e-20
1.4674311e-17,5.018775e-15,4.8653953e-18,1.6719567e-18,9.347788e-19,2.4606198e-23,5.7082635e-26,1.2758464e-16
5.0183593e-13,8.503488e-11,6.012533e-15,3.3504338e-25,2.274434e-12,2.1994145e-18,3.6359746e-17,2.3379141e-21
9.199485e-21,6.7768036e-15,2.1072095e-16,1.0900197e-17,2.926037e-14,2.4950353e-15,1.8317701e-13,1.4847685e-17
5.793329e-21,4.127579e-21,2.645209e-18,9.808825e-24,3.3994071e-10,4.5892995e-15,2.4090702e-17,1.7278998e-20
8.549823e-18,2.2445917e-14,1.0691001e-17,5.4766793e-18,1.0909641e-17,9.3957095e-23,6.910452e-26,7.049442e-17
3.9148223e-13,8.137627e-11,6.53606e-15,3.9450364e-25,2.1503372e-12,2.926338e-18,3.66459e-17,2.833942e-21
6.273121e-21,5.7238205e-15,3.512125e-16,1.9543958e-17,3.1341422e-14,1.2770451e-15,3.6085745e-13,2.4835616e-17
1.4073413e-21,2.498275e-21,3.99818e-19,2.8804565e-23,1.7216452e-10,2.4665127e-15,2.4108909e-17,7.328008e-21
1.1488599e-17,2.1175424e-14,1.04781805e-17,5.2119877e-18,9.247632e-18,1.0454358e-22,7.988911e-26,8.779768e-17
1.6136398e-12,1.3578534e-10,8.311036e-15,6.6212e-25,4.7585902e-12,2.4591997e-18,6.3143567e-17,3.494489e-21
2.8155267e-21,5.8946886e-15,2.2448679e-16,6.532685e-18,4.8400906e-14,3.0110452e-15,2.276286e-13,2.3477948e-17
6.672453e-22,9.332773e-22,2.0319145e-19,8.511691e-24,8.4475864e-11,1.0498797e-15,9.566366e-18,3.3970676e-21
6.877003e-18,5.2623528e-14,2.624365e-17,1.502729e-17,2.9119524e-17,1.7685638e-22,5.256894e-26,7.12362e-17
9.471309e-13,1.4161138e-10,1.0211875e-14,6.653558e-25,5.3668042e-12,2.5160107e-18,1.8271187e-17,7.4547416e-22
1.84775e-21,2.9377398e-15,1.00771185e-16,3.1508042e-18,2.4198596e-14,1.5930958e-15,9.577505e-14,9.8844675e-18
6.7123046e-22,6.5260713e-22,3.7258324e-19,3.0478497e-24,1.06157146e-10,8.618664e-16,4.972384e-18,2.3235905e-21
2.760779e-18,4.5366224e-14,1.3467601e-17,2.0836671e-18,4.2981228e-17,1.620283e-23,7.2317936e-26,8.54018e-17
3.7339828e-13,7.230525e-11,4.077481e-15,1.5863564e-25,2.0867357e-12,1.2620254e-18,9.8040656e-18,3.8362596e-22
1.1052544e-21,2.4744384e-15,7.5959665e-17,2.7709605e-18,1.08851315e-14,9.01349e-16,8.4354324e-14,5.591305e-18
6.2852168e-21,3.9081649e-22,6.5321618e-18,2.8845097e-26,5.4902537e-11,4.4693773e-16,8.1964133e-19,1.6023375e-20
2.1590719e-18,1.5979963e-14,5.2280577e-18,1.1073493e-18,1.0178567e-17,8.9361146e-24,2.593125e-26,4.460399e-17
2.4196162e-13,4.8250185e-11,2.4196273e-15,6.256925e-26,1.1454321e-12,6.0493993e-19,1.12964714e-17,4.2703295e-22
8.88548e-21,4.431637e-16,4.5861272e-17,1.5897794e-17,1.2681902e-15,2.0910176e-17,5.8790165e-14,5.0497603e-19
2.638765e-21,1.5490559e-21,1.5016395e-18,3.650207e-24,1.9304398e-10,1.6109773e-15,7.948908e-18,7.323146e-21
2.013321e-18,1.1040615e-14,3.5610527e-18,1.3397036e-18,5.300511e-18,1.4287934e-23,1.21228955e-26,2.4323127e-17
2.0917998e-13,1.2572728e-11,2.9253365e-16,9.584258e-27,2.4326426e-13,3.0628459e-19,5.793782e-17,6.938866e-21
3.246219e-21,3.4537347e-15,1.6200232e-16,8.700247e-18,1.3473685e-14,6.7008125e-16,1.8393921e-13,8.365254e-18
4.2618997e-22,9.290716e-22,1.4014068e-19,1.4095963e-23,6.8539674e-11,8.094386e-16,1.114784e-17,3.3723035e-21
1.7317034e-17,1.5046405e-15,4.1839734e-18,9.585879e-17,6.691399e-20,2.7307453e-21,4.3215764e-28,5.6331595e-18
5.5633737e-13,6.8380114e-11,3.602155e-15,1.445612e-25,1.9089925e-12,9.577426e-19,3.010893e-17,1.6925793e-21
1.5784579e-21,3.3829693e-15,9.8475885e-17,2.6861474e-18,2.5260655e-14,2.4300615e-15,9.174827e-14,9.809191e-18
3.038786e-22,4.1114224e-22,1.0875972e-19,3.204175e-24,7.62988e-11,8.073755e-16,4.7481946e-18,1.3506932e-21
5.002864e-18,1.640563e-14,8.044203e-18,6.684084e-18,6.864658e-18,9.213206e-23,1.9112047e-26,3.234631e-17
2.789395e-13,7.13354e-11,5.4384225e-15,2.451791e-25,2.3883417e-12,1.7051087e-18,6.662141e-18,3.1821793e-22
5.47648e-22,1.7322337e-15,6.0978756e-17,1.5690292e-18,1.3908652e-14,8.4704586e-16,6.695313e-14,5.603369e-18
3.2395375e-22,2.8390695e-22,2.1717257e-19,9.734491e-25,9.182702e-11,5.6282676e-16,2.3972432e-18,8.794829e-22
1.8265393e-18,1.7755201e-14,4.3883644e-18,6.2580453e-19,1.2862155e-17,5.7776283e-24,2.8539835e-26,5.3758164e-17
3.3966344e-13,5.6023852e-11,2.403006e-15,5.646346e-26,1.5441074e-12,5.0255275e-19,5.6989746e-18,1.3803149e-22
3.7803156e-22,1.3571171e-15,4.307594e-17,1.4111494e-18,6.2374185e-15,4.1176506e-16,6.560806e-14,2.9247421e-18
2.0377964e-21,2.4640402e-22,2.0043093e-18,6.594478e-26,7.6275083e-11,3.8969665e-16,7.7868963e-19,3.542107e-21
7.6674886e-19,1.2257637e-14,3.350229e-18,6.2415714e-19,8.281022e-18,3.1733874e-24,8.319423e-27,2.0828098e-17
1.8526523e-13,3.3533988e-11,1.3192021e-15,1.989341e-26,7.557498e-13,2.247975e-19,6.486597e-18,1.704013e-22
2.0638712e-21,6.23506e-16,3.9579858e-17,5.344142e-18,1.5849672e-15,3.8163314e-17,5.6848616e-14,7.529203e-19
1.7646695e-21,2.9414859e-22,1.7429758e-18,7.9485434e-26,8.759974e-11,5.5741036e-16,1.114928e-18,4.1156925e-21
8.564737e-19,7.6169234e-15,1.96702e-18,8.034723e-19,3.2203231e-18,6.4621016e-24,3.9607597e-27,1.0415216e-17
1.6570016e-13,1.5254959e-11,3.868558e-16,5.9441717e-27,2.778324e-13,1.5849095e-19,2.292411e-17,1.5965585e-21
1.9948099e-21,6.2275964e-16,4.4135826e-17,6.40489e-18,1.9282123e-15,5.037356e-17,5.289826e-14,1.0645944e-18
8.2692616e-22,2.2108336e-22,8.0476376e-19,1.3550254e-25,8.1079886e-11,4.5429823e-16,9.737604e-19,1.985866e-21
5.3109545e-18,1.7097423e-15,1.995673e-18,1.3936887e-17,1.8281766e-19,2.9031162e-22,6.7724946e-28,4.7061783e-18
2.1628488e-13,1.9184545e-11,5.088811e-16,1.0339164e-26,3.9009136e-13,2.0282206e-19,2.4244756e-17,1.4930236e-21
8.728652e-22,6.9268507e-16,3.6998892e-17,3.1267378e-18,2.1775455e-15,7.7734596e-17,4.9052298e-14,1.0464993e-18
1.9933938e-22,1.6541963e-22,1.4540673e-19,5.6499904e-25,7.979211e-11,4.3701937e-16,1.4774622e-18,5.181073e-22
3.9384195e-18,3.1445296e-15,3.1233285e-18,1.5921342e-17,3.44369e-19,2.2158656e-22,7.1110095e-28,5.8074763e-18
1.8858481e-13,1.9985713e-11,5.7961506e-16,8.414343e-27,4.0343342e-13,1.4956303e-19,1.3225919e-17,5.8720443e-22
2.3295625e-22,1.0029684e-15,3.4250115e-17,9.94069e-19,4.7203355e-15,2.8178976e-16,4.5273125e-14,2.1930138e-18
2.1038138e-22,5.0008666e-23,2.6039294e-19,2.2485845e-26,4.7012963e-11,1.9552244e-16,3.0512542e-19,4.253713e-22
1.853747e-18,3.3971815e-15,2.1699795e-18,5.27429e-18,5.474838e-19,5.650233e-23,8.562967e-28,5.132984e-18
1.5005811e-13,2.690916e-11,9.476807e-16,9.795124e-27,5.5587707e-13,1.3521174e-19,4.430652e-18,1.00688653e-22
1.8690519e-22,2.556005e-16,1.233925e-17,9.430812e-19,8.712445e-16,2.8836204e-17,2.0783248e-14,3.7442977e-19
1.7166253e-21,4.0478176e-23,2.814597e-18,5.332466e-28,1.4992037e-11,5.075741e-17,7.584142e-20,4.3557526e-21
5.20376e-19,5.5769988e-15,1.3577105e-18,5.6299557e-19,2.3379445e-18,3.5918064e-24,2.1455395e-27,6.941948e-18
7.808914e-14,9.622944e-12,1.8518402e-16,1.2499411e-27,1.5761237e-13,3.8722118e-20,4.9432777e-18,1.2952226e-22
2.1211567e-21,6.07211e-17,5.0435063e-18,3.584809e-18,1.6735091e-16,1.7324822e-18,1.4566304e-14,2.801301e-20
5.942146e-22,1.6276435e-22,5.6282165e-19,1.1695183e-25,8.506634e-11,3.9778772e-16,8.644301e-19,1.198e-21
5.7818095e-19,1.5120689e-15,7.0884545e-19,1.7270714e-18,1.7985705e-19,1.285407e-23,1.5479575e-28,1.6896014e-18
3.3146734e-14,2.2868138e-12,2.5332992e-17,2.3560804e-28,2.6727174e-14,3.7597252e-20,2.005228e-17,1.55986e-21
5.372543e-22,6.332427e-16,3.326924e-17,2.330936e-18,2.0402218e-15,6.387423e-17,4.65816e-14,1.0230374e-18
1.0481762e-20,6.3097897e-22,1.6491536e-17,4.6026837e-27,3.2205617e-11,1.4035437e-16,7.233751e-19,3.169704e-20
9.599486e-18,1.5661724e-16,5.66786e-19,6.0261894e-17,1.415482e-21,1.7809065e-21,1.4956513e-29,6.371525e-19
1.6948475e-13,1.9424315e-11,5.1147333e-16,5.9365804e-27,3.94024e-13,1.0421127e-19,9.4460105e-18,3.7311323e-22
2.2087535e-20,2.3692989e-16,1.4703786e-17,2.4841491e-17,9.46326e-16,1.0659887e-17,7.6041394e-14,1.5198204e-19
1.8639295e-25,1.1346961e-24,8.1633337e-20,3.6643124e-31,3.3205407e-13,7.6265166e-23,3.088928e-20,2.8479003e-21
1.2855378e-18,2.869107e-15,1.5383644e-18,3.1815912e-18,5.5990713e-19,3.0983998e-23,7.1117144e-28,4.206202e-18
6.292064e-14,3.1955523e-12,1.1009776e-16,2.9821977e-27,5.0045634e-14,2.6175732e-19,8.76802e-17,1.20431915e-20
5.8743266e-23,7.667004e-23,2.89147e-20,6.1893143e-19,8.353316e-21,4.116462e-21,1.1134623e-17,2.2179775e-24
1.5770744e-20,1.2425477e-21,2.1378058e-17,2.4021035e-26,4.6179782e-11,4.719505e-16,1.4122697e-18,4.6852156e-20
6.243006e-17,7.473472e-16,2.5704052e-18,4.1584553e-16,5.886267e-21,2.6765917e-20,2.6324516e-28,2.5461639e-18
3.44224e-22,5.9867823e-16,3.6109525e-19,1.7650123e-29,2.1180367e-20,3.7866045e-24,1.2603377e-24,4.8062237e-23
5.1045093e-20,5.8808725e-16,4.0931703e-17,4.730696e-17,1.41197e-15,3.2254637e-17,5.962004e-14,5.709852e-19
1.13657855e-20,1.695953e-21,1.9143803e-17,1.3979047e-26,4.1101046e-11,1.4356825e-16,1.0685654e-18,7.327873e-20
8.399789e-18,1.859735e-22,1.7187932e-22,2.8733233e-23,7.732585e-25,6.7251673e-23,1.0039555e-31,1.3179513e-20
1.2082947e-13,6.718615e-12,3.6592977e-16,1.3981766e-26,9.9349145e-14,7.37333e-19,1.4259671e-16,3.9909403e-20
5.0126395e-20,5.1004714e-16,2.0182433e-17,6.317801e-17,1.4927036e-15,1.5641056e-17,1.5568169e-13,2.0964147e-19
3.4709623e-20,1.3611942e-20,3.0996625e-17,4.4224106e-26,6.72925e-11,1.3715066e-16,6.004593e-18,4.23531e-19
6.7282414e-17,1.4999128e-15,6.275572e-18,3.5557758e-16,3.619198e-20,2.4101605e-20,8.54616e-28,7.526163e-18
5.3510785e-14,3.4444904e-12,2.4776487e-16,4.8390338e-27,6.652199e-14,3.4891647e-19,1.2840836e-16,2.0272064e-20
7.241064e-20,1.1086697e-15,3.5065275e-17,1.2015178e-16,5.8767718e-15,8.7619345e-17,7.5145776e-13,2.4326348e-19
1.22745e-19,1.1075466e-20,8.991198e-17,7.9037336e-26,1.2851557e-10,4.3825474e-16,1.0929053e-17,7.4464257e-19
1.3371164e-16,1.509533e-15,3.9043876e-18,8.988802e-16,8.91087e-21,4.986378e-20,4.136801e-28,2.86569e-18
4.5619243e-14,7.719123e-12,3.8737265e-16,1.7198981e-26,1.4743188e-13,1.5508144e-18,2.8338197e-16,4.3214784e-20
1.05322284e-19,9.838732e-16,1.099194e-16,1.1875333e-16,8.1864625e-15,1.0708721e-16,7.096891e-13,7.2124793e-19
1.5177175e-19,2.0392438e-20,9.134669e-17,1.1465348e-25,1.5900944e-10,4.2955354e-16,2.3858862e-17,1.5752723e-18
2.9977375e-16,1.2538026e-15,5.7824305e-18,1.4769686e-15,1.0777301e-20,1.9666215e-19,4.7222157e-27,1.0685659e-17
2.2773368e-13,2.2922999e-11,3.812259e-16,6.517798e-26,3.6621728e-13,3.5321005e-18,5.466458e-16,7.710572e-20
1.3820504e-19,1.0044272e-15,2.4901368e-16,1.5306333e-16,1.559339e-14,2.1336598e-16,1.5068687e-12,7.432521e-19
2.0885041e-19,5.1320783e-20,1.06050973e-16,7.8601997e-25,4.4822648e-10,1.0124556e-15,4.126596e-17,3.6223087e-18
3.5212338e-16,1.890326e-15,1.5606845e-17,2.0314383e-15,2.7435374e-20,2.4519856e-19,1.6746372e-26,3.3012858e-17
1.4132379e-13,5.6167758e-11,4.691789e-16,9.124285e-26,5.694599e-13,8.495563e-18,5.665988e-16,1.4095455e-19
1.757845e-19,3.531917e-15,1.4230498e-15,3.461185e-16,3.464775e-14,9.543888e-16,2.6847216e-12,1.0204843e-18
4.816346e-19,4.412518e-19,1.9394242e-16,1.5583655e-23,1.6372473e-09,5.553858e-15,4.5285346e-16,9.6558985e-18
3.6693618e-16,1.4727828e-15,1.4327438e-17,1.661646e-15,1.9970416e-20,2.938821e-19,8.665467e-26,7.9989814e-17
6.009796e-14,3.0878186e-10,9.973448e-16,1.6946109e-25,1.849038e-12,2.9358883e-17,7.5166164e-16,3.4984805e-19
5.915039e-19,1.5866194e-14,1.1008485e-14,1.6754069e-15,2.3400785e-13,6.9294707e-15,1.0689484e-11,1.246134e-17
3.6419682e-19,1.8746101e-19,2.0890734e-16,7.564937e-25,3.3498654e-10,1.4919067e-15,8.845153e-17,1.6601799e-18
4.5560155e-16,1.0921603e-15,1.4357859e-17,1.4829529e-15,2.5569067e-20,3.9520224e-19,5.467288e-25,4.1868037e-16
1.4732956e-13,1.3263513e-09,5.8847805e-15,3.8795816e-24,1.5030718e-11,2.5225578e-16,1.1875158e-15,1.2937683e-18
8.937705e-19,9.306569e-15,2.0771458e-16,1.1868998e-15,3.1076114e-14,5.3125605e-16,2.0807145e-12,6.508086e-18
3.1959122e-23,1.7197705e-22,2.574173e-18,2.6152347e-29,4.104423e-12,4.6165717e-21,5.5953164e-18,6.212801e-20
6.4735266e-16,4.2983568e-15,4.3949006e-17,2.2476367e-15,3.208366e-19,7.43184e-19,8.980779e-24,3.2941564e-15
1.9898624e-13,2.315652e-11,3.1785998e-15,4.6522027e-25,6.878018e-13,1.549402e-17,2.0773528e-15,5.884588e-19
2.2524364e-21,3.895262e-21,5.0830797e-19,2.0810228e-17,4.2807744e-19,1.4857698e-19,3.3848006e-16,4.3699466e-22
2.4551597e-18,8.732329e-19,1.4235276e-15,8.8644765e-24,7.615302e-10,6.3548867e-15,3.85964e-16,1.02281544e-17
2.5094581e-15,7.49769e-15,3.468664e-17,7.212301e-15,1.988096e-19,2.6143018e-18,7.284928e-26,7.275519e-17
2.2268329e-20,6.642738e-15,6.0577853e-18,4.5952103e-27,9.943269e-19,3.2798878e-22,1.166437e-22,3.0437647e-21
5.8307622e-18,2.5325445e-14,1.3673647e-15,4.7489444e-15,1.0994391e-13,1.8537352e-15,7.2841325e-12,4.3871112e-17
1.0244086e-17,5.8675556e-18,4.557113e-15,7.313257e-23,6.695812e-10,1.1981367e-14,1.3407027e-15,7.347001e-17
1.9378933e-16,5.4464617e-21,4.29423e-21,1.0945133e-21,8.014442e-23,7.135763e-21,3.182156e-29,4.62802e-19
1.3879358e-12,6.508059e-11,1.0199572e-14,7.278518e-24,2.6009505e-12,6.693835e-17,7.47801e-15,3.3046736e-18
5.4404506e-17,9.5255286e-14,2.8158467e-15,1.9207473e-14,3.352238e-13,6.903245e-15,1.9615608e-11,1.642299e-16
3.0868127e-17,2.809705e-18,9.7883864e-15,1.3649521e-22,2.3484672e-09,8.1005874e-14,1.8216015e-15,6.318163e-17
8.092445e-15,3.7893117e-14,2.2741127e-16,3.4971283e-14,1.4679679e-18,1.1880811e-17,1.1539639e-24,3.5116694e-16
2.627161e-12,5.7229596e-11,3.5645254e-14,9.051084e-23,4.858409e-12,3.8320446e-16,2.2863188e-14,1.9816624e-17
4.820947e-17,9.118651e-14,1.4856971e-14,1.7864038e-14,4.65978e-13,6.725605e-15,1.8125113e-11,5.5165445e-16
5.2395066e-22,2.1159276e-21,1.3018734e-17,1.286774e-26,1.332448e-11,6.664625e-20,2.1866248e-17,3.595423e-18
4.701469e-14,1.06711996e-13,8.799153e-16,1.1723798e-13,5.5355324e-18,6.5999934e-17,6.15793e-24,1.3674481e-15
1.7490332e-11,4.0477824e-10,6.418661e-14,2.042909e-22,1.8029226e-11,5.1505247e-16,4.3350973e-14,2.8292707e-17
1.4191816e-19,8.410105e-20,3.1497125e-17,2.8133114e-16,1.31175385e-17,8.81335e-19,7.235035e-15,4.2688328e-21
3.8827264e-21,1.3228069e-20,6.1931e-17,5.9245254e-26,5.369571e-11,3.7286337e-19,1.4767988e-16,1.1152987e-17
3.2703373e-14,3.344555e-13,2.5756603e-15,1.3931174e-13,2.721101e-17,4.5665578e-17,1.9909535e-23,3.2940184e-15
3.8325509e-19,1.6911017e-13,3.3108345e-16,2.8266592e-25,2.8444425e-17,4.725834e-21,1.1817458e-21,6.3267394e-20
3.9551292e-19,3.8506046e-19,9.15431e-17,1.5439871e-15,3.6065786e-17,3.6292247e-18,1.5633087e-14,2.5695201e-20
1.5783075e-21,5.856969e-21,2.6037032e-17,1.08641985e-26,3.00891e-11,1.4020378e-19,8.323432e-17,4.400132e-18
2.823764e-15,1.807967e-19,1.9905778e-19,1.3281868e-20,2.5707933e-21,3.687554e-20,2.1473738e-27,8.588985e-18
1.5028371e-18,3.1759908e-13,5.731006e-16,2.2332171e-24,9.833249e-17,2.103463e-20,4.095083e-21,2.5443665e-19
1.7740937e-19,1.4773938e-19,2.813793e-17,8.140524e-16,1.2544376e-17,1.439207e-18,5.2550182e-15,9.994255e-21
1.7567199e-18,2.2754627e-19,1.0675565e-15,2.2775511e-23,2.830371e-10,7.4502485e-15,1.3749953e-16,1.45408e-17
6.9363994e-15,3.0961613e-19,5.224207e-19,6.1175305e-20,1.6325015e-20,2.1301188e-19,1.0544051e-26,3.6451964e-17
6.9370995e-19,1.392719e-13,2.0469091e-16,5.2463185e-25,3.4657015e-17,8.0279744e-21,1.6425705e-21,1.2550633e-19
2.7017797e-17,2.5413028e-14,3.54616e-15,4.6886425e-15,6.219518e-14,1.2224245e-15,1.7720609e-12,7.029007e-17
5.574672e-18,3.9367348e-19,2.402511e-15,4.8395607e-23,1.1498708e-09,4.674064e-14,3.3273577e-16,1.14342955e-17
3.078584e-15,7.3644426e-20,1.6357128e-19,2.4040542e-20,5.032755e-21,8.5068715e-20,2.538326e-27,1.26599935e-17
1.453371e-12,7.8281034e-11,2.0355272e-14,1.6520574e-23,2.8783306e-12,1.3186581e-16,4.596816e-15,8.945794e-18
1.2155737e-17,4.124902e-14,9.475113e-15,5.2313572e-15,1.6534183e-13,2.3731898e-15,4.97572e-12,2.3289388e-16
3.8371422e-20,9.438724e-20,3.3865423e-17,5.7207597e-24,6.3989387e-12,3.9563403e-17,3.9765398e-17,2.2495043e-17
1.0217213e-14,4.1219056e-14,2.85659e-16,1.6521503e-14,1.609525e-18,3.8779216e-18,9.153294e-25,6.775249e-16
1.02057755e-11,2.5874894e-10,3.324449e-14,4.5205097e-23,1.0284958e-11,1.3568732e-16,1.0597989e-14,7.637046e-18
4.2435457e-17,5.6553023e-15,1.10166654e-16,1.924083e-15,1.34517565e-14,5.4691065e-16,3.8271857e-13,1.3211541e-18
2.9397984e-18,1.8849575e-19,1.2344818e-15,2.0858566e-23,8.614171e-10,2.9387947e-14,2.1324146e-16,5.0381602e-18
5.6288503e-15,1.516689e-13,9.376122e-16,2.7149825e-14,1.6180584e-17,4.151667e-18,3.0292576e-24,1.3186638e-15
4.9009445e-15,3.3686222e-12,9.278883e-15,2.637543e-24,1.3719691e-13,9.203751e-17,1.4824546e-16,2.6178842e-18
5.228097e-18,2.3091253e-14,5.3123607e-15,2.7614572e-15,1.1797441e-13,1.3211712e-15,3.941031e-12,1.2175792e-16
1.8158128e-18,1.7597439e-19,8.478412e-16,2.8784903e-23,1.0139101e-09,3.2100147e-14,2.0655698e-16,3.3735695e-18
2.7523932e-14,2.1460683e-15,1.17053195e-17,8.8657965e-16,1.3641624e-20,1.1152045e-18,3.9849497e-26,1.4809396e-16
7.0107227e-12,2.0986124e-10,1.9893606e-14,2.0902933e-23,8.371968e-12,7.338514e-17,5.934783e-15,3.2444164e-18
3.731894e-18,2.8714244e-14,5.1794515e-15,2.026678e-15,1.08160124e-13,2.1092374e-15,2.646302e-12,1.7438687e-16
4.3434117e-19,5.6411747e-20,2.8025464e-16,1.2876549e-23,1.0492017e-10,2.6501116e-15,5.395766e-17,6.338003e-18
3.2047276e-15,1.02092895e-13,4.937478e-16,1.508869e-14,8.939517e-18,2.2884345e-18,1.2344338e-24,7.544941e-16
6.2589513e-12,2.2348223e-10,2.5498577e-14,1.7787796e-23,7.2263853e-12,6.679015e-17,4.987988e-15,2.4814486e-18
1.2955864e-17,1.2183377e-14,1.5253182e-15,1.3294981e-15,2.946709e-14,1.0888531e-15,4.4887003e-13,2.8251292e-17
5.3952866e-19,7.0028755e-20,3.158919e-16,1.1281623e-23,1.679532e-10,4.813234e-15,8.272501e-17,5.1433532e-18
2.0875686e-15,1.1829821e-13,4.7911386e-16,7.889108e-15,1.5541137e-17,9.162056e-19,1.5339823e-24,7.604987e-16
5.685548e-13,5.6111435e-11,1.183004e-14,8.340725e-24,1.7308097e-12,1.0401999e-16,1.5099593e-15,3.3784763e-18
8.7787926e-18,1.198452e-14,1.8541032e-15,1.4457517e-15,3.873679e-14,1.0463531e-15,7.0996524e-13,4.591869e-17
4.8648916e-19,7.383374e-20,3.305925e-16,6.0756797e-24,1.5791835e-10,3.6840906e-15,7.518419e-17,4.603389e-18
4.2059997e-15,1.8897247e-14,1.1683377e-16,3.3742953e-15,6.1910617e-19,8.1745566e-19,3.2941273e-25,5.282531e-16
1.1212887e-12,7.4715664e-11,1.3845288e-14,9.689705e-24,2.3456163e-12,9.245697e-17,1.935021e-15,2.911551e-18
8.652751e-18,9.9029375e-15,1.3680325e-15,1.6233213e-15,3.0588664e-14,7.5634706e-16,7.352525e-13,3.357024e-17
1.5225529e-20,4.3709012e-20,2.8592272e-17,1.3072833e-24,6.2096396e-12,1.0110575e-17,3.4262264e-17,1.5248163e-17
3.089537e-15,3.2857682e-14,1.7371363e-16,4.0674764e-15,1.4344112e-18,7.7895707e-19,3.92323e-25,5.022603e-16
8.0781426e-13,5.1973138e-11,1.0910864e-14,5.657693e-24,1.5482951e-12,6.711221e-17,1.796887e-15,3.0425967e-18
1.3334685e-17,6.797928e-16,7.506153e-17,1.2534583e-15,3.5897815e-15,1.6597067e-16,1.99615e-13,3.3800988e-19
4.836444e-22,2.3925896e-21,8.932937e-18,9.92008e-27,9.382099e-12,6.099657e-20,1.718555e-17,3.0315789e-18
3.4318025e-15,2.4529132e-14,1.3120397e-16,4.9573344e-15,8.733496e-19,1.0048587e-18,2.6200132e-25,3.2637225e-16
8.08954e-16,1.9101398e-12,5.0210724e-15,1.2264404e-24,2.4113036e-14,1.24106275e-17,1.7200898e-17,1.6312956e-18
1.6848312e-19,7.782023e-20,1.8403816e-17,2.4299676e-16,1.4150584e-17,8.873059e-19,4.9842222e-15,2.1832112e-21
3.9028522e-19,1.0404205e-19,2.9415956e-16,1.7397696e-23,8.958563e-11,1.7448877e-15,7.724685e-17,1.06269606e-17
1.8039862e-14,3.7542726e-16,4.9494096e-18,9.0389645e-17,8.2749775e-21,6.2192065e-19,1.993139e-26,7.099747e-17
3.478068e-19,1.6756419e-13,3.2978135e-16,1.354457e-25,1.8697414e-17,3.6494324e-21,1.2723924e-21,8.168193e-20
3.2459904e-17,1.5788491e-14,1.5144646e-15,2.6634083e-15,2.9051167e-14,1.2644946e-15,4.8502955e-13,3.0748487e-17
8.953812e-19,2.6894785e-19,3.2655283e-16,2.0946766e-22,1.0348764e-09,3.8349224e-14,4.9562164e-16,3.1299119e-18
2.7461513e-15,1.1228577e-19,2.0365162e-19,1.1533679e-20,1.5521969e-21,3.232936e-20,1.8886422e-27,6.574435e-18
2.6887019e-13,4.050321e-11,1.573972e-14,9.778265e-24,1.3170496e-12,1.5910786e-16,1.4386549e-15,6.5350027e-18
3.4341282e-18,5.4476755e-14,6.8348283e-15,1.4564408e-15,2.2903527e-13,9.525597e-15,2.5133417e-12,4.5554247e-16
6.005899e-18,3.6177775e-19,3.1083212e-15,2.5164073e-23,1.1570892e-09,3.746258e-14,2.283884e-16,9.169368e-18
9.931955e-15,1.4892293e-14,9.2351565e-17,4.7484913e-15,3.8086484e-19,1.6274294e-18,3.7184803e-25,5.4673123e-16
7.021334e-12,4.023528e-10,7.1144655e-14,5.731379e-23,1.3627746e-11,1.5437095e-16,3.1856405e-15,1.5548187e-18
9.382803e-18,3.603016e-14,5.507086e-15,4.8543352e-15,1.06668844e-13,1.775282e-15,3.8324764e-12,1.212971e-16
1.9661649e-18,3.0750566e-19,1.2630533e-15,8.456445e-24,9.487597e-10,6.929761e-15,1.798381e-16,6.823825e-18
1.4320951e-15,2.6302132e-13,5.869756e-16,2.1533587e-15,6.914069e-17,1.9407756e-19,6.1780474e-24,1.6384076e-15
5.831025e-12,1.7210246e-10,1.692863e-14,1.9992873e-23,6.0021614e-12,9.5254414e-17,1.18858145e-14,6.357884e-18
2.8413288e-18,1.6994334e-14,2.0211733e-15,2.4807613e-15,7.239981e-14,1.3275824e-15,4.1401266e-12,3.938361e-17
8.804175e-19,2.1354806e-19,7.0667313e-16,6.656126e-24,7.6519935e-10,4.6668724e-15,1.1352895e-16,4.0001044e-18
7.940162e-15,7.9973605e-14,6.115979e-16,4.0112675e-14,6.0152305e-18,7.356785e-18,1.6630651e-24,9.154873e-16
1.6528894e-12,1.0598517e-10,5.958284e-15,5.754774e-24,3.8626823e-12,5.1284457e-17,5.3316883e-15,1.5351753e-18
1.9925844e-18,1.5097585e-14,1.619054e-15,2.1844173e-15,5.2339843e-14,1.027478e-15,3.0765752e-12,2.7536176e-17
1.1718672e-18,1.4147006e-19,7.5326047e-16,4.917458e-24,7.3395895e-10,5.487625e-15,9.955272e-17,4.3143015e-18
4.9880267e-15,2.7229172e-14,2.0544661e-16,2.6233429e-14,1.1177129e-18,5.434163e-18,8.070362e-25,4.191726e-16
8.8306733e-13,8.435156e-11,5.374407e-15,3.0017195e-24,2.9952063e-12,3.0819532e-17,3.2174792e-15,1.0495457e-18
1.62387e-18,1.1740486e-14,1.5754009e-15,1.5026502e-15,4.764779e-14,8.5270966e-16,2.5256104e-12,2.4679691e-17
2.36991e-19,7.716163e-20,2.1612743e-16,7.190644e-25,2.706772e-10,1.2391858e-15,3.9055816e-17,1.3529076e-18
3.1842552e-15,2.2111248e-14,1.2179321e-16,1.6982636e-14,7.6800463e-19,3.0001713e-18,4.366041e-25,2.5981587e-16
1.3913549e-12,1.03742126e-10,4.488019e-15,2.9974054e-24,3.128931e-12,3.279809e-17,3.6580714e-15,9.471335e-19
7.587561e-19,5.4428016e-15,2.4090898e-16,8.738173e-16,2.2757766e-14,3.0250432e-16,1.5552032e-12,7.009217e-18
2.4195485e-19,6.296403e-20,2.4756645e-16,9.60546e-25,3.259726e-10,1.5867092e-15,3.6277313e-17,1.3382377e-18
2.8674e-15,2.1381758e-14,1.4391974e-16,1.494217e-14,8.1020966e-19,2.5360437e-18,3.9995867e-25,2.8757348e-16
3.3077715e-13,1.8583449e-11,2.2147578e-15,4.615365e-25,7.2581947e-13,8.207838e-18,1.4749643e-15,2.979083e-19
7.66819e-19,5.636543e-15,3.5926434e-16,8.967225e-16,2.2823972e-14,3.050991e-16,1.3942001e-12,9.233496e-18
6.0981487e-19,7.282283e-20,4.9350114e-16,2.1331138e-24,4.1047557e-10,5.9158407e-15,4.886789e-17,1.9075343e-18
1.7225671e-15,1.2835707e-14,4.761274e-17,9.4224885e-15,2.0434733e-19,1.4394101e-18,4.0242707e-26,5.1014224e-17
4.2755158e-13,2.4786286e-11,2.2589742e-15,5.705197e-25,9.610961e-13,8.471258e-18,1.4623531e-15,3.0176738e-19
1.4751646e-18,8.890491e-15,8.24906e-16,1.2793026e-15,3.273189e-14,4.641818e-16,1.387671e-12,1.9266368e-17
6.465715e-20,1.5344184e-20,5.556056e-17,2.3688556e-24,2.5754001e-11,4.3067417e-16,1.633669e-17,2.8841143e-18
1.5118326e-15,1.5090588e-14,5.6110725e-17,9.52665e-15,2.605201e-19,1.2186513e-18,4.537192e-26,6.2730856e-17
1.2056455e-12,4.5989653e-11,4.2391653e-15,1.5909203e-24,1.6496894e-12,1.582579e-17,2.5937335e-15,8.03077e-19
7.24715e-18,4.3215884e-15,3.2372617e-16,5.443983e-16,7.973217e-15,4.3651951e-16,9.707792e-14,5.841092e-18
1.2760935e-18,5.8365895e-19,9.216544e-16,1.1241154e-23,2.0084008e-10,4.095564e-15,1.5276583e-16,1.32048474e-17
1.8419496e-15,2.8132341e-14,1.2922209e-16,1.1768781e-14,8.789812e-19,1.3506334e-18,9.7856057e-26,1.501916e-16
8.4303346e-14,1.7187765e-11,4.430253e-15,1.4028527e-24,4.555423e-13,4.912151e-17,3.7654453e-16,1.3451781e-18
1.863397e-17,2.676038e-14,1.0975354e-15,5.5068543e-15,8.584106e-14,1.4749474e-15,4.467409e-12,2.448838e-17
4.481006e-22,2.0951732e-21,2.1240597e-17,3.7101165e-27,2.1550721e-11,9.04516e-20,2.7289911e-17,1.6105386e-18
2.4597945e-15,4.2985046e-15,2.4755124e-17,9.181803e-16,6.8567735e-20,2.1488737e-19,3.918233e-26,1.7539227e-16
5.705613e-13,2.571513e-11,1.5328144e-14,8.215456e-24,1.4502612e-12,8.002033e-17,3.9424534e-15,6.6523383e-18
5.827932e-20,6.9738706e-20,1.8412944e-17,3.227656e-16,5.1486534e-18,1.1625393e-18,2.9966533e-15,4.9937043e-21
5.382143e-22,1.5352023e-21,3.5941746e-18,7.1445077e-28,6.651648e-12,6.1080865e-20,2.554678e-17,9.18277e-19
1.2018904e-14,3.314635e-14,1.8117946e-16,2.4908378e-14,8.333559e-19,7.529407e-18,4.6750274e-25,3.6178109e-16
1.7848665e-19,6.268968e-14,1.2199129e-16,2.217731e-25,1.3436555e-17,4.590721e-21,7.1425673e-22,5.682687e-20
1.4741513e-19,2.950288e-20,2.385712e-18,2.515783e-16,4.8856492e-18,3.960111e-19,5.076538e-16,1.4688003e-21
1.83159e-19,1.03081283e-19,6.990288e-17,2.2606817e-22,1.5210283e-10,5.4585e-15,2.7202098e-16,4.362061e-18
1.6080976e-15,6.751576e-20,9.339122e-20,1.1801652e-20,2.4844663e-21,4.8161787e-20,8.0560475e-28,8.802701e-18
1.7678852e-19,4.4975593e-14,4.7622548e-17,4.1725445e-26,5.650054e-18,2.7994195e-21,5.913879e-22,5.469095e-20
8.242666e-18,2.8641985e-14,2.978987e-15,7.857299e-16,1.5134698e-13,1.1064775e-14,6.6329077e-13,1.7998496e-16
8.396746e-18,5.585866e-19,3.4029144e-15,4.967423e-23,1.1777814e-09,5.252696e-14,3.9255837e-16,1.4647522e-17
1.0234059e-15,1.0150014e-20,4.4043093e-20,8.796882e-21,4.20576e-22,1.9902654e-20,3.4961163e-28,4.036956e-18
1.0113899e-12,1.832902e-10,6.0022584e-14,6.833914e-23,6.9512174e-12,3.3132983e-16,8.4331876e-16,1.231127e-18
1.6032082e-17,4.6288795e-14,9.049428e-15,6.1765435e-15,1.742947e-13,2.9437527e-15,5.8236337e-12,2.2392658e-16
6.0426913e-18,3.3340484e-19,2.6794994e-15,3.064581e-23,1.0777649e-09,3.7724798e-14,2.4067568e-16,1.0610109e-17
1.7638672e-15,1.2078844e-13,2.1153764e-16,5.6671126e-16,1.0974297e-17,7.819697e-20,3.5259507e-24,2.1221667e-15
9.7911835e-12,2.653057e-10,3.5656472e-14,4.9358784e-23,9.65173e-12,1.6355593e-16,1.5234321e-14,1.0832466e-17
8.335916e-18,3.3802364e-14,6.3531414e-15,4.1669053e-15,1.2144754e-13,1.8053724e-15,4.6591867e-12,1.2111125e-16
6.118074e-18,5.5881246e-19,3.2458205e-15,2.1674341e-23,1.3069816e-09,1.8257836e-14,3.9435646e-16,1.1300004e-17
9.029773e-15,1.5990062e-13,1.0449293e-15,3.933495e-14,1.4530375e-17,8.104975e-18,4.066232e-24,1.4792917e-15
7.9771224e-12,2.2660918e-10,1.9113986e-14,2.4702597e-23,8.503531e-12,9.6811684e-17,1.1149175e-14,5.56785e-18
7.802124e-18,2.953236e-14,4.0247075e-15,4.3746986e-15,1.2529718e-13,2.0969387e-15,5.5424797e-12,1.640552e-16
7.259768e-18,1.9134886e-18,3.642017e-15,2.8145482e-22,3.9967367e-09,4.583056e-14,7.9013923e-16,2.0876305e-17
7.002439e-15,9.473473e-14,6.8900603e-16,3.127066e-14,7.592979e-18,5.2982668e-18,1.896008e-24,9.985667e-16
5.0408865e-12,1.309254e-10,1.14862055e-14,2.823192e-23,6.448597e-12,1.175719e-16,1.1898926e-14,3.7223396e-18
1.02505355e-17,1.3455175e-13,1.9893036e-14,1.2276824e-14,3.3349934e-13,1.0035163e-14,1.2296295e-11,3.1369198e-16
2.131194e-17,1.1725295e-17,1.0360508e-14,2.1352502e-21,9.9636335e-09,2.2453082e-13,3.227067e-15,3.4950826e-17
9.137607e-15,7.5875944e-14,5.717271e-16,5.1637995e-14,4.4451094e-18,1.3728564e-17,2.4179277e-24,8.711016e-16
3.360645e-12,5.5649846e-10,3.2379877e-14,8.478802e-23,2.8192058e-11,3.3636012e-16,1.40992005e-14,6.70546e-18
3.5192717e-17,6.4193995e-13,3.5200826e-14,4.7877274e-14,1.1698005e-12,4.4674727e-14,2.2401301e-11,2.491012e-15
5.912132e-18,5.012527e-19,2.7742542e-15,2.6917004e-23,1.411627e-09,2.1438724e-14,4.2136099e-16,1.325926e-17
1.2784762e-14,8.668231e-14,6.731326e-16,5.960639e-14,1.040001e-17,1.8262963e-17,1.117399e-23,3.5194899e-15
9.1219315e-12,5.189353e-10,1.1593867e-13,9.705362e-22,7.090025e-11,1.2251321e-15,4.0826815e-14,1.7164191e-17
7.840044e-18,3.0626086e-14,5.240645e-15,4.2013813e-15,1.3825424e-13,2.3839871e-15,5.4060294e-12,1.5590074e-16
1.9745296e-19,8.8532747e-20,1.5953331e-16,1.4821876e-25,9.914354e-11,5.930208e-16,4.8891198e-17,1.3111928e-18
3.5507167e-14,4.4975013e-13,2.979021e-15,2.6020952e-13,1.0574356e-16,8.9863294e-17,2.7846758e-23,1.0442324e-14
5.5813383e-12,2.1752844e-10,1.5128745e-14,2.824043e-23,7.9946084e-12,1.3682248e-16,1.2553779e-14,4.1784226e-18
9.015299e-19,2.5878038e-15,6.316934e-17,6.7165e-16,1.8158201e-14,1.9729136e-16,1.3772266e-12,4.2966784e-18
3.2135733e-18,8.060356e-19,2.1587048e-15,2.2141322e-23,1.2110289e-09,1.3329062e-14,4.4224498e-16,9.528235e-18
8.565506e-15,8.731186e-14,6.2119363e-16,4.0373727e-14,5.255091e-18,1.02950916e-17,2.970077e-24,1.0200539e-15
2.331747e-13,5.5623796e-12,1.4880871e-15,2.7799394e-25,2.1144273e-13,7.286014e-18,1.4234244e-15,3.2656354e-19
7.612149e-18,3.5833326e-14,3.064278e-15,6.208126e-15,1.4130384e-13,2.6183379e-15,6.183165e-12,1.1185331e-16
5.077958e-21,2.1118084e-20,2.3266034e-16,9.235537e-26,7.572844e-11,4.6117005e-19,1.6042551e-16,1.3458562e-17
1.76228e-15,1.0544316e-14,3.987522e-17,8.298174e-15,1.1129388e-19,1.6376679e-18,2.4830009e-26,2.5316763e-17
2.3544196e-12,1.02840805e-10,1.37645835e-14,1.7764671e-23,5.040156e-12,9.5140746e-17,8.5333496e-15,3.914305e-18
2.0811002e-19,3.470474e-19,1.5024546e-16,1.0553929e-15,4.6844366e-17,1.4634901e-17,2.889191e-14,4.646539e-20
2.1887848e-18,1.0470143e-18,1.5677931e-15,4.8682787e-23,4.906634e-10,1.13402245e-14,3.260624e-16,1.9181741e-17
7.764903e-15,6.810887e-14,3.7000038e-16,4.212199e-14,3.346269e-18,1.20591154e-17,1.9022965e-24,6.529976e-16
1.557092e-18,3.2902476e-13,3.840987e-16,6.943595e-24,1.2868e-16,2.598976e-20,8.028649e-21,2.1664137e-19
4.4538875e-17,6.297972e-14,4.037286e-15,1.4923201e-14,1.3199611e-13,2.4365684e-15,5.3061106e-12,1.1983137e-16
1.4384803e-21,2.9870799e-21,1.4970523e-18,5.8195363e-27,3.1020186e-12,7.7140725e-20,2.4817528e-17,3.0847393e-18
9.218308e-15,8.034784e-19,1.2085727e-18,1.1831635e-19,2.6918073e-20,6.45953e-19,3.7669208e-26,8.7245466e-17
9.781603e-13,5.83451e-11,3.800734e-14,2.8143212e-23,3.6584676e-12,1.7772464e-16,5.987014e-15,1.5688084e-17
7.0991437e-19,4.3174747e-20,4.1387643e-18,2.3485391e-16,5.773419e-17,4.1758078e-19,2.06938e-15,7.83369e-22
3.4361147e-21,9.819023e-21,2.3172575e-17,1.5237335e-26,2.6733024e-11,3.2283158e-19,1.2635778e-16,5.7103777e-18
1.9991667e-14,7.051497e-14,3.3795881e-16,3.906571e-14,2.9677307e-18,1.186179e-17,1.3229102e-24,8.1694247e-16
6.2469786e-19,2.66491e-13,2.0046631e-16,6.963615e-26,2.2668016e-17,2.6688108e-21,1.4745602e-21,7.913079e-20
4.931127e-19,1.8591278e-19,2.3045986e-17,1.3094854e-15,2.8414928e-17,1.9837563e-18,3.7722333e-15,1.14504286e-20
5.6608724e-22,1.9411588e-21,1.2350129e-17,5.415968e-27,1.7970415e-11,7.2117335e-20,2.8969394e-17,2.2441977e-18
3.2664392e-15,2.817118e-20,2.3167602e-19,1.177265e-20,4.497515e-22,1.736351e-20,2.3915784e-27,7.863227e-18
8.317171e-19,1.5887702e-13,2.1250332e-16,7.794837e-25,3.84141e-17,1.3280805e-20,2.4131399e-21,1.9445032e-19
8.593008e-20,6.451179e-20,1.7782898e-17,3.4275225e-16,8.127453e-18,7.546772e-19,3.4718447e-15,3.439472e-21
1.8379582e-20,3.8399094e-20,1.527442e-17,2.7281486e-24,3.7009007e-12,2.9215546e-17,1.5254622e-17,1.071975e-17
4.151911e-15,7.1288015e-20,2.8072504e-19,4.3185617e-20,5.0711442e-21,1.1910338e-19,4.3307543e-27,2.4769953e-17
2.979833e-19,1.0869349e-13,1.432291e-16,1.9388531e-25,1.9552981e-17,3.5496683e-21,7.071294e-22,5.0650563e-20
3.494709e-17,4.435563e-15,7.161247e-17,1.0969913e-15,9.624471e-15,3.2255023e-16,1.7813859e-13,9.808027e-19
3.4336958e-18,2.819291e-19,2.0215432e-15,3.3510123e-23,7.807426e-10,2.7777661e-14,1.8182752e-16,9.239099e-18
1.8684526e-15,5.8344054e-20,1.05616805e-19,1.1348326e-20,2.0940146e-21,3.580514e-20,9.652535e-28,7.555936e-18
5.3012667e-15,2.598729e-12,5.0964676e-15,9.635259e-25,1.332091e-13,7.09463e-17,1.2117825e-16,1.5411602e-18
1.4217461e-17,3.6110238e-14,7.2339316e-15,4.9989225e-15,9.5745453e-14,1.6349489e-15,2.7388849e-12,1.6089436e-16
1.2218493e-18,1.9618633e-19,9.172666e-16,1.3627664e-23,2.6248148e-10,5.745938e-15,8.149407e-17,8.26023e-18
1.2367449e-14,1.5154703e-15,7.177352e-18,9.060615e-16,5.3783695e-21,4.1658953e-19,1.5093347e-26,9.072889e-17
4.5850806e-12,1.4952492e-10,2.3862358e-14,2.4122262e-23,5.433527e-12,1.07489924e-16,7.846849e-15,7.745425e-18
1.4840323e-17,2.3809349e-14,2.3776206e-15,4.025199e-15,5.4192077e-14,8.6057203e-16,2.2847123e-12,3.9315914e-17
2.2428091e-20,1.1366349e-20,2.9951188e-17,1.5801605e-24,1.0425066e-11,9.986081e-17,8.298604e-18,2.5806031e-18
5.8209036e-15,8.323747e-14,5.843705e-16,2.3743997e-14,6.7470778e-18,3.8431225e-18,1.6780921e-24,9.137462e-16
9.476225e-13,4.717609e-11,1.3327638e-14,7.351433e-24,2.09412e-12,6.390299e-17,3.4326406e-15,5.1468857e-18
1.1138999e-17,3.272239e-15,1.8464651e-16,6.082986e-16,5.192805e-15,2.5173862e-16,8.316352e-14,2.306418e-18
8.1081567e-19,9.232925e-20,4.634935e-16,1.9999662e-23,5.631496e-10,1.6471096e-14,1.1614942e-16,2.049165e-18
7.714122e-15,3.1702217e-14,1.8284305e-16,1.7259257e-14,1.0194766e-18,3.665511e-18,4.3170024e-25,3.8154162e-16
1.6435072e-14,5.962237e-12,3.071241e-15,6.6204925e-25,2.0658842e-13,3.5130073e-17,1.4447695e-16,1.1679132e-18
3.1158076e-18,1.9957189e-14,3.5524829e-15,1.2101338e-15,7.2360324e-14,1.663187e-15,1.4601173e-12,1.2081914e-16
1.403328e-18,2.0559918e-19,6.935972e-16,6.425111e-23,9.2709634e-10,3.3137376e-14,2.4049854e-16,3.2295619e-18
3.4191927e-15,1.809537e-15,8.1358904e-18,7.4037525e-16,1.2809448e-20,2.2819388e-19,1.4897544e-26,9.4377675e-17
3.0922123e-12,1.4036308e-10,1.8449604e-14,1.0314283e-23,4.182686e-12,5.2996036e-17,2.7198065e-15,1.6123027e-18
4.0839818e-18,3.9358514e-14,5.9298723e-15,1.9019642e-15,1.3114339e-13,3.8567722e-15,2.304358e-12,2.2598611e-16
6.146727e-19,1.02267784e-19,3.0877562e-16,2.2894064e-23,4.8976206e-10,1.6709304e-14,1.4784222e-16,1.9920145e-18
1.4052963e-15,7.733675e-14,2.7522747e-16,4.0371166e-15,7.87022e-18,4.5957545e-19,9.681683e-25,5.5234516e-16
5.4055445e-12,2.3852306e-10,3.5176123e-14,2.7596557e-23,8.0242e-12,9.5598044e-17,4.133658e-15,2.4592655e-18
2.4413376e-18,1.9798142e-14,2.6693788e-15,1.0576337e-15,7.8509546e-14,2.2261675e-15,1.3538048e-12,1.09508006e-16
8.0162616e-19,8.656671e-20,4.3891056e-16,1.115559e-23,4.848999e-10,1.3844523e-14,1.1225982e-16,2.1624925e-18
1.8937903e-15,1.3521576e-13,4.7917056e-16,5.0165734e-15,2.2582396e-17,6.3989033e-19,2.4320998e-24,1.0514868e-15
3.1083259e-12,1.445113e-10,2.1420662e-14,1.342427e-23,4.8138195e-12,6.600547e-17,2.2988938e-15,1.3283453e-18
2.9359765e-18,1.5477738e-14,2.4941787e-15,1.1486376e-15,5.9730554e-14,1.3033606e-15,1.312801e-12,8.741604e-17
1.4212519e-18,2.3502476e-19,1.026757e-15,9.8794605e-24,3.7274275e-10,9.000576e-15,1.1135945e-16,6.7266985e-18
1.1081201e-15,8.614466e-14,2.8805108e-16,2.824184e-15,1.0618815e-17,3.2892023e-19,8.2514456e-25,6.039333e-16
2.6344521e-12,1.1557917e-10,1.4524718e-14,7.718944e-24,3.2794165e-12,4.8477605e-17,2.7677848e-15,1.6495365e-18
1.0993949e-17,2.2242968e-14,2.177537e-15,3.9350313e-15,5.5502918e-14,1.0249764e-15,2.092954e-12,4.8045333e-17
5.497537e-22,2.4088723e-21,1.5410376e-17,5.5197345e-27,1.7570813e-11,7.721463e-20,2.7440756e-17,1.952204e-18
1.5382963e-15,5.9569e-14,2.4902414e-16,4.173826e-15,5.3959274e-18,5.2686364e-19,6.42682e-25,4.694295e-16
1.2572241e-12,5.3779453e-11,1.3926862e-14,7.2644276e-24,2.0211493e-12,6.239387e-17,4.1781107e-15,5.564729e-18
8.844937e-20,7.2950726e-20,1.7491311e-17,3.1852618e-16,6.522401e-18,9.213683e-19,3.5853202e-15,3.597873e-21
3.0400846e-22,1.5011561e-21,1.7287267e-17,2.7562415e-27,1.9337962e-11,6.7187416e-20,2.1174098e-17,1.2613564e-18
5.8497976e-15,3.5437616e-14,2.2638213e-16,1.7430291e-14,1.6564224e-18,3.645111e-18,4.592551e-25,4.0556065e-16
2.594025e-19,9.282942e-14,1.6672454e-16,1.7597183e-25,1.5174527e-17,4.0806116e-21,8.256591e-22,6.6894077e-20
4.267972e-20,4.6393478e-20,1.5894459e-17,2.4623094e-16,3.864498e-18,8.6194076e-19,2.407658e-15,3.807657e-21
1.9783153e-18,2.092843e-19,1.0594508e-15,4.0903792e-23,9.690292e-10,2.5992517e-14,2.1291554e-16,3.736167e-18
2.0430723e-15,5.883486e-20,1.01893174e-19,1.1712939e-20,2.034899e-21,4.3264596e-20,1.1726711e-27,6.856729e-18
1.3421326e-19,5.6268246e-14,9.994733e-17,1.5521167e-25,9.654167e-18,3.4026188e-21,5.064414e-22,4.129408e-20
7.394261e-18,3.8347177e-14,5.59603e-15,2.3021758e-15,9.5040776e-14,2.9796118e-15,1.862588e-12,2.3844136e-16
2.6450475e-18,3.1283826e-19,1.4132365e-15,2.8699602e-23,8.013899e-10,2.9976262e-14,2.4425045e-16,6.614458e-18
1.4291699e-15,5.4084513e-20,7.8778413e-20,9.076713e-21,1.8001197e-21,3.5901286e-20,6.2469733e-28,6.734632e-18
3.3406227e-12,1.8205297e-10,2.5890738e-14,1.54818e-23,4.369127e-12,9.0967315e-17,5.615039e-15,3.9754606e-18
9.795693e-18,3.2511818e-14,5.1737446e-15,4.028025e-15,8.8500266e-14,1.9844557e-15,2.3543433e-12,1.6338632e-16
2.3788327e-18,3.7378617e-19,1.7889262e-15,1.4854947e-23,1.1095024e-09,1.0922026e-14,2.0181752e-16,6.1506e-18
4.138786e-15,8.2475103e-14,3.6959129e-16,7.624919e-15,9.813084e-18,1.2102937e-18,2.9305408e-24,9.28504e-16
4.52032e-12,1.5864773e-10,2.6148454e-14,2.2251057e-23,5.150693e-12,1.1083224e-16,7.039264e-15,6.4193463e-18
4.1062735e-18,2.4412772e-14,2.536067e-15,3.32609e-15,7.306276e-14,1.6829976e-15,3.3935992e-12,7.7961184e-17
9.105889e-19,2.6981e-19,7.4691397e-16,3.8798187e-24,6.225893e-10,4.1672073e-15,1.2926203e-16,3.5550395e-18
4.6462493e-15,8.231041e-14,5.2930803e-16,1.6259094e-14,8.727737e-18,2.765786e-18,1.5412907e-24,8.109036e-16
2.3249534e-12,9.667101e-11,7.9522875e-15,1.01492635e-23,4.244447e-12,5.952575e-17,6.73174e-15,2.0577112e-18
2.1693339e-18,1.3664476e-14,8.1390035e-16,2.2655503e-15,5.0122724e-14,8.5982066e-16,3.0162001e-12,2.7624868e-17
9.511271e-19,2.2712048e-19,7.7739975e-16,6.795385e-24,7.9618384e-10,5.5649705e-15,1.292354e-16,3.4382703e-18
5.632545e-15,4.2101593e-14,2.8959466e-16,3.3630847e-14,2.230363e-18,6.952893e-18,9.489388e-25,4.7794925e-16
9.377067e-13,4.2789057e-11,4.6932596e-15,2.7409376e-24,1.9283548e-12,2.6470676e-17,3.702109e-15,1.0191928e-18
2.1309082e-18,1.5702119e-14,1.3763973e-15,2.2834412e-15,5.445899e-14,1.0186773e-15,2.7392507e-12,3.8664166e-17
5.9309455e-19,1.9851255e-19,4.9197675e-16,1.732239e-24,3.664079e-10,2.1304645e-15,8.7867036e-17,3.1064437e-18
4.004706e-15,2.439783e-14,1.2780921e-16,2.2621446e-14,7.6030327e-19,4.295089e-18,2.5309032e-25,1.7316118e-16
1.1620284e-12,6.692029e-11,5.7557223e-15,4.031819e-24,2.9280666e-12,3.1732174e-17,3.482084e-15,1.01257e-18
1.8310739e-18,9.043354e-15,4.0681725e-16,1.6349177e-15,3.893939e-14,5.6940043e-16,2.7051538e-12,1.3906668e-17
2.457604e-19,7.5399484e-20,2.639466e-16,1.1045488e-24,2.6181946e-10,2.770584e-15,2.9009426e-17,1.2268187e-18
3.2750237e-15,2.900997e-14,1.496757e-16,1.9427214e-14,1.1365233e-18,3.3943526e-18,3.6537017e-25,2.4955192e-16
6.4911927e-13,2.5009245e-11,3.9310105e-15,1.3476494e-24,1.0168522e-12,1.7275204e-17,2.874782e-15,7.512362e-19
1.2634801e-18,7.951863e-15,3.8488777e-16,1.4303262e-15,2.174803e-14,2.911365e-16,1.2705744e-12,8.5691205e-18
6.3359926e-19,9.609441e-20,5.649779e-16,2.469486e-24,4.2156081e-10,4.6715747e-15,5.740412e-17,2.1387507e-18
3.3091064e-15,2.1674897e-14,9.7460875e-17,1.8437959e-14,4.375174e-19,3.4681067e-18,1.3294253e-25,9.191576e-17
4.149952e-13,1.9117041e-11,3.636436e-15,5.228757e-25,7.37293e-13,7.723061e-18,1.4880416e-15,6.5688915e-19
1.542319e-18,9.098408e-15,7.956441e-16,1.3065815e-15,3.2615668e-14,5.574231e-16,1.4831842e-12,2.2029424e-17
5.960522e-19,1.3313782e-19,2.546545e-16,5.329917e-23,7.2291223e-10,2.7645522e-14,2.1968342e-16,1.9540593e-18
1.6118808e-15,1.6350961e-14,6.0623194e-17,1.003834e-14,3.8360902e-19,1.0431274e-18,3.2956338e-26,6.0390994e-17
1.1856278e-12,3.981432e-11,3.9305154e-15,1.8984687e-24,1.5292589e-12,1.7474971e-17,2.7171311e-15,7.7093993e-19
1.8126433e-18,3.0181017e-14,3.734178e-15,1.0358131e-15,1.1338457e-13,3.881835e-15,1.527105e-12,1.9619263e-16
2.0487173e-20,5.0351004e-20,2.63876e-17,1.8147891e-24,4.239536e-12,3.2314615e-17,2.2863763e-17,1.0389779e-17
1.9309505e-15,2.6080415e-14,1.3252744e-16,1.3712987e-14,8.3283465e-19,1.7367767e-18,1.346092e-25,1.4467937e-16
5.044272e-12,2.4466523e-10,3.4132192e-14,2.1655333e-23,8.5648e-12,7.81136e-17,2.4664373e-15,1.0386525e-18
2.8783672e-17,3.671198e-15,6.494647e-17,1.2203791e-15,7.957233e-15,4.2115685e-16,1.8453696e-13,1.0838827e-18
1.4131736e-20,4.303219e-20,3.915143e-17,1.1300007e-24,6.4882873e-12,1.0071426e-17,3.4612096e-17,1.38134026e-17
8.505364e-16,1.4640569e-13,4.0332813e-16,2.0709202e-15,2.9647675e-17,1.6965951e-19,1.3927429e-24,8.3395815e-16
4.0036067e-15,1.9358432e-12,4.418995e-15,1.1416864e-24,8.851005e-14,7.3402214e-17,1.1810278e-16,2.1092181e-18
1.342047e-17,5.084736e-16,8.621751e-17,1.3111849e-15,2.9860065e-15,1.7846447e-16,1.5433793e-13,3.5437457e-19
1.5418459e-21,3.0922515e-21,2.0079596e-18,1.1227889e-27,4.3941487e-12,1.1219415e-19,3.7268738e-17,1.3798176e-18
1.3119811e-14,1.4904674e-15,6.7173133e-18,7.618024e-16,6.314006e-21,6.489935e-19,1.7912856e-26,9.84158e-17
6.7045453e-16,1.6151731e-12,4.2670225e-15,1.2601887e-24,1.6974703e-14,1.0715007e-17,1.3358617e-17,1.9577601e-18
5.294809e-19,3.3827028e-20,1.4788382e-18,3.1091618e-16,1.5130887e-17,4.496561e-19,3.8044146e-16,1.1971e-21
3.8282925e-22,7.521957e-22,2.552659e-19,3.038765e-28,9.327762e-13,2.5554147e-20,6.352526e-18,5.5769236e-19
1.5324518e-14,3.0421472e-16,4.7029122e-18,7.6549875e-17,8.0892415e-21,6.477889e-19,2.3574318e-26,7.266699e-17
3.4251515e-19,7.279209e-14,5.367272e-17,4.8875677e-26,8.203112e-18,3.9006602e-21,1.0917029e-21,8.412543e-20
3.6233574e-19,7.4055695e-21,3.107734e-19,6.078112e-17,1.12593004e-17,1.3588756e-19,1.2900686e-16,1.387034e-22
1.4517879e-21,5.2195803e-21,2.7675498e-17,1.0396795e-25,1.3157748e-11,1.0414887e-19,2.8976137e-17,1.4214857e-17
1.499478e-15,6.5544423e-21,7.947506e-20,1.4982619e-20,3.1677304e-22,2.1319876e-20,7.9398677e-28,6.988125e-18
1.5930257e-19,6.2904326e-14,3.158544e-17,5.3087427e-27,3.1421262e-18,9.411857e-22,5.0167096e-22,2.4588312e-20
3.5112892e-19,3.8572352e-19,1.1538939e-16,5.292798e-16,5.7211954e-17,2.4654554e-18,3.789651e-14,3.3161855e-21
1.1840336e-21,4.7098347e-21,2.0132375e-17,8.445766e-26,1.1259205e-11,8.929691e-20,2.5304211e-17,1.1795414e-17
6.9560304e-16,2.7241386e-21,4.6140215e-20,5.4044067e-21,3.8346633e-23,4.180712e-21,2.4101138e-28,2.1206824e-18
1.7171321e-18,8.7531664e-13,1.4220459e-15,4.13766e-25,9.642063e-17,5.883169e-21,4.082215e-21,3.0476017e-19
2.6142604e-19,3.155253e-19,7.7490346e-17,4.673052e-16,4.7758447e-17,1.9445337e-18,2.7622593e-14,2.1301573e-21
1.4243789e-17,1.1706786e-18,6.0234834e-15,7.2906664e-23,1.2841175e-09,5.3007132e-14,5.9391277e-16,2.8782682e-17
8.72206e-15,5.3720185e-19,6.4673457e-19,1.61541e-20,5.8686215e-21,8.2108675e-20,1.0149751e-26,1.3348682e-17
1.2257521e-18,6.940522e-13,1.0381154e-15,2.8114103e-25,7.125142e-17,4.1036685e-21,2.952865e-21,2.1469566e-19
2.7367161e-17,6.314739e-14,9.904146e-15,1.0257593e-14,2.1852865e-13,3.6719683e-15,8.9860255e-12,2.6097607e-16
1.0968522e-17,2.8271546e-18,5.7548223e-15,7.157815e-22,4.052791e-09,1.3533498e-13,6.5388995e-16,2.4658046e-17
7.800589e-15,3.1021907e-19,5.032472e-19,1.10740315e-20,4.382319e-21,5.674456e-20,6.594499e-27,1.08035785e-17
1.0427155e-11,2.2173038e-10,3.5374136e-14,7.210787e-23,9.602446e-12,2.347939e-16,2.2874616e-14,1.6187437e-17
3.4982573e-17,3.3957922e-13,2.9611665e-14,3.010375e-14,3.9418788e-13,9.106012e-15,1.4303674e-11,8.298739e-16
3.5764494e-18,3.381532e-18,2.3401966e-15,4.0682534e-22,6.595839e-10,1.3722615e-14,6.7265253e-16,6.459907e-17
1.7168802e-14,1.5868712e-13,1.2882201e-15,7.9376074e-14,1.311874e-17,1.7928457e-17,6.695854e-24,1.7412372e-15
6.9795016e-12,3.552133e-10,9.089288e-14,1.6123426e-22,2.955731e-11,3.641265e-16,2.3050638e-14,1.6981899e-17
1.1197156e-16,2.305254e-13,5.972233e-15,3.3216793e-14,2.4990716e-13,1.6994852e-14,4.5776703e-12,2.7322525e-16
1.0371683e-17,1.8019708e-18,5.2835815e-15,1.9240835e-22,1.5021934e-09,5.6645996e-14,5.418561e-16,3.1409897e-17
2.9258473e-14,2.5505303e-13,1.6070858e-15,1.421616e-13,4.0796085e-17,2.4222016e-17,6.936103e-24,3.5110284e-15
3.0971926e-13,6.1185855e-11,4.860128e-14,1.9825573e-22,6.0463527e-12,1.1016671e-15,9.7418225e-15,2.2896842e-17
4.882894e-17,1.5177627e-13,1.460074e-14,2.086897e-14,2.1700015e-13,4.8221285e-15,8.692329e-12,3.7634206e-16
4.287591e-18,6.088153e-19,1.4872188e-15,3.9581093e-23,6.313259e-10,3.1713344e-14,5.856225e-16,1.4508275e-17
1.307929e-13,6.384071e-14,6.2407715e-16,8.1714597e-14,3.527724e-18,6.846303e-17,2.9181136e-24,4.9926904e-15
4.7974858e-12,1.848973e-10,5.6416758e-14,8.8268897e-23,1.1221131e-11,3.1103714e-16,1.9017946e-14,2.5045495e-17
1.5989816e-17,3.6793387e-14,4.6140858e-15,5.025365e-15,1.4742737e-13,3.0724598e-15,3.8675773e-12,1.903473e-16
3.9983936e-19,5.355547e-19,3.0332708e-16,2.7885135e-23,3.5042916e-11,5.9896606e-16,1.7872267e-16,4.4977327e-17
2.7984525e-14,1.2660307e-13,1.0201123e-15,8.418765e-14,1.413235e-17,2.2160657e-17,5.149698e-24,2.2083377e-15
6.6485402e-12,1.848825e-10,4.0001734e-14,5.6971124e-23,7.448896e-12,2.4434643e-16,9.602578e-15,9.650558e-18
1.0804986e-16,2.9198096e-14,6.0674823e-16,7.007971e-15,5.0968493e-14,2.5054695e-15,1.3069223e-12,1.4145889e-17
6.6134633e-21,4.2611886e-20,3.1975335e-16,4.289488e-26,9.448602e-11,6.277651e-19,4.2317475e-16,1.4375397e-17
6.9453225e-15,1.2363895e-13,7.6147415e-16,1.8657115e-14,1.2873149e-17,4.174138e-18,2.8136331e-24,1.2457693e-15
7.11513e-14,1.265175e-11,2.087084e-14,1.6035275e-23,7.803989e-13,3.6365732e-16,1.4959756e-15,1.4500362e-17
3.2058336e-19,5.217794e-19,9.40865e-17,2.3224811e-15,2.0620967e-17,1.6937322e-17,1.1990557e-14,1.4427077e-19
5.870749e-21,3.335484e-20,1.8376466e-16,5.42151e-26,8.152898e-11,5.2727584e-19,3.0003003e-16,1.3300497e-17
4.3667567e-14,1.2129399e-14,6.463357e-17,8.362683e-15,1.4195823e-19,6.0570226e-18,4.426075e-25,6.0426743e-16
1.6788142e-18,1.6090719e-13,2.277481e-16,7.6380124e-24,8.814938e-17,5.1410332e-20,1.1426299e-20,4.3468264e-19
4.301809e-19,5.7216915e-19,9.4430614e-17,1.8070122e-15,2.641419e-17,1.134856e-17,1.481721e-14,8.1327487e-20
4.490694e-21,1.4799539e-20,4.0994833e-17,2.610823e-26,3.8333482e-11,4.1072586e-19,1.7536817e-16,7.939211e-18
8.2631105e-15,4.0134155e-19,7.7714663e-19,1.3925181e-19,3.3972508e-20,8.781937e-19,2.5301005e-26,7.566468e-17
2.2298016e-18,2.4498472e-13,5.3379535e-16,4.2443403e-24,8.8330806e-17,5.1204428e-20,1.18326216e-20,5.3912753e-19
6.007454e-19,3.291311e-19,4.2903092e-17,1.458331e-15,2.894222e-17,2.9545146e-18,8.082974e-15,2.282338e-20
6.028732e-20,2.2322677e-20,4.376209e-19,6.076643e-27,8.852124e-13,2.7924592e-18,1.4498766e-16,4.991426e-18
8.1981185e-15,4.8738076e-19,7.5337997e-19,1.2832148e-19,2.8284895e-20,6.3016206e-19,2.5732496e-26,4.8735894e-17
1.4415917e-18,2.4514413e-13,4.7334785e-16,1.2054014e-24,6.229209e-17,2.4343047e-20,4.80304e-21,3.782514e-19
4.5965136e-17,6.0303884e-20,3.2398018e-19,1.0562105e-15,1.1516736e-15,1.2964114e-18,1.0445381e-16,1.0615148e-21
2.1007765e-20,5.214148e-21,1.3454089e-18,1.0733368e-26,5.670083e-13,3.6052427e-18,5.4085833e-17,1.6768878e-18
6.3039656e-15,1.680242e-19,3.7502017e-19,5.849738e-20,9.698707e-21,1.9618633e-19,8.578076e-27,2.7688275e-17
2.6931243e-18,3.0553286e-13,2.7064422e-17,1.6726396e-25,2.6033955e-17,1.31735314e-20,1.4160875e-20,2.3536928e-19
7.099364e-18,9.84731e-20,8.6190783e-19,7.7680396e-16,3.2060586e-16,1.5642481e-18,1.5292152e-16,1.2789375e-21
4.291921e-21,8.959543e-21,5.2675143e-18,5.6333486e-27,8.38117e-12,2.9983392e-19,9.210565e-17,4.4890227e-18
5.5132235e-15,4.557255e-21,1.4543233e-18,2.3662334e-19,1.3697927e-22,6.2588304e-20,1.1909433e-26,8.979441e-17
1.2837492e-18,1.3569373e-13,8.486946e-18,2.097736e-25,1.2118281e-17,4.2493205e-21,8.785948e-21,4.7625932e-20
1.3544773e-18,1.134223e-19,4.681826e-18,8.4702977e-16,3.6384307e-17,1.0361673e-18,1.0866043e-15,4.1492228e-21
3.3771953e-21,8.0767846e-21,9.343657e-18,7.196674e-27,1.3061056e-11,2.8549955e-19,9.327351e-17,4.7572414e-18
2.232299e-15,1.17951714e-20,9.088988e-19,1.1963022e-19,2.1354937e-22,1.0363406e-19,4.147026e-27,3.493976e-17
1.1258564e-18,1.6926086e-13,1.35181e-16,2.0315982e-25,2.6698958e-17,1.08940284e-20,3.7374015e-21,2.3108552e-19
7.3196907e-19,1.2395144e-19,8.268364e-18,9.166544e-16,2.7107612e-17,1.2720837e-18,1.595492e-15,5.870659e-21
3.3264353e-21,4.3049403e-21,5.491886e-19,1.0001045e-27,1.9644054e-12,1.6217644e-19,4.313925e-17,1.6679115e-18
3.741436e-15,2.3512864e-20,2.2309834e-19,4.5324308e-20,1.1292958e-21,5.024816e-20,3.1234809e-27,1.6709756e-17
8.3818604e-19,1.4365366e-13,1.3153825e-16,3.224368e-25,2.822307e-17,1.0545612e-20,2.7272993e-21,1.8037718e-19
1.8324855e-18,2.6574848e-20,4.9301676e-19,3.4033673e-16,4.5425292e-17,2.8524155e-19,1.9023623e-16,5.5970557e-22
5.889812e-22,1.7025128e-21,2.0950324e-18,2.0641326e-27,4.520207e-12,5.177008e-20,1.716308e-17,1.4639751e-18
3.600603e-15,3.2497645e-20,2.3011262e-19,3.8964834e-20,1.8879565e-21,6.35635e-20,2.9251973e-27,1.9825167e-17
6.0811666e-19,1.1390045e-13,4.020085e-17,2.9619505e-26,1.0611201e-17,3.3079855e-21,1.6760922e-21,9.2522097e-20
2.3253045e-19,3.2957318e-20,3.2340245e-18,1.8067493e-16,1.1180462e-17,3.280018e-19,1.0566094e-15,1.0017303e-21
4.0456738e-22,1.4964677e-21,5.1161146e-18,5.015586e-27,7.572074e-12,4.7347143e-20,1.3844686e-17,1.9434584e-18
1.9026609e-15,2.774944e-21,1.07746744e-19,2.1302478e-20,1.2495439e-22,1.2274119e-20,1.0067534e-27,8.831797e-18
2.8779692e-19,9.660873e-14,1.0268545e-16,4.58413e-26,1.0735095e-17,2.4243414e-21,7.970907e-22,4.8979603e-20
1.0922081e-19,4.859529e-20,9.918158e-18,1.7610359e-16,8.7329e-18,4.6984086e-19,2.899806e-15,1.594252e-21
3.2661414e-22,1.3096612e-21,4.820686e-18,3.1096662e-27,7.285966e-12,4.0835723e-20,1.3232126e-17,1.5421777e-18
1.5153719e-15,1.6900636e-20,8.2991024e-20,8.825283e-21,4.0347158e-22,1.3568702e-20,7.1467977e-28,4.4740123e-18
2.6002666e-19,1.0955455e-13,1.5914187e-16,8.979262e-26,1.5476003e-17,2.5228498e-21,7.3542723e-22,3.9735462e-20
9.5023446e-20,4.4322027e-20,7.588751e-18,1.7096044e-16,5.957683e-18,4.249276e-19,2.0033644e-15,1.4868003e-21
1.6708449e-21,5.601245e-21,1.1321449e-17,1.2882626e-25,5.7394185e-12,3.4267854e-19,1.31533166e-17,7.882268e-18
1.8436227e-15,4.7692652e-20,1.0696457e-19,7.935112e-21,9.16907e-22,1.7282165e-20,9.168272e-28,5.223014e-18
2.169366e-19,8.312672e-14,1.2855882e-16,6.408847e-26,1.1259686e-17,2.3682989e-21,6.4782005e-22,3.950287e-20
1.156453e-18,4.7630884e-18,4.9108026e-17,4.2603356e-16,1.7689334e-16,6.340639e-18,3.3156027e-14,9.546993e-21
3.6009505e-20,4.7852844e-20,3.2045166e-17,6.097319e-24,6.4633984e-12,5.90997e-17,2.1946132e-17,1.4782072e-17
1.4574801e-15,3.5625028e-20,7.511184e-20,6.998358e-21,7.523965e-22,1.5591647e-20,6.0762464e-28,3.9633925e-18
1.6368568e-17,9.097809e-13,1.3980779e-15,1.8661212e-25,6.0090677e-16,6.7031764e-20,7.1737865e-20,3.5552411e-19
5.851398e-17,6.49183e-15,1.7127443e-16,1.5378914e-15,9.113135e-15,5.313128e-16,1.4865282e-13,2.1633918e-18
1.7434376e-22,5.0365934e-22,4.9449726e-19,5.661956e-28,1.4952762e-12,1.6160324e-20,4.416073e-18,5.824134e-19
5.918911e-15,3.3680015e-18,7.6644477e-19,3.5814992e-19,2.3206055e-21,6.617454e-20,4.747394e-27,1.2226331e-17
1.2930926e-14,5.6231612e-12,8.3772744e-15,1.9582545e-24,2.2022327e-13,1.1434214e-16,2.0596372e-16,3.8218218e-18
1.1082192e-19,9.9928814e-21,8.917987e-19,5.4893992e-17,6.0216126e-18,1.1186551e-19,3.7881082e-16,1.9282939e-22
5.506307e-23,2.346956e-22,8.0738044e-19,3.1734053e-28,2.0309065e-12,7.558346e-21,2.7813706e-18,3.6831698e-19
1.3279376e-14,2.0194932e-15,1.1123796e-17,1.1291398e-15,1.184825e-20,5.565766e-19,4.4030527e-26,1.5345034e-16
1.0968844e-19,5.3602003e-14,4.3784175e-17,8.135325e-27,4.010433e-18,6.8297744e-22,2.9343806e-22,1.4397106e-20
3.0852302e-20,8.495452e-21,1.3499175e-18,4.309862e-17,1.6324846e-18,8.600288e-20,4.506425e-16,2.1409422e-22
1.2133343e-20,1.2970533e-20,7.992968e-18,1.0865038e-24,2.418713e-12,2.01859e-17,6.8655747e-18,5.7814374e-18
6.816105e-16,5.616886e-21,3.7203343e-20,3.0166926e-21,7.879992e-23,3.2796768e-21,1.8136092e-28,1.6713445e-18
5.2027648e-20,2.959704e-14,3.6377365e-17,5.9095793e-27,2.474463e-18,4.466909e-22,1.3829818e-22,9.446212e-21
2.6380155e-17,2.021042e-15,4.181742e-17,4.972123e-16,4.1218482e-15,1.7214231e-16,4.6514743e-14,5.006489e-19
7.885482e-19,1.222049e-19,3.5632982e-16,2.7862804e-23,1.6105728e-10,5.2169687e-15,1.3616644e-16,1.1017123e-17
4.252915e-16,6.4817138e-21,1.6081855e-20,1.4622928e-21,9.189584e-23,2.6491735e-21,6.504252e-29,8.2700003e-19
6.1181766e-15,2.9923228e-12,2.8069668e-15,3.3283834e-25,8.967252e-14,4.034403e-17,8.6145845e-17,1.1839994e-18
1.6876569e-17,1.8600264e-14,2.3132942e-15,2.0519528e-15,4.8159725e-14,1.7485591e-15,7.48868e-13,5.779787e-17
9.2915e-21,1.6561174e-20,5.1922028e-18,1.1675443e-24,1.9374797e-12,1.5667332e-17,6.491003e-18,4.7910425e-18
5.8716845e-15,5.9665133e-16,4.338049e-18,4.706507e-16,2.2323347e-21,1.4688859e-19,8.205076e-27,5.602346e-17
1.35543e-12,9.8667206e-11,2.2296574e-14,2.1602528e-23,3.3042425e-12,1.9537632e-16,2.4415276e-15,5.040563e-18
3.4455858e-17,2.1148367e-15,2.99864e-17,5.818792e-16,4.485007e-15,1.5329822e-16,4.3725155e-14,3.859605e-19
2.063942e-21,4.027383e-21,2.0487663e-18,2.7655545e-25,1.0641937e-12,5.7987764e-18,2.1782815e-18,1.5095883e-18
5.23545e-15,3.4444083e-14,2.313902e-16,4.6557234e-15,1.8666331e-18,1.0008456e-18,7.620256e-25,8.3240395e-16
3.701615e-15,2.2970343e-12,3.0727177e-15,2.4613027e-25,6.9714186e-14,3.2433543e-17,6.649931e-17,1.1949254e-18
1.1613828e-17,8.4518033e-16,1.4571228e-17,2.420411e-16,1.4447099e-15,6.4538716e-17,1.5760629e-14,1.6809858e-19
5.0086013e-22,1.2999057e-21,8.802027e-19,1.7108091e-26,8.4117067e-13,1.9674018e-19,2.01698e-18,1.435588e-18
6.115166e-15,4.307826e-16,3.3287253e-18,4.0735458e-16,1.6352557e-21,1.4090509e-19,6.941122e-27,4.3461512e-17
1.4678807e-15,1.1414605e-12,1.359231e-15,5.928391e-26,2.9294492e-14,1.2428204e-17,2.2169704e-17,4.2791901e-19
1.0656751e-18,5.909021e-18,4.08434e-18,9.817544e-17,1.5881378e-16,2.770284e-18,7.183471e-15,3.0973633e-21
4.8685204e-23,2.3382521e-22,8.254241e-19,5.5726667e-28,1.8146724e-12,6.908598e-21,2.100378e-18,4.7660125e-19
2.10746e-15,2.0943874e-16,1.1296939e-18,1.4357264e-16,5.6967894e-22,3.8742652e-20,1.3832737e-27,1.5803468e-17
2.4607588e-17,3.8144764e-13,3.628979e-16,1.1649049e-26,6.0784397e-16,8.7257984e-20,1.4605215e-19,8.506417e-20
3.3973804e-20,9.070206e-21,1.851662e-18,3.503078e-17,2.2257735e-18,1.0136361e-19,6.591996e-16,1.8791177e-22
1.4087102e-22,6.5251504e-22,4.1589748e-18,5.4983617e-27,4.471194e-12,1.6748083e-20,5.04291e-18,2.282732e-18
1.7320884e-15,2.2252132e-18,2.3462254e-19,8.602129e-19,1.5090326e-22,1.1171448e-20,3.7451523e-28,3.1575302e-18
5.86151e-20,4.2088667e-14,5.527369e-17,6.129492e-27,2.8452335e-18,4.413908e-22,1.740381e-22,9.240777e-21
6.607188e-20,7.1344056e-20,1.6058156e-17,1.2197362e-16,9.498078e-18,4.0863485e-19,6.430974e-15,4.298325e-22
1.3269448e-22,5.2052213e-22,5.82978e-19,1.0118046e-27,1.4636585e-12,1.1747304e-20,4.00846e-18,9.283715e-19
5.403183e-16,1.1782803e-20,2.6486898e-20,1.5979783e-21,9.5815355e-23,2.6505686e-21,1.0103154e-28,8.6319435e-19
3.697797e-19,2.5523501e-13,3.0407202e-16,1.8848358e-26,1.7555886e-17,9.40224e-22,8.1408416e-22,5.454469e-20
1.3086339e-19,1.4042905e-20,1.6632226e-18,6.272535e-17,8.308361e-18,1.2966037e-19,8.403708e-16,1.5494157e-22
2.4868165e-22,5.715269e-22,1.4146413e-19,7.0365837e-29,7.3483326e-13,1.9388656e-20,6.6250128e-18,2.4336372e-19
2.0063856e-15,9.5811115e-20,9.777315e-20,3.936115e-21,5.295386e-22,1.0376614e-20,4.709836e-28,1.6776812e-18
1.5952393e-19,1.1476838e-13,1.0132086e-16,5.8291787e-27,5.064907e-18,5.5276925e-22,4.2413343e-22,2.4533224e-20
2.6313794e-19,4.6719884e-21,1.0882446e-19,7.333505e-17,4.417488e-18,5.910795e-20,5.0270476e-17,9.017517e-23
1.1784995e-22,3.50692e-22,1.7321378e-19,5.479679e-29,8.1627397e-13,1.2460608e-20,4.6880093e-18,1.9454381e-19
1.1516562e-15,1.3537166e-20,5.6935585e-20,2.8288763e-21,9.1899695e-23,3.879484e-21,2.5560675e-28,1.1279887e-18
9.7571575e-20,2.969203e-14,1.30693395e-17,1.5356486e-27,1.387111e-18,5.162547e-22,2.999307e-22,2.0190412e-20
1.2180463e-19,4.212265e-21,1.42793e-19,5.7602846e-17,2.2662125e-18,4.9864347e-20,5.625904e-17,9.7847246e-23
1.4182918e-22,3.647329e-22,1.261736e-19,8.989016e-29,6.6990846e-13,1.2648001e-20,3.628214e-18,2.2703127e-19
4.792144e-16,7.3158546e-22,1.3579163e-20,4.3026914e-21,1.6015834e-23,2.2940598e-21,6.7474775e-29,8.239612e-19
6.204014e-20,2.0998975e-14,1.2083428e-17,1.3382009e-27,1.0732961e-18,4.1782872e-22,1.9281172e-22,1.3926927e-20
1.5762273e-19,3.4324078e-21,1.3835168e-19,3.873887e-17,4.3074603e-18,5.2796593e-20,7.163405e-17,6.734075e-23
5.0498733e-20,1.0879666e-19,6.203338e-17,8.052745e-24,1.1322476e-11,8.93267e-17,4.6686127e-17,1.7584975e-17
3.5816277e-16,8.753294e-22,9.5636514e-21,2.6146468e-21,1.798649e-23,1.7759338e-21,3.7467222e-29,5.9117456e-19
7.7280926e-20,3.3791597e-14,1.539005e-17,1.4173473e-27,1.4287479e-18,3.810619e-22,2.3235008e-22,1.1344301e-20
7.627151e-17,8.975101e-15,2.1191645e-16,2.977646e-15,1.18049305e-14,8.1867704e-16,2.7350046e-13,3.4810163e-18
1.1695876e-21,5.7346655e-21,4.8876276e-17,3.901543e-26,2.8013035e-11,1.8873103e-19,4.0869138e-17,7.239248e-18
4.6575335e-16,1.1567247e-21,1.7410136e-20,3.0264323e-21,1.4577577e-23,1.7000466e-21,6.926435e-29,7.5709934e-19
1.3666849e-14,6.199545e-12,1.23247326e-14,2.4747955e-24,2.0111807e-13,1.3931152e-16,3.3145876e-16,6.325757e-18
2.8068753e-19,2.4623244e-19,7.81935e-17,5.2505476e-16,2.5117061e-17,3.7031346e-18,1.4688532e-14,8.941277e-21
5.810374e-20,1.5645696e-19,6.8222396e-17,4.8615214e-24,1.026303e-11,6.2801015e-17,7.5412257e-17,2.7486222e-17
2.5135025e-14,3.687606e-15,1.4757e-17,2.082653e-15,1.989218e-20,1.4354237e-18,7.7392795e-26,1.4711704e-16
1.1489601e-18,4.597575e-13,8.834771e-16,5.1446496e-25,5.3382564e-17,1.2316472e-20,5.671596e-21,2.4911115e-19
6.588523e-17,5.387236e-15,1.2559418e-16,3.1180475e-15,1.194814e-14,7.871939e-16,2.8761837e-13,2.0085726e-18
7.5048255e-20,9.780635e-20,6.978805e-17,2.3161358e-24,1.8535059e-11,1.5514667e-16,4.5877548e-17,1.1091847e-17
6.9391522e-15,7.9187003e-19,5.8022693e-19,5.361043e-20,5.952608e-21,1.3311396e-19,8.990157e-27,1.4640428e-17
6.7750714e-15,4.3283927e-12,1.23579236e-14,2.8483959e-24,9.6800375e-14,1.1570101e-16,2.4793883e-16,6.712344e-18
2.4688729e-17,6.646084e-15,1.1700147e-16,2.0981948e-15,1.32456065e-14,5.056495e-16,3.8561068e-13,2.6499054e-18
1.2621753e-17,1.0599263e-18,4.5643853e-15,5.290861e-23,1.2990188e-09,4.737466e-14,5.5773795e-16,3.488822e-17
3.4688747e-14,2.7405529e-15,1.614901e-17,1.2808309e-15,1.9550939e-20,2.057091e-18,7.8333167e-26,1.5367765e-16
2.4580229e-14,6.2401052e-12,8.209761e-15,1.1161628e-24,1.7039622e-13,6.705642e-17,5.8279657e-16,2.8835642e-18
2.941572e-17,5.879902e-14,7.478238e-15,1.0020091e-14,1.6634171e-13,2.9586245e-15,6.086643e-12,1.9132935e-16
1.8102255e-17,1.5248273e-18,5.4199076e-15,2.130335e-22,2.1988373e-09,1.1531278e-13,1.0033473e-15,4.6585614e-17
1.586359e-14,5.9970483e-15,2.0803085e-17,3.3620635e-15,2.838661e-20,1.4547339e-18,4.353017e-26,8.829982e-17
1.03221e-11,2.5267596e-10,4.676454e-14,4.64928e-23,7.0945532e-12,2.3278906e-16,2.5410653e-14,2.0286328e-17
3.3259854e-17,1.07153564e-13,1.804967e-14,1.2901805e-14,2.975208e-13,5.8995925e-15,7.6873135e-12,5.059197e-16
3.0293495e-17,4.578835e-18,8.469753e-15,2.5228196e-22,3.4863548e-09,6.052866e-14,2.9836725e-15,1.632505e-16
1.8365446e-14,1.3883427e-13,1.3612131e-15,6.9093474e-14,1.2247384e-17,1.4582127e-17,4.5549543e-24,1.367229e-15
2.4579096e-11,5.666567e-10,8.8709984e-14,1.6457746e-22,1.9433396e-11,4.432161e-16,3.341397e-14,2.4249845e-17
2.917523e-17,9.7987956e-14,3.9359866e-14,1.588921e-14,7.44111e-13,1.875348e-14,2.9306273e-11,3.0276062e-16
8.224453e-17,8.871675e-18,1.4269534e-14,2.8092617e-21,6.883032e-09,5.090556e-13,7.976076e-15,1.7989505e-16
1.6045047e-14,2.7527096e-13,2.8464864e-15,6.559455e-14,4.9717227e-17,1.1268968e-17,1.1091559e-23,3.1362873e-15
7.674641e-12,1.4463933e-09,4.616641e-14,1.9010363e-22,2.9354102e-11,1.3747811e-15,3.7206722e-14,3.1312872e-17
1.08914746e-16,3.5887105e-13,9.899468e-14,4.757024e-14,1.7672847e-12,2.4393643e-14,4.1340684e-11,3.561982e-15
1.3792191e-16,1.0477861e-17,2.7919268e-14,2.7199122e-21,8.103158e-09,5.696707e-13,7.0537533e-15,2.0199237e-16
2.0343046e-14,1.0765403e-13,1.6535522e-15,7.9956366e-14,1.1091255e-17,3.467024e-17,1.2596805e-22,1.0247541e-14
1.07133295e-10,2.3214122e-09,3.9719012e-13,2.8004662e-21,1.3363201e-10,2.3981707e-15,8.444046e-14,6.9727646e-17
1.8498633e-16,4.5932014e-13,1.2627005e-13,6.377122e-14,1.7078871e-12,2.3974495e-14,4.48458e-11,4.636635e-15
9.612097e-17,8.705426e-18,1.7789132e-14,1.1107152e-21,5.5458718e-09,3.0846528e-13,7.565321e-15,1.6657322e-16
4.170549e-14,1.3988615e-12,1.16686446e-14,1.8372286e-13,4.739748e-16,3.4827847e-17,1.4955825e-22,1.697114e-14
8.745015e-11,1.9348458e-09,3.5556725e-13,2.7233282e-21,1.1059585e-10,2.5608667e-15,1.2254209e-13,1.1647465e-16
1.3218815e-16,2.66205e-13,7.179488e-14,4.2666666e-14,1.4747807e-12,1.995403e-14,4.5346914e-11,2.385188e-15
3.0583772e-17,2.8698688e-18,7.19038e-15,3.98517e-22,3.3060061e-09,1.8963768e-13,3.00092e-15,6.264931e-17
7.65998e-14,1.2318261e-12,1.1737889e-14,3.1055274e-13,3.5355685e-16,8.467774e-17,1.8693444e-22,1.9390119e-14
5.4202906e-11,1.7240054e-09,2.5804033e-13,1.5149915e-21,7.524051e-11,2.2609313e-15,9.1953775e-14,9.5783114e-17
4.87411e-17,1.362004e-13,2.9486094e-14,1.9290188e-14,7.686371e-13,1.0019173e-14,1.781629e-11,1.1741824e-15
1.0258482e-16,7.202118e-18,2.1351112e-14,1.0321851e-21,5.216228e-09,2.547613e-13,5.0492117e-15,1.7907002e-16
5.9111854e-14,7.9944216e-13,7.066573e-15,1.8660007e-13,1.703628e-16,7.664279e-17,1.5383789e-22,1.38052056e-14
3.7122565e-11,9.135225e-10,1.3492053e-13,5.343886e-22,4.038603e-11,9.443426e-16,4.596371e-14,3.0750717e-17
1.345862e-16,2.751817e-13,7.0367445e-14,3.997664e-14,1.2172658e-12,1.5889967e-14,4.1510722e-11,1.9762892e-15
1.14839536e-17,2.5593882e-18,4.32426e-15,3.854773e-22,5.3822474e-10,2.3788014e-14,1.5587762e-15,1.5892588e-16
2.1955838e-14,6.102367e-13,4.5402296e-15,9.551581e-14,1.0710641e-16,2.2154486e-17,3.130788e-23,6.276036e-15
4.7191747e-11,1.3564355e-09,1.9091042e-13,1.1749225e-21,6.19241e-11,1.9726438e-15,9.6392654e-14,8.7402365e-17
3.4844214e-16,1.2340548e-13,1.3693697e-14,2.8416219e-14,3.346731e-13,9.26357e-15,6.560513e-12,4.505376e-16
9.767227e-17,8.577493e-18,2.372186e-14,8.2409525e-22,4.0437795e-09,2.8336619e-13,5.1292144e-15,1.768178e-16
6.2646536e-14,6.254019e-13,6.6425095e-15,2.2497835e-13,1.1391115e-16,9.019299e-17,1.2757599e-22,1.2822492e-14
3.6383427e-12,2.294983e-10,1.3312096e-13,3.8379436e-22,9.936574e-12,1.7663112e-15,2.2005394e-14,9.3220866e-17
2.24012e-16,2.8104572e-13,5.450378e-14,5.74123e-14,1.02396e-12,1.6334876e-14,3.061428e-11,2.2434991e-15
6.516302e-20,1.5905484e-19,5.650531e-17,1.4212049e-23,1.035278e-11,4.359851e-17,8.655627e-17,5.604634e-17
8.929465e-14,1.9370982e-13,1.4602404e-15,6.344438e-14,9.5073575e-18,3.645878e-17,1.8887324e-23,5.0565364e-15
4.3851752e-11,9.194625e-10,2.3958187e-13,1.1257001e-21,4.0396433e-11,1.8392323e-15,1.06907776e-13,1.4878592e-16
9.816158e-17,4.7732814e-15,2.6945452e-16,3.8047932e-15,1.8459951e-14,5.062228e-16,6.131839e-13,2.361248e-18
1.3050849e-18,3.7085611e-19,8.002342e-16,1.2141154e-22,1.0842654e-10,2.6388634e-15,1.8173046e-16,6.280964e-17
8.384169e-14,7.9884927e-13,7.4001415e-15,2.756671e-13,1.2588773e-16,1.0580448e-16,1.01745815e-22,1.019016e-14
5.818284e-15,6.381412e-12,1.9800257e-14,7.381782e-24,1.569428e-13,9.539441e-17,1.3846383e-16,5.8918243e-18
2.0158823e-16,5.1310474e-14,3.8486005e-15,9.279946e-15,7.894425e-14,3.1500283e-15,1.2226082e-12,6.404087e-17
7.828471e-20,1.329612e-19,6.30533e-17,3.9579588e-23,1.14813384e-11,1.10588986e-16,4.319326e-17,3.3098603e-17
5.2164836e-14,2.7370421e-15,2.2803313e-17,6.748526e-16,3.2030327e-20,1.8963395e-18,1.3008108e-25,2.3661376e-16
3.9447064e-13,7.056472e-11,4.3843825e-14,5.2000392e-23,2.8164795e-12,6.1765166e-16,4.1931515e-15,2.742516e-17
1.2843628e-16,2.5190553e-14,4.24831e-16,3.993707e-15,2.3348699e-14,1.0192215e-15,4.8896515e-13,5.405425e-18
2.093208e-21,7.2530855e-21,1.6202819e-17,2.1888689e-25,1.0265731e-11,2.346136e-19,2.425447e-17,1.410612e-17
4.851237e-14,3.7860103e-14,2.4659564e-16,1.5455437e-14,6.5171503e-19,8.187605e-18,1.816798e-24,1.6513209e-15
1.7774954e-14,9.655818e-12,1.9622763e-14,6.3741835e-24,5.589027e-13,2.3966697e-16,4.662493e-16,6.1542142e-18
9.129819e-19,1.674529e-18,8.6482024e-17,5.88891e-16,1.6221566e-16,4.13176e-18,4.1607126e-14,5.879601e-21
2.8143391e-18,2.1331194e-19,1.2032294e-15,3.4146428e-23,8.0878054e-10,2.6505528e-14,1.7514689e-16,7.815827e-18
4.0384352e-14,5.516211e-15,2.068005e-17,2.3627927e-15,3.1047462e-20,1.6423097e-18,1.1650255e-25,2.954664e-16
6.2662182e-18,1.3327245e-12,1.8726842e-15,3.9169197e-25,3.3281952e-16,2.1545446e-20,1.9895671e-20,3.5797376e-19
8.450344e-18,3.4698274e-14,5.804318e-15,3.0674707e-15,9.81902e-14,1.7448413e-15,2.9303515e-12,1.2462441e-16
1.8321282e-19,3.2831083e-20,1.4503136e-16,9.218159e-24,2.553585e-11,4.524925e-16,3.3239687e-17,1.1043126e-17
9.891799e-15,1.4295876e-18,1.0000633e-18,8.3935665e-20,4.6476532e-21,8.243223e-20,9.479321e-27,1.6700962e-17
6.1300175e-12,2.3784205e-10,2.906591e-14,2.2100986e-23,7.617096e-12,1.052032e-16,7.641836e-15,5.0181545e-18
3.6580676e-17,8.639176e-15,6.844061e-16,1.2555831e-15,1.28773445e-14,7.864975e-16,1.8808907e-13,1.00775364e-17
1.0003074e-18,3.2536115e-19,3.0014337e-16,4.150439e-22,1.0288244e-09,3.786609e-14,5.099635e-16,4.704545e-18
4.4438783e-15,9.958193e-14,5.987422e-16,1.557404e-14,8.925273e-18,2.5155212e-18,1.3256381e-24,8.649625e-16
9.923703e-14,2.6008426e-11,8.200747e-15,5.3402736e-24,7.0340104e-13,1.6983074e-16,8.223046e-16,4.7940406e-18
4.7389115e-18,7.417116e-14,8.214115e-15,1.7113931e-15,2.9428407e-13,1.1431653e-14,3.0963081e-12,4.242237e-16
8.908011e-22,2.6780711e-21,2.5759215e-18,1.0668265e-25,1.2453032e-12,7.3079163e-19,2.35505e-18,2.2631974e-18
1.2009737e-14,6.6186574e-15,3.8488902e-17,2.1085134e-15,6.685301e-20,1.0508517e-18,1.6038807e-25,4.0529616e-16
8.633457e-12,5.51794e-10,1.0321538e-13,8.414199e-23,1.9634775e-11,2.0175592e-16,3.5897273e-15,1.7882751e-18
1.8177743e-18,9.3606074e-17,1.1202191e-17,1.6399201e-16,4.2456203e-16,1.4668659e-17,2.987199e-14,2.1052288e-20
4.2347906e-20,3.473598e-20,1.239629e-17,1.0783707e-22,1.5646513e-10,4.694728e-15,1.2137208e-16,6.623064e-19
1.7561128e-15,3.0861007e-13,7.560413e-16,2.538477e-15,8.241413e-17,2.215218e-19,7.344649e-24,2.0113358e-15
1.1431293e-16,5.18424e-13,9.113687e-16,4.200733e-26,3.706617e-15,9.525287e-19,1.5262005e-18,1.4905213e-19
7.013278e-19,1.7265643e-14,1.0661159e-15,1.8319701e-16,8.8893255e-14,6.4768895e-15,4.0597685e-13,7.3627406e-17
4.784867e-19,2.736388e-20,2.7126246e-16,3.7441887e-24,3.8036785e-10,6.8651665e-15,2.5306044e-17,1.1485963e-18
2.8754511e-15,3.531415e-17,5.249698e-19,7.64652e-18,4.9680324e-22,3.5124396e-20,6.729205e-28,6.7918816e-18
1.2635127e-12,1.9952738e-10,3.4427854e-14,1.3871922e-23,6.770974e-12,7.15221e-17,3.0797102e-16,1.3210073e-19
8.766406e-19,9.088279e-15,1.4175774e-15,5.7957965e-16,2.1886308e-14,3.587836e-16,9.900718e-13,1.6987213e-17
5.0022645e-21,1.1962918e-21,1.9087643e-18,1.6038684e-25,8.527533e-13,1.083135e-17,1.2392738e-18,9.932882e-19
2.4033072e-16,7.93897e-14,1.07048805e-16,1.2211235e-16,1.5699579e-17,5.8086416e-21,7.5433236e-25,6.4539e-16
2.3133242e-12,1.0576728e-10,6.127285e-15,1.4247053e-24,2.7064902e-12,1.3259514e-17,1.7020764e-15,6.1966147e-19
9.834594e-18,5.3180556e-16,1.1842078e-17,8.6505774e-17,1.1751861e-15,4.6121103e-17,4.2675765e-15,1.4527591e-19
1.1854044e-19,3.4281172e-20,4.5305883e-17,2.797837e-23,4.496685e-10,1.1307741e-14,7.506869e-17,5.3679627e-19
8.3442603e-16,2.1047576e-14,1.09794535e-16,3.5384441e-15,1.5122916e-18,3.3356896e-19,1.0076189e-25,1.515111e-16
3.7541453e-15,2.5485085e-12,5.4451254e-16,4.34068e-26,3.9342753e-14,1.3806343e-17,3.8516077e-17,3.23348e-19
2.7035194e-19,1.375149e-14,1.6171592e-15,2.6496956e-16,5.8898924e-14,1.5704328e-15,1.0561738e-12,5.576249e-17
2.0237227e-19,1.8810417e-20,1.1454559e-16,3.6740392e-24,3.3394287e-10,5.7687353e-15,2.5764143e-17,5.4380177e-19
1.7940583e-15,1.05128184e-16,1.3674563e-18,1.0504319e-16,3.315475e-22,2.4734128e-20,1.4673117e-27,2.6549252e-17
4.7553506e-12,2.2926946e-10,2.2538542e-14,7.075065e-24,9.243674e-12,2.3948315e-17,6.304924e-16,1.4168826e-19
4.073493e-19,7.146299e-15,1.0125754e-15,3.0758707e-16,1.9927214e-14,4.2260205e-16,6.904305e-13,1.9122126e-17
2.1133959e-20,3.2713694e-20,6.2546125e-18,2.6344185e-22,2.3445096e-10,6.0711667e-15,1.5963679e-16,2.2700873e-19
1.5667938e-16,8.747989e-14,1.7095392e-16,5.121196e-16,2.2628704e-17,1.9090244e-20,2.447446e-25,2.7757556e-16
2.176718e-12,9.572716e-11,6.379735e-15,1.3132813e-24,2.6013373e-12,1.0893755e-17,8.457415e-16,2.646762e-19
1.914152e-19,2.5524464e-14,1.163588e-15,8.831127e-17,1.5711981e-13,1.6215365e-14,5.6124647e-13,1.1857273e-16
2.042623e-20,7.9853666e-21,1.0981919e-17,8.0638734e-24,4.3927178e-11,8.6218875e-16,2.0964087e-17,6.2967185e-19
3.4810865e-16,2.2333987e-14,8.1479454e-17,1.3300713e-15,2.3992926e-18,8.5359003e-20,8.2106227e-26,1.2462725e-16
1.3207046e-12,2.4486552e-10,4.4337377e-14,1.2930201e-23,8.335401e-12,4.8942887e-17,1.7687042e-16,3.6748597e-20
5.9568393e-19,4.465017e-15,3.6902496e-16,1.198204e-16,1.4492646e-14,8.978246e-16,1.4501887e-13,9.13132e-18
3.623563e-20,1.4677145e-20,1.7872258e-17,1.411528e-23,5.2460586e-10,9.164101e-15,4.5578386e-17,1.1092131e-19
9.462569e-17,1.2611383e-13,8.2598563e-17,3.4448102e-17,5.4590777e-17,1.189752e-21,1.4733547e-24,7.0265983e-16
3.7476107e-13,5.363113e-11,8.324109e-15,2.5381554e-24,1.782597e-12,3.3694428e-17,1.472664e-16,1.2453202e-19
5.4251894e-20,1.0242813e-14,8.098648e-16,8.9731746e-17,4.3192338e-14,1.7442023e-15,5.8877165e-13,4.6831327e-17
4.7060476e-20,2.3054832e-20,1.2345984e-17,5.2539746e-23,2.2641262e-10,5.09126e-15,5.6305205e-17,3.7601144e-19
2.4443873e-16,1.3509248e-14,3.2440472e-17,1.5219057e-16,8.752105e-19,1.1073271e-20,4.7298442e-26,1.7529061e-16
2.5568343e-12,1.6957295e-10,1.3012722e-14,1.684255e-24,4.6824654e-12,7.83559e-18,3.245695e-16,3.0598083e-20
2.243563e-19,1.242045e-14,9.551572e-16,1.2118148e-16,6.070243e-14,2.154501e-15,5.6224936e-13,3.449215e-17
2.408304e-20,5.3581165e-21,1.3038714e-17,3.525507e-24,3.0592867e-10,3.1240002e-15,1.3531869e-17,5.5483805e-20
4.8841237e-17,7.983279e-14,8.29883e-17,1.4318813e-16,2.4647701e-17,3.0964418e-21,1.5149249e-25,1.470772e-16
2.8594197e-12,2.2029585e-10,2.3407425e-14,5.1159227e-24,7.701608e-12,2.2103667e-17,2.759213e-16,6.111513e-20
3.7688433e-20,5.5327332e-15,3.7891198e-16,4.581074e-17,1.8117516e-14,6.131795e-16,3.2560982e-13,1.4752215e-17
9.915802e-20,3.8876915e-21,7.3506174e-17,1.8198074e-25,1.8751657e-10,1.1667839e-15,5.193471e-18,4.0491073e-19
1.0319908e-16,5.081183e-14,9.477742e-17,1.5048177e-16,1.5244614e-17,3.926248e-21,2.8277809e-25,2.5029845e-16
9.558621e-13,8.165707e-11,4.9822076e-15,2.6814797e-25,1.5426326e-12,2.5464069e-18,2.0136226e-16,1.9209318e-20
1.4970401e-19,1.5339365e-15,2.7356e-16,1.4503082e-16,5.224397e-15,5.3223553e-17,3.362336e-13,1.8134454e-18
6.337537e-20,2.0459438e-21,5.353878e-17,1.2132848e-25,1.4241151e-10,1.0502242e-15,2.3377036e-18,1.6364367e-19
4.7218798e-17,2.233237e-14,2.6790372e-17,9.62861e-17,4.083764e-18,2.3302568e-21,5.895307e-26,5.768267e-17
4.6466883e-13,4.528822e-11,9.190178e-16,7.454642e-26,6.9325443e-13,2.693936e-18,5.2131463e-16,8.791619e-20
9.0351937e-20,1.3525381e-15,1.910216e-16,9.3540045e-17,2.8566464e-15,3.4248024e-17,1.7488779e-13,1.3799702e-18
9.9057463e-20,3.5262253e-21,7.524214e-17,1.6390868e-25,1.7958363e-10,1.2110854e-15,4.427881e-18,2.6355784e-19
3.1772523e-16,4.504399e-15,2.1810096e-17,1.6439797e-15,8.493901e-20,9.6105055e-20,7.761834e-27,3.0165034e-17
4.7379564e-13,2.9145672e-11,7.567079e-16,4.1689804e-26,4.78323e-13,1.1876953e-18,3.5919033e-16,6.5435777e-20
1.3120478e-19,1.7106165e-15,2.0731164e-16,1.2602708e-16,4.3394294e-15,4.9884785e-17,2.400576e-13,1.7060389e-18
9.12389e-21,8.988362e-22,1.18679e-17,1.5489871e-26,6.506383e-11,1.4501864e-16,7.8232504e-19,6.091008e-20
1.7625615e-16,2.8368169e-15,1.5255378e-17,9.212467e-16,9.3109834e-20,4.6852334e-20,2.9610564e-27,1.7386736e-17
4.612639e-13,3.3773415e-11,9.256925e-16,6.754364e-26,5.386604e-13,2.2420842e-18,4.897541e-16,8.7275626e-20
1.987193e-20,5.1704665e-16,3.100455e-17,3.9404198e-17,1.2725176e-15,1.4966763e-17,1.06678216e-13,1.5116216e-19
1.543794e-21,7.0147657e-22,2.206886e-18,3.5883087e-27,3.8030093e-11,2.2998385e-17,4.132704e-19,5.631521e-20
2.580537e-16,3.7328395e-15,1.9106084e-17,1.3198665e-15,9.635577e-20,9.431239e-20,5.62433e-27,2.4757481e-17
3.879794e-14,8.715388e-12,1.8278447e-16,3.1483148e-27,1.1857312e-13,3.542232e-19,1.0194155e-16,1.1067146e-20
3.0664789e-21,2.2362694e-16,2.1768786e-17,1.5214173e-17,1.2765726e-15,2.4983088e-17,1.6392814e-13,1.1565136e-20
1.0974704e-19,1.671706e-20,1.2526881e-16,1.465568e-25,1.2282143e-10,7.6441944e-16,7.893792e-18,4.6728663e-19
8.300667e-17,7.4918254e-16,2.4523142e-18,4.660235e-16,5.97062e-21,2.3122739e-20,3.9321394e-28,4.105052e-18
1.8057374e-15,1.1280357e-11,4.5032947e-17,3.1954897e-28,6.818426e-14,2.9482757e-19,2.3522322e-17,3.8271704e-21
2.7064603e-19,2.2864657e-15,8.1176044e-17,2.60993e-16,7.203091e-15,1.04998734e-16,4.8950546e-13,1.251784e-18
5.936341e-24,3.082861e-23,1.0188041e-18,5.8451797e-30,2.0111393e-12,1.4670643e-21,7.2941857e-19,2.1604292e-20
1.9457368e-17,6.7209305e-17,3.2012265e-19,9.294178e-17,3.0351601e-22,7.596878e-21,4.334355e-28,4.860813e-18
2.2996636e-13,8.938385e-12,8.8098663e-16,7.699467e-26,2.191021e-13,2.6421737e-18,6.999951e-16,1.4508926e-19
4.5954144e-22,1.2707917e-21,1.3658866e-19,6.859502e-18,7.9873516e-20,6.105035e-20,4.6439233e-17,6.385406e-23
3.6522635e-19,1.3364157e-19,3.2788847e-16,8.815339e-25,2.0033009e-10,1.3179999e-15,3.631955e-17,2.5070815e-18
5.7120175e-16,4.227732e-15,2.2527935e-17,3.6507946e-15,6.7572966e-20,4.1048936e-19,6.2779373e-27,1.942607e-17
5.1989138e-21,1.8356506e-15,1.3436805e-18,7.402634e-28,2.0272925e-19,8.081707e-23,2.75404e-23,5.97775e-22
1.2178891e-18,7.4394844e-15,1.6182874e-16,1.0104261e-15,2.5019226e-14,3.7498212e-16,1.7586159e-12,4.0478278e-18
5.3515185e-21,8.330372e-21,1.1337743e-17,2.9070567e-25,3.8650996e-12,2.0717635e-17,2.8533856e-18,1.3682599e-18
3.631844e-17,1.2326524e-21,1.4984556e-21,4.540837e-22,1.7769958e-23,1.2666633e-21,3.0822383e-30,1.7349945e-19
3.934247e-13,1.1414415e-11,2.960634e-15,5.3601496e-25,4.2733227e-13,1.0003195e-17,2.0945083e-15,5.291457e-19
3.638137e-18,1.7647018e-15,2.2750833e-17,3.2588706e-16,2.2434565e-15,1.374707e-16,5.480975e-14,2.2113174e-19
1.0571884e-18,1.0111798e-19,5.874326e-16,1.9319584e-24,3.92136e-10,2.619147e-15,5.4708356e-17,5.1472195e-18
1.9749477e-15,1.2951092e-14,7.639031e-17,1.29096825e-14,2.4340829e-19,2.1085582e-18,4.140342e-26,5.2362035e-17
3.1568488e-15,1.2731749e-12,1.4513492e-15,7.3266763e-26,3.5770096e-14,9.797897e-18,6.629769e-17,4.228643e-19
9.547332e-19,7.233131e-15,7.5582216e-16,7.234176e-16,3.7239238e-14,6.8859353e-16,2.3787903e-12,5.3750345e-18
5.692975e-19,4.2640666e-20,2.9738871e-16,1.0927809e-23,5.62455e-10,1.32622405e-14,4.0008546e-17,1.3818085e-18
1.8408468e-15,7.605452e-16,2.5110439e-18,4.5899455e-16,2.239542e-21,1.3733107e-19,1.9685723e-27,1.8583713e-17
8.40768e-13,7.141164e-11,2.5834736e-15,1.1220115e-24,1.4354444e-12,2.4863011e-17,2.939567e-15,6.865336e-19
7.6907474e-19,1.41775934e-14,2.1193755e-15,6.8562124e-16,3.2272284e-14,6.3156603e-16,1.0163557e-12,2.9085884e-17
2.8647502e-18,2.1645467e-19,1.291172e-15,2.71483e-23,1.0464462e-09,2.6262516e-14,2.0623495e-16,6.3938803e-18
1.845248e-15,9.256681e-15,9.247178e-17,1.0109432e-14,2.6518454e-19,1.9146495e-18,3.0195648e-25,2.1435639e-16
4.0341207e-12,1.5222355e-10,9.37105e-15,3.622975e-24,4.986817e-12,1.852553e-17,1.8970584e-15,5.875773e-19
3.7868763e-18,2.6356357e-14,3.5175836e-15,2.4301079e-15,1.00829786e-13,1.5240503e-15,2.7751369e-12,8.605454e-17
4.025653e-18,1.1838458e-18,1.5851485e-15,1.9337079e-22,4.3235637e-09,4.9284222e-14,6.1556526e-16,8.690396e-18
6.155606e-16,3.110879e-14,1.8508869e-16,3.2005614e-15,4.6443995e-18,2.132379e-19,1.7026521e-25,2.6062688e-16
6.022826e-12,1.9293725e-10,1.557606e-14,1.9757989e-23,7.339009e-12,8.633435e-17,6.927805e-15,2.0687378e-18
4.121276e-18,1.26238e-13,7.6330095e-15,7.371488e-15,2.8411952e-13,6.9341768e-15,7.1070667e-12,3.0935216e-16
8.440453e-18,4.0798244e-18,5.4178815e-15,1.8502459e-22,4.074415e-09,9.094838e-14,9.707429e-16,1.3118539e-17
3.1735354e-15,8.82279e-14,5.6539836e-16,1.8710141e-14,6.943033e-18,2.4783646e-18,1.0249092e-24,7.6378406e-16
3.3840136e-12,3.4130962e-10,2.8242393e-14,7.604352e-23,2.9723182e-11,2.4022347e-16,1.05332604e-14,2.0907135e-18
1.6102507e-17,2.2766028e-13,6.0430464e-15,2.2779221e-14,2.5661648e-13,1.359032e-14,4.768057e-12,7.370809e-16
5.5013213e-19,3.8251016e-19,5.7546217e-16,4.468984e-24,3.7150918e-10,2.7593932e-15,1.2244494e-16,2.2165889e-18
7.979484e-15,1.01103445e-13,6.92067e-16,4.5609157e-14,1.6502677e-17,9.830206e-18,2.26964e-24,2.605107e-15
2.5758657e-12,1.3111907e-10,3.1222624e-14,1.1982507e-22,1.1611782e-11,3.742647e-16,3.0530086e-14,9.805188e-18
3.1309154e-18,2.621787e-14,5.018121e-16,2.8024303e-15,3.284697e-14,1.5351893e-15,1.1412298e-12,1.8787212e-17
2.5850515e-22,1.5320665e-21,2.8525165e-17,1.6518905e-27,1.3197687e-11,6.0219976e-20,1.37207625e-17,6.639507e-19
2.285451e-14,1.4493728e-13,1.1779418e-15,1.6052127e-13,2.057202e-17,4.992e-17,3.7381235e-24,2.8869036e-15
1.9340119e-13,1.9802023e-11,4.785096e-15,2.0821747e-24,8.463673e-13,4.0683568e-17,2.3550178e-15,2.1106345e-18
2.89243e-20,5.853622e-20,7.958344e-18,7.586989e-17,5.058555e-18,2.8023192e-18,1.6964304e-15,5.1508262e-21
4.638888e-20,1.0672042e-19,9.325573e-17,4.5209017e-25,2.0094457e-11,5.731746e-17,7.463582e-17,4.5251275e-18
3.2767607e-15,6.430189e-15,3.774878e-17,7.960998e-15,3.6560688e-19,4.436927e-18,2.1403916e-25,1.948278e-16
3.1107228e-19,5.706458e-14,3.6160568e-17,1.297228e-25,1.7731553e-17,5.329882e-21,2.4001766e-21,2.5181972e-20
6.7981806e-18,8.832648e-16,3.0193697e-17,8.2234855e-16,3.7022506e-15,8.252648e-16,7.780696e-14,2.4537554e-18
6.0993846e-18,3.6120566e-18,2.8433609e-15,2.0059258e-23,5.9038285e-10,8.3989695e-15,1.0924437e-15,3.446295e-17
8.33373e-16,1.07743874e-19,7.19541e-20,2.5718935e-20,6.9378567e-22,4.6543447e-20,9.24233e-28,7.2385856e-18
2.0590335e-15,9.758625e-13,1.2035276e-15,3.1063984e-24,3.5461753e-14,5.2304337e-17,1.1494171e-16,7.912873e-19
2.5955323e-17,4.998725e-14,1.2240203e-15,1.1950874e-14,2.0558098e-13,3.811883e-15,1.17846115e-11,9.0478657e-17
1.2290651e-21,9.290826e-21,5.8466906e-17,8.737025e-27,4.009652e-11,1.3991579e-19,1.121618e-16,4.158848e-18
8.379129e-15,6.917529e-16,6.8184643e-18,1.1513399e-15,1.2895837e-20,2.4072226e-18,3.9240514e-26,1.8005365e-16
1.8926377e-12,4.1716935e-11,2.321083e-14,2.9100886e-23,2.4432036e-12,1.8959868e-16,1.6958294e-14,1.1508953e-17
1.272384e-19,1.3923374e-19,2.8994712e-17,5.649262e-16,8.632113e-18,3.3840482e-18,5.3010443e-15,2.9779565e-20
1.5949585e-20,3.9830314e-20,2.7420035e-17,9.040687e-25,6.2777574e-12,1.1486408e-17,3.4934964e-17,1.4325853e-17
2.60936e-14,7.635445e-14,5.0783e-16,7.246889e-14,3.1564104e-18,3.9061626e-17,2.7875972e-24,5.949105e-16
7.8606736e-19,1.1508778e-13,1.998913e-16,8.774576e-25,3.192303e-17,1.5181451e-20,4.117577e-21,1.3062797e-19
9.888049e-18,6.567047e-16,5.9493516e-17,1.1652537e-15,3.2067577e-15,1.5630209e-16,1.6046921e-13,3.212726e-19
1.0328389e-21,4.9501384e-21,2.1131652e-17,1.1757312e-26,2.1648733e-11,1.6442396e-19,5.052791e-17,3.9672343e-18
3.2995264e-15,2.1592109e-19,2.5545196e-19,4.6141094e-20,6.790394e-21,1.5142015e-19,5.515567e-27,1.37387785e-17
9.216931e-16,1.8727405e-12,4.170849e-15,1.0330028e-24,2.5694741e-14,1.1668939e-17,1.9063132e-17,1.4663504e-18
2.345456e-19,1.6488373e-19,2.7396095e-17,5.7305903e-16,1.3254052e-17,1.6274605e-18,4.747966e-15,1.0562199e-20
3.0335874e-21,1.328359e-20,8.778228e-17,1.6111165e-25,3.569103e-11,3.6371504e-19,7.7233e-17,1.7741294e-17
1.5029177e-14,3.70335e-16,4.6032667e-18,8.8239545e-17,8.0815e-21,4.8747186e-19,1.5352333e-26,6.928115e-17
5.6585487e-19,1.375803e-13,3.6743204e-16,4.2783284e-25,2.942178e-17,1.1990063e-20,2.3913121e-21,1.4125598e-19
4.3224372e-19,7.9179755e-19,1.9257855e-16,1.1342211e-15,8.0556e-17,7.062628e-18,4.7147504e-14,1.344643e-20
3.123739e-22,1.235232e-21,1.3129146e-18,4.719926e-28,3.3153215e-12,4.0709122e-20,1.508018e-17,7.194508e-19
2.9841847e-15,1.820431e-19,2.2636193e-19,2.8055572e-20,4.47375e-21,6.719075e-20,2.7099616e-27,1.2607942e-17
2.179445e-18,8.330199e-13,1.8763167e-15,1.5856795e-24,1.5183047e-16,1.821715e-20,9.300259e-21,5.310952e-19
1.9780201e-19,2.183004e-20,1.2516551e-18,1.7432702e-16,5.192361e-18,2.401489e-19,3.199266e-16,8.752125e-22
4.8815434e-21,9.071313e-21,3.4220847e-18,6.701497e-25,1.457399e-12,1.1053494e-17,3.8963383e-18,3.190987e-18
1.1937706e-14,1.4064954e-18,1.129263e-18,5.2859265e-20,1.7925282e-20,2.400509e-19,2.0970311e-26,3.4765197e-17
1.4800337e-19,4.1414256e-14,5.6512854e-17,1.7435006e-26,4.154915e-18,2.1306937e-21,6.054839e-22,4.3895486e-20
2.5005304e-17,1.3397824e-15,2.3727709e-17,3.990309e-16,3.0641845e-15,1.124261e-16,2.393922e-14,3.049567e-19
5.9742906e-20,4.5757925e-20,7.5773576e-17,1.5491955e-24,3.899958e-11,3.9497673e-16,2.2505258e-17,2.7718911e-18
8.0500746e-16,9.2890905e-21,3.8862257e-20,7.880572e-21,2.0216825e-22,9.125143e-21,2.3399758e-28,2.320078e-18
2.5694092e-15,1.7939208e-12,2.2690012e-15,1.5179793e-25,5.0380845e-14,2.3109195e-17,4.287397e-17,7.8905974e-19
6.1938523e-18,5.3049894e-15,2.3852686e-16,1.256206e-15,1.14549636e-14,3.4316436e-16,3.7841423e-13,4.2296772e-18
1.6521403e-22,7.752208e-22,2.0008258e-18,3.7372314e-28,3.8924207e-12,2.8654137e-20,9.7612995e-18,6.018349e-19
3.588344e-15,3.4998875e-16,2.4558812e-18,2.7304501e-16,1.0981143e-21,7.411028e-20,3.8433103e-27,3.3086235e-17
6.38278e-14,8.891268e-12,5.481976e-15,7.6772693e-25,3.2281106e-13,2.3188318e-17,3.993842e-16,1.3737043e-18
8.33222e-20,2.2582795e-20,1.5466611e-18,1.4554125e-16,2.0459702e-18,2.295988e-19,3.0145717e-16,8.389941e-22
1.816689e-22,1.3163226e-21,1.12739564e-17,7.425089e-28,1.2027798e-11,3.5911697e-20,2.038197e-17,8.140263e-19
2.8592082e-15,6.3482964e-15,2.1990297e-17,2.4177545e-15,7.464482e-20,5.0907833e-19,2.6429996e-26,7.4339734e-17
1.0441142e-19,2.864805e-14,4.173965e-17,1.358363e-26,3.2365179e-18,1.6299557e-21,4.4255077e-22,3.156732e-20
4.805461e-20,4.2104676e-20,5.610834e-18,2.2568028e-16,1.6200215e-18,6.8076484e-19,8.927974e-16,3.5572995e-21
1.2154778e-22,9.71177e-22,7.376428e-18,1.451501e-27,8.578337e-12,3.1882943e-20,9.717571e-18,8.900756e-19
6.1279366e-16,9.2379216e-21,2.361606e-20,5.6320333e-21,2.0510928e-22,6.996036e-21,1.1975204e-28,1.5907554e-18
1.1213682e-19,2.7378167e-14,6.738619e-17,5.554674e-26,4.3996116e-18,3.3946967e-21,6.206351e-22,4.8447212e-20
6.247714e-20,3.3634404e-20,7.9608036e-18,1.3092298e-16,2.7941425e-18,5.9780327e-19,1.4930965e-15,2.38408e-21
1.7912482e-22,1.2392625e-21,5.0313997e-18,1.8145927e-27,6.8479922e-12,3.457641e-20,1.0909391e-17,1.1199024e-18
8.1371406e-16,3.4323304e-20,3.4305374e-20,8.3472944e-21,8.721363e-22,2.7506214e-20,2.770661e-28,2.5011495e-18
1.1182242e-19,4.8974896e-14,1.5702702e-16,4.6660278e-26,5.20698e-18,3.0668648e-21,7.0915006e-22,3.999109e-20
1.0109832e-19,3.514785e-20,6.5325853e-18,1.4736924e-16,3.8817253e-18,5.1989387e-19,1.3361331e-15,1.9487265e-21
4.4520245e-22,1.4454716e-21,2.6634755e-18,9.3541e-27,3.4019593e-12,3.3542022e-20,8.16222e-18,3.6991815e-18
1.0995553e-15,9.4701743e-20,6.642949e-20,9.516524e-21,7.1617746e-22,2.002053e-20,4.6181407e-28,2.4511827e-18
1.4550384e-19,5.8857595e-14,1.5865148e-16,4.5380228e-26,6.0580624e-18,3.001838e-21,7.4879167e-22,4.6039464e-20
2.4320873e-19,7.884996e-20,1.0947871e-17,1.6301403e-16,2.8486668e-17,5.0038725e-19,4.4052443e-15,4.0731759e-22
4.526006e-19,2.2179494e-19,1.55666e-16,1.0786544e-22,4.8128695e-10,2.3786062e-14,4.2061097e-16,4.915635e-18
1.210097e-15,5.832736e-20,7.370625e-20,9.368233e-21,6.3060597e-22,1.7508775e-20,5.4871497e-28,2.7351387e-18
7.259986e-19,4.4011084e-13,3.5975117e-16,2.8133618e-26,2.7006358e-17,1.3560263e-21,1.4663481e-21,9.353454e-20
3.1144173e-18,2.9569276e-14,3.7972538e-15,1.7182093e-15,1.367327e-13,4.4500024e-15,1.5083553e-12,1.9326592e-16
5.6718394e-19,2.323921e-19,3.009126e-16,1.0222072e-24,2.778079e-10,1.7854015e-15,9.627362e-17,3.8046425e-18
2.8445215e-15,6.1082965e-20,1.8947474e-19,6.3516445e-21,4.763424e-22,1.1817375e-20,1.2262702e-27,3.3853913e-18
6.533079e-12,2.8254035e-10,6.488194e-14,8.271529e-23,1.6228942e-11,2.042471e-16,1.816952e-15,1.4004135e-18
1.8627777e-18,8.6584114e-15,1.9194561e-16,1.5242713e-15,3.597989e-14,4.84087e-16,2.3277712e-12,1.16101086e-17
8.791455e-19,2.5617996e-19,6.487494e-16,8.008661e-24,5.992353e-10,7.855954e-15,1.1766344e-16,3.917845e-18
8.4152247e-16,1.7851137e-13,5.8876514e-16,2.1440145e-15,4.4429082e-17,1.565047e-19,1.097945e-24,1.202908e-15
4.775545e-13,1.9145466e-11,4.738539e-15,1.0642824e-24,7.365227e-13,1.9126212e-17,3.9829048e-15,6.5764126e-19
3.3687598e-18,1.940059e-14,1.3809255e-15,3.3740893e-15,6.389041e-14,8.4107635e-16,3.3475306e-12,3.4720132e-17
2.6743067e-19,1.2300561e-19,2.4203093e-16,1.1292941e-24,1.6505344e-10,1.7378331e-15,3.708268e-17,2.0035373e-18
5.018928e-15,2.5427816e-14,1.1055607e-16,1.9268494e-14,3.9708513e-19,3.6732237e-18,7.856838e-26,7.348739e-17
1.3789087e-12,5.947611e-11,1.1572452e-14,4.2701948e-24,2.8393657e-12,2.6585128e-17,3.3959766e-15,1.6608131e-18
2.1908983e-18,8.813232e-15,2.332513e-16,1.6700531e-15,2.2254258e-14,3.2688187e-16,1.3887168e-12,5.222576e-18
1.7752294e-21,3.282155e-21,1.0332627e-17,8.496884e-27,6.9929466e-12,1.892437e-18,5.5916892e-18,7.049435e-19
3.5162421e-15,5.020367e-14,1.8842413e-16,1.9061452e-14,1.9884764e-18,2.5000142e-18,2.4975174e-25,2.1095341e-16
2.5256815e-13,1.3136308e-11,5.004093e-15,5.5563936e-25,4.835027e-13,1.07876826e-17,1.4492857e-15,1.0537459e-18
1.8881311e-19,1.24375e-17,4.889956e-18,8.5611857e-17,1.9579936e-16,2.505486e-17,1.3579982e-14,4.924658e-20
2.227981e-19,9.600356e-20,1.7825763e-16,3.8345276e-25,1.5134693e-10,8.753688e-16,3.3403406e-17,1.6507451e-18
2.6837447e-15,1.25351635e-14,4.8886907e-17,8.825748e-15,2.4829623e-19,1.424025e-18,3.693385e-26,5.625818e-17
8.6105425e-17,2.4168303e-13,1.4683782e-16,6.993804e-26,1.4512718e-15,4.685182e-19,1.739701e-18,3.2030327e-20
8.473904e-19,4.759881e-15,9.4759707e-17,7.97455e-16,1.7950177e-14,2.5906765e-16,1.2325992e-12,3.8896555e-18
1.2322211e-19,3.05961e-20,1.2244913e-16,6.910771e-25,1.5635833e-10,2.0374295e-15,1.8055152e-17,8.3584243e-19
1.2393466e-15,3.524807e-17,8.3815404e-19,2.2661185e-17,1.1210548e-21,1.132459e-19,8.673957e-28,1.052473e-17
2.5523501e-13,8.713393e-12,2.2706812e-15,3.2178802e-25,3.287964e-13,7.444073e-18,1.6305764e-15,3.3628004e-19
9.145261e-19,4.5818303e-15,3.2152812e-16,7.939735e-16,1.32713495e-14,1.8205867e-16,6.912304e-13,6.5733065e-18
2.583912e-19,1.316967e-19,6.8208605e-17,2.0204029e-22,7.2276196e-10,3.3609563e-14,4.1328204e-16,1.4911592e-18
1.9131632e-15,1.1232418e-14,4.8995565e-17,9.425364e-15,1.6017394e-19,1.4605835e-18,2.325518e-26,3.4005752e-17
3.8923e-13,1.877584e-11,3.597774e-15,4.031463e-25,6.4235146e-13,6.458572e-18,7.7477384e-16,4.504338e-19
6.6180637e-19,3.4025852e-14,4.3357397e-15,6.3302774e-16,2.0651082e-13,6.6891945e-15,2.0733144e-12,2.8852285e-16
4.831344e-19,3.655258e-20,2.8259928e-16,1.6097843e-24,3.0488306e-10,7.216291e-15,4.0445267e-17,1.3086794e-18
7.434318e-16,1.467176e-14,4.6037607e-17,4.018709e-15,3.5307245e-19,3.1421006e-19,1.9066027e-26,4.817472e-17
1.10216124e-11,4.9117094e-10,7.473322e-14,8.2748114e-23,3.3677824e-11,1.1126858e-16,1.0004999e-15,3.241001e-19
9.599078e-19,5.7973256e-15,8.325215e-16,6.943491e-16,2.5080288e-14,3.5607028e-16,9.420539e-13,1.8467742e-17
6.4892384e-20,3.6529304e-20,2.368385e-17,7.8232346e-23,5.2922083e-10,1.353726e-14,1.2839317e-16,2.6060757e-19
2.416361e-16,3.0572406e-13,4.8559626e-16,5.888752e-16,1.5790883e-16,2.4346577e-20,1.6189417e-24,1.258153e-15
1.950658e-12,6.476668e-11,5.0301217e-15,1.6969792e-24,2.0119529e-12,1.4552231e-17,1.8162589e-15,6.354777e-19
1.448393e-19,2.115798e-14,1.6506784e-15,1.5524613e-16,1.10409796e-13,5.2781422e-15,9.967472e-13,1.2159498e-16
2.7012399e-20,1.3136147e-20,1.0848139e-17,3.7933727e-23,1.5372884e-10,3.277323e-15,4.2217002e-17,2.6749392e-19
8.7695645e-16,3.0566387e-14,1.3010054e-16,5.0059834e-15,1.3892981e-18,4.0998545e-19,8.465861e-26,1.4647586e-16
3.1182845e-12,2.478975e-10,2.9558224e-14,1.0484026e-23,1.0984843e-11,2.5104803e-17,3.7675573e-16,6.289489e-20
1.7691063e-19,9.93563e-15,1.0211051e-15,1.0444105e-16,5.1961067e-14,1.742513e-15,5.441967e-13,3.4147445e-17
1.8675428e-20,7.478614e-21,8.2627195e-18,1.5192147e-23,2.3396182e-10,3.570634e-15,2.8196383e-17,8.185661e-20
9.069151e-17,1.4112257e-13,1.2773122e-16,1.2842598e-16,6.1415295e-17,4.04583e-21,7.4992253e-25,4.965527e-16
1.3698389e-12,1.3286394e-10,1.8245896e-14,6.525916e-24,7.779561e-12,2.145035e-17,1.4196602e-16,5.0045e-20
5.052937e-20,7.720716e-15,6.799225e-16,5.3206097e-17,3.93147e-14,1.3528579e-15,4.5837753e-13,3.0610272e-17
1.4235463e-19,5.3312886e-20,7.2324616e-17,3.781266e-23,2.599128e-10,8.4423986e-15,1.2183877e-16,9.169783e-19
7.8080834e-17,4.7746407e-14,5.399513e-17,8.393131e-17,1.09814165e-17,3.4061767e-21,1.6657118e-25,2.8603956e-16
1.2141841e-12,1.1506294e-10,1.0071057e-14,1.5016691e-24,4.4467086e-12,6.5321866e-18,1.2040642e-16,1.8167187e-20
9.216214e-19,1.737201e-14,1.5964844e-15,4.170847e-16,7.1241874e-14,3.908164e-15,6.7520506e-13,7.6957437e-17
2.268951e-21,4.4155103e-21,5.238538e-18,1.7455705e-26,1.7707735e-12,3.3574318e-18,3.067326e-18,6.5356734e-19
3.963032e-17,3.9961473e-14,3.3010217e-17,4.9138568e-17,1.1089605e-17,1.289288e-21,1.2175363e-25,1.4605905e-16
1.5203711e-12,1.2328567e-10,2.2869905e-14,1.4942073e-23,5.309168e-12,6.284654e-17,6.095297e-16,4.0464362e-19
6.000674e-19,2.0691817e-16,2.755949e-18,1.037062e-16,7.678564e-16,6.0747046e-17,2.5512197e-14,4.9974608e-20
2.8227118e-20,1.3148078e-20,4.4158733e-17,3.1674597e-25,3.84855e-11,3.712927e-16,7.387438e-18,4.841768e-19
3.7675864e-16,6.70358e-14,1.2743142e-16,4.3578908e-16,1.2376635e-17,4.2638388e-20,5.8172777e-25,6.6330356e-16
5.609898e-16,2.8444865e-13,2.380333e-16,2.5606277e-26,6.2756773e-15,2.3765923e-18,1.6454775e-17,7.9388705e-20
1.0024199e-18,2.2513693e-15,1.1755082e-16,4.1014873e-16,5.56444e-15,1.4359126e-16,2.316489e-13,1.8330097e-18
2.0820352e-21,1.5353486e-21,3.5315616e-18,4.7559724e-25,1.63712e-12,1.25608005e-17,1.3364979e-18,9.59765e-19
1.226638e-15,1.3539828e-16,7.432719e-19,9.9639344e-17,5.3321777e-22,9.734257e-20,4.9716187e-28,7.265419e-18
6.0428415e-14,6.19594e-12,2.0143303e-15,1.6520874e-25,1.9333738e-13,5.0867484e-18,2.1038684e-16,3.3559576e-19
4.5622717e-18,9.123392e-16,3.418837e-17,1.1092107e-16,9.882931e-16,1.379582e-16,7.048723e-15,3.2380843e-19
1.1096666e-18,7.477164e-20,7.3596e-16,2.1680615e-24,3.1033115e-10,7.0514667e-15,4.3999662e-17,2.2629989e-18
5.88572e-16,3.999027e-15,1.1517033e-17,1.2052137e-15,5.378023e-20,1.6624668e-19,6.748257e-27,2.7292826e-17
2.6685136e-15,2.29537e-12,1.2675468e-15,1.2550787e-25,5.194492e-14,1.792921e-17,2.3616546e-17,3.0586893e-19
2.0299014e-18,8.921475e-15,9.056814e-16,1.1070638e-15,3.09816e-14,4.8398176e-16,1.4024974e-12,1.3999549e-17
3.6292366e-19,2.8323656e-20,2.5017433e-16,2.184524e-24,1.9682966e-10,4.1210935e-15,2.2861669e-17,1.4708266e-18
9.189863e-16,3.5514244e-16,1.6180328e-18,7.700355e-17,1.5500314e-21,2.1383404e-20,1.9656459e-27,3.7953674e-17
1.6274067e-12,4.445634e-11,4.9414937e-15,1.8101845e-24,1.2732771e-12,1.8456755e-17,2.9621928e-15,1.4393442e-18
1.2257613e-18,6.7561796e-15,7.179604e-16,5.175064e-16,1.3400411e-14,4.0416447e-16,3.847159e-13,1.1554305e-17
4.639333e-19,9.4177925e-20,4.2390664e-16,2.0921031e-24,3.9512715e-10,2.3070727e-15,5.2674762e-17,1.7459504e-18
1.810773e-15,2.0687814e-14,1.3500424e-16,1.0236719e-14,8.968854e-19,1.5309471e-18,1.624044e-25,1.7468249e-16
1.0795594e-12,4.7402485e-11,4.4518023e-15,1.2760652e-24,1.1699299e-12,1.7041992e-17,1.3411119e-15,8.3615175e-19
7.836124e-19,7.444225e-15,5.250046e-16,7.8982275e-16,2.799029e-14,5.925957e-16,1.4742183e-12,1.0056875e-17
1.0432429e-18,5.5061717e-19,5.204861e-16,4.640598e-23,1.9126691e-09,1.1142245e-14,3.1079876e-16,7.000292e-18
9.105763e-16,1.0426721e-14,8.197297e-17,2.486626e-15,7.2681605e-19,2.9048156e-19,7.136098e-26,1.5286201e-16
6.268278e-13,3.592954e-11,2.4627049e-15,1.1975092e-24,1.3390283e-12,1.4935337e-17,1.7441157e-15,4.0795263e-19
1.6030973e-18,3.993465e-14,5.99984e-15,3.2432212e-15,1.5709435e-13,4.4463372e-15,6.5291175e-12,4.7094135e-17
3.5310227e-18,2.0810932e-18,2.313974e-15,7.5264304e-23,1.9984627e-09,2.6877267e-14,5.8667117e-16,6.89868e-18
1.2711155e-15,1.1021343e-14,6.6756526e-17,7.8134546e-15,3.657157e-19,1.3309372e-18,1.3805708e-25,1.2628164e-16
7.162642e-13,4.2126422e-10,1.3285405e-14,1.1448533e-23,1.504087e-11,1.1644977e-16,3.114113e-15,1.3182594e-18
8.03108e-18,1.161877e-13,3.0783255e-15,1.064759e-14,1.468655e-13,6.1067742e-15,4.276032e-12,2.2053564e-16
7.15252e-22,2.3120433e-21,2.8046948e-17,4.012098e-27,1.746273e-11,1.5961401e-19,1.619176e-17,9.401502e-19
2.4620006e-15,2.3722359e-14,1.4801772e-16,1.0232346e-14,2.010604e-18,2.1849558e-18,2.2586366e-24,1.3515169e-15
1.5742799e-12,8.943591e-11,2.360312e-14,3.6879424e-23,6.847287e-12,1.4765003e-16,1.0997279e-14,5.1349424e-18
3.6858806e-20,1.8079808e-19,9.54548e-18,9.413425e-17,1.9048229e-17,6.0123863e-18,5.047228e-15,6.488739e-21
4.4960547e-23,2.622667e-22,5.676258e-18,1.0917948e-28,5.6011107e-12,8.782329e-21,5.362357e-18,1.7149317e-19
9.653187e-15,5.8409366e-14,3.4702408e-16,4.2063222e-14,7.9081684e-18,1.712286e-17,1.8169297e-24,9.72689e-16
1.0544577e-18,1.1415666e-13,7.227883e-17,2.0148197e-25,5.9520985e-17,1.2786845e-20,9.205839e-21,2.4937823e-20
4.1554476e-21,5.4762325e-21,1.5164047e-18,2.5104228e-17,9.474805e-19,3.9211923e-19,5.840518e-16,7.5472214e-22
1.5565077e-21,4.94625e-21,4.8363083e-17,1.4141076e-26,2.2434653e-11,3.1288363e-19,2.7853964e-17,2.428436e-18
1.4974373e-15,4.7744555e-19,1.8741237e-19,1.3501537e-19,1.2854624e-21,1.01049734e-19,1.6506431e-27,1.2195216e-17
3.2737288e-20,1.5790808e-14,9.9491555e-18,1.650789e-26,2.5149167e-18,5.3217127e-22,2.2973162e-22,4.1402898e-21
8.265675e-20,3.7287898e-19,2.057555e-17,1.9036254e-16,3.3284223e-17,1.0577457e-17,8.746015e-15,1.3171573e-20
2.861851e-21,1.2375058e-20,1.3959186e-16,2.2100954e-26,4.6515968e-11,3.2844e-19,1.13007e-16,5.3796907e-18
3.4096827e-16,1.971894e-20,1.502039e-20,2.4381046e-21,1.6193879e-22,1.0787585e-20,9.5005245e-29,1.4613414e-18
2.0081588e-18,1.943875e-13,1.5190346e-16,5.8527365e-25,1.10926985e-16,2.5937959e-20,1.8267743e-20,5.698991e-20
1.4551605e-19,2.0500241e-19,5.013259e-17,4.989433e-16,2.9561844e-17,1.19068075e-17,1.3691714e-14,2.9648874e-20
4.6146853e-22,5.7842527e-21,3.8602713e-17,1.8897881e-27,2.3236822e-11,6.048104e-20,6.860499e-17,2.1801352e-18
2.6482318e-15,1.0258394e-18,4.450061e-19,2.4107135e-19,3.2164015e-21,1.6618644e-19,5.1624752e-27,2.5121756e-17
1.2193441e-18,2.451432e-13,2.2449618e-16,2.089001e-24,8.0629477e-17,2.0547674e-20,9.9853746e-21,1.4790912e-19
8.6000585e-20,7.6984924e-20,1.0067085e-17,4.189088e-16,2.6653151e-18,2.3881341e-18,1.4431784e-15,1.7857033e-20
1.4779722e-22,6.7206314e-22,6.351896e-18,3.279642e-27,7.1840034e-12,2.647094e-20,7.0374285e-18,1.4923199e-18
6.3182902e-15,7.5543474e-19,5.9425405e-19,1.084606e-19,9.12389e-21,4.46557e-19,1.8486687e-26,4.2561913e-17
3.0807628e-19,3.9336525e-14,7.781768e-17,2.756013e-25,9.294279e-18,8.825721e-21,2.3925987e-21,9.506913e-20
4.2058444e-20,3.7161503e-20,1.4219413e-17,1.0771363e-16,5.2575765e-18,4.534422e-19,3.7849756e-15,1.370865e-21
1.5472489e-21,4.410746e-21,6.4597545e-18,6.557623e-27,1.0861526e-11,1.4149219e-19,4.3980197e-17,3.230782e-18
1.5805113e-15,8.0852355e-20,9.920645e-20,2.863152e-20,2.3895705e-21,8.6485184e-20,1.5954398e-27,5.400272e-18
1.4460247e-19,9.134615e-14,1.7774022e-16,6.967362e-26,1.27323495e-17,1.6727707e-21,5.176391e-22,2.574367e-20
3.5374922e-19,1.0670129e-19,8.650045e-18,5.008311e-16,1.7479506e-17,7.7659836e-19,1.9892988e-15,3.3879698e-21
1.0445234e-21,5.21369e-21,3.045257e-17,8.834957e-27,2.7278544e-11,1.5417065e-19,5.694371e-17,3.0680633e-18
1.2928874e-15,1.1331072e-19,8.8774206e-20,5.0021312e-21,9.354801e-22,1.29262755e-20,5.209695e-28,3.6430676e-18
6.917017e-19,1.4816425e-13,1.921654e-16,1.714364e-25,2.6393136e-17,6.266113e-21,1.8291025e-21,1.104619e-19
1.3801222e-19,1.844048e-19,2.4336305e-17,6.492049e-16,7.783367e-18,1.7914433e-18,4.0942985e-15,9.914474e-21
1.3719e-22,5.466357e-22,1.7418126e-18,7.402238e-28,3.852213e-12,1.8905518e-20,6.457513e-18,6.6298387e-19
2.408301e-15,3.921759e-20,1.4344323e-19,2.1309305e-20,1.5517587e-21,3.079786e-20,1.694803e-27,9.427219e-18
4.2914505e-19,9.00623e-14,2.495348e-16,3.9505632e-25,2.2557515e-17,1.0136433e-20,1.7553572e-21,1.3783122e-19
4.9760982e-20,1.8305623e-20,2.6334593e-18,8.602795e-17,3.019875e-18,1.815888e-19,7.4702795e-16,5.9944195e-22
5.6558894e-21,1.2319996e-20,5.786159e-18,7.8459406e-25,1.9570081e-12,1.0902194e-17,4.835181e-18,4.2565627e-18
2.3900426e-15,1.04174306e-19,1.3318355e-19,2.2004613e-20,4.7142384e-21,7.853566e-20,1.9364858e-27,1.0751365e-17
9.7060766e-20,4.3248974e-14,6.1325874e-17,1.9002203e-26,5.188777e-18,1.0467652e-21,2.7970483e-22,1.729265e-20
1.8266309e-17,1.8109594e-15,2.959231e-17,4.639676e-16,2.9508582e-15,1.37237e-16,4.3616623e-14,3.2196703e-19
2.1943098e-19,4.0629225e-20,1.4592707e-16,7.092331e-24,4.8724615e-11,1.0461616e-15,4.2965005e-17,7.5854216e-18
6.6914634e-16,1.3999046e-20,3.1689545e-20,3.1681187e-21,2.5275974e-22,5.7202237e-21,1.6626432e-28,1.8358928e-18
2.6835092e-15,1.6442267e-12,2.759583e-15,1.9917717e-25,5.4987136e-14,2.545971e-17,4.768945e-17,8.795346e-19
1.321911e-17,7.5900945e-15,7.8655755e-16,1.0323892e-15,1.7362371e-14,8.109376e-16,2.503542e-13,1.415566e-17
1.4933249e-22,5.832641e-22,1.5731643e-18,3.032674e-28,3.9353603e-12,2.1066589e-20,8.872961e-18,4.961259e-19
4.3458736e-15,4.5424625e-16,2.5108426e-18,3.0188183e-16,1.5710391e-21,1.0812886e-19,4.078358e-27,3.2992085e-17
2.6705886e-13,3.4750584e-11,9.4268025e-15,5.989111e-24,1.0980732e-12,1.05474025e-16,8.51507e-16,2.817508e-18
6.208797e-20,1.646448e-20,1.5427542e-18,1.1187038e-16,2.1248204e-18,1.6777123e-19,3.757883e-16,6.49639e-22
3.2891328e-23,2.672844e-22,1.879007e-18,1.0104618e-28,3.1767499e-12,7.418632e-21,4.18557e-18,2.7473928e-19
4.145138e-15,1.065023e-14,6.54581e-17,2.0349128e-15,2.4360055e-19,5.054308e-19,1.6189964e-25,3.8875678e-16
9.28573e-20,3.097197e-14,4.2142986e-17,1.22009765e-26,3.4193961e-18,1.1881329e-21,2.9456404e-22,2.4126072e-20
1.867137e-20,9.244549e-21,1.0959189e-18,6.686357e-17,4.5435646e-19,1.3712532e-19,1.7615801e-16,5.3103965e-22
1.6279859e-21,5.056791e-21,2.079761e-17,5.1210523e-26,7.430562e-12,4.945425e-19,1.8322767e-17,4.9011986e-18
5.5713613e-16,7.772614e-21,2.02774e-20,3.8115222e-21,1.890622e-22,6.4674873e-21,1.0429748e-28,1.4330602e-18
3.293256e-20,1.0676875e-14,1.7566537e-17,5.767996e-27,1.1224514e-18,6.4747416e-22,1.5227838e-22,1.12218925e-20
6.179783e-19,4.254225e-18,3.8460722e-17,4.1995208e-16,1.4005806e-16,1.0048554e-17,3.0856695e-14,1.3898163e-20
1.4935641e-22,6.085033e-22,9.372139e-19,1.942448e-28,2.39099e-12,2.2515011e-20,7.686733e-18,4.001629e-19
2.5798284e-16,5.7425027e-21,8.724595e-21,2.2097635e-21,1.0715962e-22,3.4583387e-21,3.102021e-29,5.706738e-19
1.2698153e-17,6.25742e-13,9.115564e-16,1.8372244e-25,4.630623e-16,8.767037e-20,9.6790484e-20,3.113572e-19
8.7835065e-20,1.2889297e-20,6.868715e-19,1.0809398e-16,2.0130677e-18,1.4124466e-19,1.6156228e-16,3.9929158e-22
1.0606855e-20,2.4858138e-20,1.3124245e-17,1.7177886e-24,3.3994164e-12,1.8854485e-17,9.914602e-18,7.337082e-18
6.077098e-15,6.3623474e-18,6.3270807e-19,5.238615e-19,2.4737515e-21,1.1587751e-19,3.775003e-27,1.2875017e-17
8.206139e-20,2.3911926e-14,2.6374316e-17,6.528296e-27,2.111456e-18,1.0028315e-21,3.1456458e-22,2.2671093e-20
2.8576245e-17,3.014355e-15,6.2079296e-17,8.753587e-16,4.2319752e-15,2.3934719e-16,8.420691e-14,7.1110696e-19
5.258878e-19,1.9292973e-19,2.0177749e-16,5.982651e-23,6.6623973e-10,2.6421988e-14,3.1606547e-16,3.963241e-18
4.879713e-16,4.0361955e-21,1.710462e-20,4.5053475e-21,9.157355e-23,4.2104014e-21,8.2670567e-29,1.147554e-18
3.9015943e-15,2.2932127e-12,4.6704702e-15,4.948524e-25,8.006961e-14,4.4027198e-17,7.830455e-17,1.686858e-18
2.4398945e-18,2.4334765e-14,4.0819475e-15,1.8913502e-15,1.1572636e-13,2.4876316e-15,1.9505053e-12,1.7605455e-16
6.1507144e-19,1.5393263e-19,4.676155e-16,2.906116e-24,3.7961267e-10,5.3366125e-15,7.423489e-17,2.7429752e-18
7.77495e-15,8.6972697e-16,4.187758e-18,5.173742e-16,3.6168634e-21,2.5052253e-19,1.04922915e-26,5.4042323e-17
7.862606e-12,2.80263e-10,4.9959416e-14,4.5248232e-23,1.5167513e-11,1.10003295e-16,2.1259263e-15,1.1932036e-18
2.6433127e-18,1.13338675e-14,8.391663e-16,2.3613417e-15,4.289727e-14,4.6042726e-16,2.5755463e-12,1.8627646e-17
1.0113501e-18,9.796729e-20,6.282021e-16,5.446557e-24,5.7445937e-10,1.0330554e-14,6.503449e-17,3.12774e-18
8.2199725e-16,1.8145502e-13,5.8115375e-16,3.5761824e-15,3.6948537e-17,2.0152409e-19,7.517844e-25,7.5479635e-16
1.0261928e-12,3.9023472e-11,7.7936586e-15,1.8087488e-24,1.5467484e-12,1.6639024e-17,2.4736644e-15,1.362619e-18
2.1627402e-18,1.42021675e-14,1.5221039e-15,1.805455e-15,3.9076066e-14,5.571489e-16,1.7187659e-12,2.6616687e-17
1.4497086e-19,1.2112861e-19,1.3874564e-16,4.9873734e-25,5.124873e-11,4.0309745e-16,3.787875e-17,2.7960512e-18
2.7407932e-15,3.2530053e-14,1.2379049e-16,1.4822072e-14,1.0076493e-18,1.6852436e-18,1.2461526e-25,1.2230629e-16
2.0888105e-12,9.0446664e-11,8.326808e-15,2.8362953e-24,2.9568518e-12,2.2519514e-17,3.4916614e-15,1.2893145e-18
2.610445e-18,4.7568676e-15,7.125332e-17,1.0288546e-15,1.5174783e-14,3.9564327e-16,7.2933456e-13,2.6861576e-18
3.136568e-19,1.507884e-19,2.2067535e-16,5.955572e-25,1.793731e-10,1.0473156e-15,4.738697e-17,2.2660396e-18
2.550805e-15,3.8369488e-14,1.864877e-16,1.2526463e-14,1.7345851e-18,1.2975841e-18,1.754015e-25,2.1995846e-16
8.4083185e-14,4.671974e-12,2.6130892e-15,4.913911e-25,1.8346829e-13,1.522898e-17,1.0068132e-15,8.626842e-19
1.114894e-18,6.477878e-15,1.0777488e-16,9.857253e-16,2.1493591e-14,3.437067e-16,1.4728721e-12,4.5682104e-18
5.3350135e-19,9.193842e-20,4.0112481e-16,2.6049063e-24,3.8712047e-10,4.123893e-15,5.993841e-17,1.9549764e-18
3.3575007e-15,5.627992e-15,2.8740225e-17,5.4082795e-15,6.893122e-20,1.5451042e-18,2.7570313e-26,4.7248524e-17
2.9351944e-13,1.0366909e-11,3.1115838e-15,4.6513157e-25,3.7745837e-13,1.0148249e-17,2.160962e-15,4.5849505e-19
1.367446e-18,8.884185e-15,6.754887e-16,1.1854835e-15,3.2926756e-14,4.8274086e-16,1.6356656e-12,1.6829765e-17
3.5622598e-19,3.431283e-20,2.2269478e-16,1.9367401e-24,3.1989034e-10,6.9888295e-15,3.856165e-17,1.154443e-18
2.6111961e-15,1.2132871e-14,6.045392e-17,1.1213282e-14,2.1221702e-19,2.0173878e-18,3.5237018e-26,4.1286583e-17
1.0753916e-12,4.2355695e-11,5.1333644e-15,1.7269609e-24,1.5884924e-12,1.629555e-17,2.1135062e-15,6.69679e-19
8.873871e-19,6.2309976e-15,8.741508e-16,7.604436e-16,2.2316572e-14,3.2769217e-16,8.3919953e-13,1.9680868e-17
5.5278697e-19,3.9367028e-20,2.3451105e-16,3.5400212e-24,3.5830122e-10,9.454857e-15,5.96708e-17,1.4762115e-18
1.6826316e-15,2.6798381e-14,1.09290577e-16,9.3341235e-15,8.6278624e-19,1.2589e-18,1.1940964e-25,1.2138227e-16
1.7601865e-12,6.926009e-11,5.5018576e-15,1.5625615e-24,2.1865719e-12,1.3226828e-17,1.5568389e-15,5.541995e-19
7.8798285e-19,6.8715328e-15,1.2242539e-15,6.1308827e-16,3.998183e-14,4.339957e-16,1.3962544e-12,2.5157817e-17
2.64952e-19,1.06537793e-19,7.638623e-17,1.3818429e-22,6.022867e-10,2.4312402e-14,2.7513197e-16,1.6198363e-18
8.0366354e-16,3.1227747e-14,1.1677495e-16,4.40432e-15,1.4851359e-18,3.1395844e-19,6.9207143e-26,1.2901375e-16
3.5805285e-12,1.08637696e-10,7.015996e-15,3.6117152e-24,4.2805607e-12,2.0105053e-17,1.6841664e-15,4.8671933e-19
7.734732e-19,2.9523066e-14,3.7070414e-15,6.0550653e-16,1.4120092e-13,4.800838e-15,1.5617723e-12,1.9400236e-16
1.7490826e-19,3.6584108e-20,6.224434e-17,1.8697712e-23,4.2809079e-10,1.2921558e-14,8.8475146e-17,6.374491e-19
6.956641e-16,4.126767e-14,1.7029912e-16,3.6983826e-15,2.9245858e-18,2.7635592e-19,1.3188079e-25,2.1912434e-16
8.3845925e-12,3.9357467e-10,5.5500695e-14,4.9407387e-23,2.3048253e-11,9.044588e-17,1.003845e-15,3.6959497e-19
3.1585046e-19,1.0973142e-14,1.7743208e-15,3.3995262e-16,6.7429366e-14,1.1187769e-15,1.3708347e-12,5.9774685e-17
3.293696e-20,2.2822596e-20,1.0734441e-17,8.368967e-23,3.104466e-10,7.0213233e-15,9.2053655e-17,2.0510721e-19
3.0095967e-16,1.8465173e-13,3.7691389e-16,6.6074536e-16,7.799837e-17,2.8972224e-20,1.1989901e-24,9.900628e-16
5.4511005e-12,2.0016472e-10,1.942562e-14,1.0576578e-23,1.1649628e-11,2.5661252e-17,6.54971e-16,1.7716658e-19
1.1079867e-19,1.6171475e-14,1.3643739e-15,1.03190424e-16,9.301995e-14,3.79388e-15,8.617412e-13,7.608378e-17
6.6602503e-21,5.877897e-21,2.577927e-18,3.1598477e-23,1.026004e-10,1.9243545e-15,3.567676e-17,7.563138e-20
1.6577389e-16,9.227776e-14,1.8317115e-16,7.188593e-16,2.0926134e-17,3.1094278e-20,2.1913e-25,3.2270407e-16
2.5061901e-12,2.335222e-10,3.005716e-14,1.00684755e-23,1.28708814e-11,2.2913616e-17,1.8020756e-16,3.79238e-20
5.010097e-20,7.529333e-15,4.9373646e-16,3.1612805e-17,4.8865724e-14,3.2159946e-15,2.6063122e-13,3.253987e-17
3.918738e-20,1.350086e-20,2.5049223e-17,1.1414214e-23,1.05538946e-10,2.047785e-15,3.500687e-17,4.040775e-19
6.173993e-17,9.673597e-14,7.85292e-17,6.4316045e-17,4.308186e-17,2.0107927e-21,4.307856e-25,3.8561966e-16
5.5332556e-13,9.399889e-11,1.1999434e-14,2.56734e-24,4.286541e-12,1.2855631e-17,5.1834383e-17,1.0032643e-20
4.735548e-19,7.970814e-15,5.8340834e-16,1.4628713e-16,2.5045341e-14,1.970989e-15,2.2282896e-13,2.3865054e-17
2.973473e-20,1.9175349e-20,3.9272292e-17,4.399124e-26,2.0791684e-11,1.10219196e-16,7.278874e-18,5.6488004e-19
3.173326e-17,3.811318e-14,2.1837653e-17,1.3919777e-17,1.108584e-17,3.7594773e-22,1.5670734e-25,2.4180575e-16
3.8610006e-13,5.87823e-11,8.964938e-15,2.8213174e-24,1.8537277e-12,2.7075471e-17,2.2845117e-16,1.4945751e-19
4.6391913e-19,1.1370022e-15,1.646482e-17,2.6404934e-16,4.4240044e-15,8.846908e-17,2.8116422e-13,4.752614e-19
3.83865e-20,1.6997167e-20,5.3076153e-17,3.9052973e-25,3.037661e-11,3.0231514e-16,8.179207e-18,8.3681866e-19
2.6674028e-16,2.1409347e-14,3.468426e-17,1.460808e-16,2.1265478e-18,1.3665373e-20,1.5866105e-25,2.9145318e-16
3.088702e-14,1.5261353e-12,5.700437e-16,4.6579898e-26,5.3156572e-14,2.6485918e-18,2.6898622e-16,1.4495814e-19
1.4931798e-18,2.6668546e-15,1.02382315e-16,4.4186387e-16,5.8329293e-15,1.8758647e-16,2.316953e-13,1.4473223e-18
8.910496e-21,6.804604e-21,7.378032e-18,1.0319321e-23,1.6560807e-11,3.3969595e-16,2.0813087e-17,8.207771e-19
7.8049904e-16,1.7650384e-15,7.192398e-18,1.842575e-15,1.2417522e-20,3.2305583e-19,2.5222067e-27,1.0101362e-17
5.031708e-14,5.6877853e-12,2.094844e-15,2.1605803e-25,1.8674641e-13,7.55487e-18,2.469383e-16,4.7640304e-19
1.3834964e-18,4.0399203e-15,2.5600155e-16,1.2535676e-16,1.1312012e-14,1.9476176e-15,4.897032e-14,8.527381e-18
4.6911377e-19,5.941722e-20,4.1483947e-16,1.1337962e-24,2.1878044e-10,2.9550487e-15,2.2113618e-17,1.5496968e-18
9.756321e-16,3.2325373e-15,1.12876835e-17,1.3265293e-15,3.8573067e-20,2.4784293e-19,8.433849e-27,3.6303617e-17
6.736329e-14,2.6486516e-11,7.8484955e-15,3.6954327e-24,9.165842e-13,6.774264e-17,7.391671e-17,1.9075697e-19
1.3390803e-18,7.271946e-15,4.0428168e-16,9.41343e-16,1.8704077e-14,3.1194495e-16,1.2437697e-12,5.53549e-18
5.477366e-19,4.183012e-20,4.0131153e-16,8.81238e-25,2.2864236e-10,2.240258e-15,2.4067829e-17,2.0097836e-18
3.673059e-16,9.351481e-15,1.5890641e-17,6.2845107e-17,3.310716e-19,9.01161e-21,6.025334e-26,3.2050562e-16
5.9316647e-13,2.3753229e-11,3.4888787e-15,5.849455e-25,7.2266845e-13,8.516166e-18,1.808488e-15,8.075437e-19
8.3251065e-19,4.765749e-15,3.7749087e-16,5.240662e-16,1.8047707e-14,2.5681338e-16,1.3098072e-12,4.8833385e-18
6.3336977e-19,1.0582571e-19,4.578159e-16,1.7651784e-24,3.284766e-10,1.7489728e-15,5.140747e-17,3.727327e-18
1.6765321e-15,1.4175566e-14,6.58385e-17,8.889236e-15,3.2646143e-19,1.2499087e-18,5.340818e-26,7.4989124e-17
9.159707e-13,3.4010655e-11,2.2358271e-15,5.413743e-25,8.9191875e-13,9.281135e-18,1.9886085e-15,4.273171e-19
8.0902374e-19,6.344665e-15,6.262258e-16,6.998724e-16,3.2093784e-14,6.7117615e-16,2.5024692e-12,5.0296725e-18
2.478486e-19,1.2394481e-19,1.9325486e-16,3.2281358e-24,6.415248e-10,1.4938942e-15,6.025683e-17,4.8849035e-18
1.6170111e-15,1.3109479e-14,7.523124e-17,7.7378476e-15,2.4170117e-19,1.0314703e-18,6.220632e-26,7.49045e-17
5.485046e-13,5.816454e-11,2.2188255e-15,8.647738e-25,1.3525478e-12,1.7561645e-17,2.15193e-15,5.4186767e-19
3.6983897e-19,7.898654e-15,3.907314e-15,8.071938e-16,4.9246353e-14,2.1718213e-15,4.167428e-12,2.1244395e-18
7.776063e-19,4.3478045e-19,5.241342e-16,2.3263199e-23,1.2744793e-09,5.455732e-15,1.9831457e-16,8.862813e-18
1.7499472e-15,8.454066e-15,6.568422e-17,7.904984e-15,1.9317645e-19,1.6191565e-18,2.539181e-25,1.5019388e-16
5.1651886e-14,4.3903328e-10,1.810759e-15,3.5312528e-25,3.0625938e-12,4.3047194e-17,8.18037e-16,8.0218296e-19
1.2617462e-18,2.4553752e-14,8.175509e-15,2.2165582e-15,1.2258791e-13,5.448452e-15,6.856579e-12,1.437737e-17
2.9210164e-19,1.8714734e-19,2.3614847e-16,5.317243e-24,7.740465e-10,2.304645e-15,8.7007165e-17,3.6911607e-18
6.3991084e-16,1.4003408e-15,1.485607e-17,1.817264e-15,3.9795233e-20,6.280454e-19,1.7216065e-24,6.7012726e-16
2.3064767e-13,5.5481864e-10,6.47037e-15,3.5537407e-24,8.069538e-12,1.1804468e-16,2.1005814e-15,1.9109866e-18
6.086458e-19,1.3441626e-14,3.287227e-15,1.3191618e-15,6.673817e-14,2.2722754e-15,4.3286564e-12,5.253687e-18
2.2535473e-19,9.110922e-20,1.9903682e-16,1.0757686e-24,3.016445e-10,1.1985795e-15,4.8587762e-17,1.3863441e-18
1.4917871e-15,6.7221433e-15,6.1384617e-17,5.1579004e-15,3.8096364e-19,1.8469847e-18,5.17374e-24,1.5203689e-15
8.61164e-14,2.6112126e-10,3.3229956e-15,7.347868e-25,3.5550232e-12,4.367708e-17,1.0219312e-15,9.103006e-19
7.138928e-19,6.640964e-15,4.696319e-16,9.084114e-16,2.6352034e-14,4.5065795e-16,2.0975418e-12,5.7963217e-18
3.1952607e-19,1.7262604e-19,2.9423365e-16,2.1332197e-24,4.2130838e-10,2.0607465e-15,8.5697453e-17,1.3967163e-18
8.908072e-16,3.2498719e-15,2.2763248e-17,2.8100951e-15,1.1579798e-19,9.945241e-19,1.1305052e-24,5.757608e-16
1.9217633e-13,3.6937727e-11,2.4718253e-15,4.0372037e-25,9.753285e-13,1.0756042e-17,1.1554361e-15,4.464531e-19
1.2780567e-18,1.26922415e-14,7.8368536e-16,1.7794451e-15,3.3246267e-14,7.2512225e-16,2.2337462e-12,1.3254558e-17
8.902729e-18,1.5772745e-18,4.351282e-15,4.184697e-23,1.4137987e-09,1.9412359e-14,8.3559493e-16,2.5787448e-17
1.3529819e-15,7.103249e-15,2.709996e-17,4.7798234e-15,1.4282678e-19,1.1768172e-18,1.0788543e-25,7.7403485e-17
1.9750289e-13,4.3017284e-11,3.949137e-15,7.7280137e-25,1.2573488e-12,1.7195846e-17,1.4798392e-15,1.0025805e-18
1.4631048e-17,4.7889234e-14,5.6942675e-15,8.072681e-15,2.358702e-13,4.73117e-15,1.1442491e-11,1.502489e-16
9.967618e-18,1.9251886e-18,5.399972e-15,6.995389e-23,1.3532415e-09,4.0183507e-14,7.329173e-16,2.5044731e-17
1.7020245e-15,8.017411e-15,2.7804915e-17,5.13644e-15,2.5682772e-19,1.950544e-18,2.1216458e-25,1.146973e-16
3.9619232e-12,1.8825337e-10,2.0305059e-14,4.0768114e-23,7.339121e-12,2.1424847e-16,1.6403533e-14,8.950197e-18
2.7347647e-17,7.463465e-14,7.27894e-15,1.3946773e-14,2.5651467e-13,4.896889e-15,1.01977e-11,2.7612978e-16
8.4840325e-18,5.6569734e-19,4.09522e-15,6.2079825e-23,1.2329138e-09,5.1448056e-14,3.555898e-16,1.4345431e-17
1.37645835e-14,8.5468735e-14,6.399597e-16,5.9000005e-14,4.7259496e-18,2.5202675e-17,7.9345555e-24,1.3653372e-15
5.9394347e-12,1.4627528e-10,3.7042374e-14,7.305254e-23,8.097275e-12,2.0798731e-16,2.0607002e-14,1.6309418e-17
2.6156497e-17,5.918383e-14,1.3002351e-14,8.793855e-15,1.8354774e-13,2.5121782e-15,6.1695475e-12,3.3330998e-16
1.3129827e-21,3.6956075e-21,9.190624e-18,7.05059e-27,1.6043876e-11,1.1564612e-19,5.158702e-17,3.0965291e-18
1.7087423e-14,1.6743991e-13,1.125476e-15,8.799967e-14,1.2793304e-17,2.5278161e-17,5.7149797e-24,1.5031777e-15
7.278119e-12,2.2270395e-10,3.7821773e-14,5.7083376e-23,9.574445e-12,1.7982302e-16,1.4805062e-14,1.4324705e-17
2.602698e-19,7.853207e-20,1.4596206e-17,5.266113e-16,1.9340669e-17,8.455821e-19,3.3700118e-15,3.6177604e-21
1.13953e-21,3.820446e-21,1.7781066e-17,7.696175e-27,2.4755056e-11,1.1627293e-19,5.8144616e-17,3.0733577e-18
1.154441e-14,1.6223974e-13,9.754498e-16,4.93785e-14,1.2749506e-17,1.088254e-17,4.3984403e-24,1.5872241e-15
4.8656154e-19,1.6522676e-13,1.9567316e-16,2.4762482e-25,2.6605014e-17,4.955126e-21,1.0668287e-21,9.541902e-20
1.4251548e-19,1.0546984e-19,2.0312115e-17,6.526291e-16,1.15095226e-17,1.0722525e-18,3.8332747e-15,5.62585e-21
3.0293907e-20,6.26571e-20,2.2601013e-17,5.4878513e-24,4.650619e-12,4.0078965e-17,2.494195e-17,1.7378578e-17
2.7732911e-15,4.6969726e-20,1.5156403e-19,1.7388698e-20,2.0323236e-21,4.9161367e-20,1.8598226e-27,1.0874572e-17
4.2565117e-19,1.12999847e-13,1.6171767e-16,3.5048013e-25,2.5108057e-17,5.5502615e-21,9.68831e-22,8.964402e-20
6.3018914e-17,6.295266e-15,1.1448749e-16,1.6861978e-15,1.574924e-14,4.4722085e-16,3.0129442e-13,1.6488446e-18
4.2923e-20,5.581263e-20,5.0944413e-17,6.4381364e-24,9.52394e-12,8.787844e-17,2.0815707e-17,1.1660529e-17
2.2803683e-15,5.167301e-20,1.2469982e-19,1.646624e-20,3.405995e-21,6.230198e-20,1.4832268e-27,1.10080915e-17
7.401412e-15,3.680971e-12,8.419564e-15,2.0182361e-24,1.9908004e-13,1.09002036e-16,1.7934417e-16,2.524365e-18
3.7301594e-17,8.310053e-15,2.2530092e-16,1.7554832e-15,1.4538409e-14,5.732799e-16,3.433908e-13,2.5111299e-18
1.7767206e-20,4.254026e-20,1.739755e-17,2.790321e-24,3.5380648e-12,2.3795058e-17,1.7490779e-17,1.26767125e-17
1.9846988e-14,2.7213216e-15,1.12133505e-17,1.2835945e-15,9.085027e-21,7.389549e-19,3.3314936e-26,1.3456721e-16
1.4450992e-14,5.1611853e-12,7.252195e-15,2.1698404e-24,3.0072258e-13,8.6481025e-17,2.4419547e-16,2.6856764e-18
2.9881688e-17,4.118092e-15,6.415359e-17,1.0889777e-15,9.933774e-15,3.6124597e-16,2.3332332e-13,7.860824e-19
8.819696e-21,2.3225553e-20,9.237019e-18,1.0306805e-24,2.5812167e-12,8.322762e-18,1.1962396e-17,8.460859e-18
1.27610325e-14,3.6196763e-15,1.34304055e-17,1.9088256e-15,1.6747892e-20,8.4649554e-19,4.1071972e-26,1.6013816e-16
3.662162e-15,2.2783676e-12,5.8528333e-15,1.112418e-24,1.0144553e-13,6.600497e-17,1.1201043e-16,1.4303567e-18
1.837288e-17,1.0294907e-15,3.804688e-17,7.0391e-16,4.1957913e-15,1.2830552e-16,1.1118388e-13,2.677144e-19
9.861375e-19,8.1519134e-20,6.020517e-16,1.365665e-23,5.1421084e-10,1.4343868e-14,7.941882e-17,2.4877515e-18
1.5147976e-14,1.9132069e-15,7.533488e-18,7.191803e-16,6.1096913e-21,5.4888283e-19,1.6241483e-26,8.790425e-17
1.228497e-15,1.5565147e-12,3.6832614e-15,4.649346e-25,3.3170068e-14,1.7248995e-17,2.6151709e-17,9.601643e-19
3.7690054e-18,1.7566765e-14,3.4848483e-15,1.3908115e-15,5.2710525e-14,1.0273251e-15,1.3223406e-12,8.252077e-17
2.560218e-18,1.1889593e-19,1.3681577e-15,1.3494045e-23,7.7835466e-10,2.0725058e-14,9.6987635e-17,3.854707e-18
1.0183787e-14,4.0846094e-16,3.670324e-18,1.6067417e-16,2.8781638e-21,2.6136718e-19,8.4994455e-27,4.4554677e-17
3.0197231e-12,1.2734774e-10,1.4972381e-14,7.5971565e-24,3.636976e-12,4.5230762e-17,3.1359883e-15,2.0490556e-18
4.4989998e-18,2.091615e-14,4.6521197e-15,2.2511377e-15,6.5952974e-14,8.437307e-16,2.6785635e-12,7.574612e-17
4.0401545e-21,8.6025475e-21,4.0570876e-18,6.923675e-25,1.4634323e-12,8.537894e-18,3.2905216e-18,2.7720177e-18
1.7707776e-15,5.538015e-14,2.6376143e-16,6.1670788e-15,4.4970782e-18,7.531874e-19,6.104134e-25,4.3366147e-16
4.656797e-12,1.6179252e-10,1.2609259e-14,8.794687e-24,5.386946e-12,4.366475e-17,5.4150096e-15,2.897159e-18
1.2036688e-17,1.8649777e-15,2.1932826e-17,3.4307537e-16,3.2220235e-15,1.1331608e-16,5.5812905e-14,2.208502e-19
1.6669128e-18,1.1504595e-19,7.939613e-16,1.5262491e-23,7.395222e-10,2.3724939e-14,1.3487709e-16,2.858615e-18
3.4403224e-15,5.5124586e-14,3.195558e-16,1.541725e-14,3.9397566e-18,2.3314698e-18,7.1103425e-25,4.918791e-16
1.7560861e-15,1.2372322e-12,1.874378e-15,1.4047692e-25,5.309416e-14,2.0303749e-17,3.925432e-17,4.4107845e-19
3.1686795e-18,1.816953e-14,4.282988e-15,1.7478456e-15,7.912877e-14,1.0361412e-15,2.497086e-12,1.0258873e-16
3.1732642e-18,2.3414242e-19,1.56096e-15,2.2665178e-23,1.015652e-09,3.567151e-14,2.1417494e-16,5.293035e-18
4.443353e-15,4.4173075e-16,1.8754337e-18,2.790545e-16,1.0267853e-21,9.957536e-20,2.313801e-27,2.673687e-17
5.687427e-12,1.767374e-10,1.5864529e-14,1.26652675e-23,6.4959518e-12,4.9157878e-17,4.00894e-15,2.0436068e-18
6.5582535e-18,2.930762e-14,5.639898e-15,3.1677658e-15,9.9481695e-14,1.7541711e-15,2.878671e-12,1.6108412e-16
5.436412e-22,3.1705732e-21,3.3943932e-17,2.6170934e-27,2.474099e-11,6.434e-20,4.3921855e-17,1.6184463e-18
1.8610616e-15,7.5243265e-14,3.6141416e-16,8.875683e-15,7.788207e-18,1.044047e-18,7.707112e-25,5.4582475e-16
5.9428907e-12,1.9659216e-10,2.1651096e-14,1.8963563e-23,6.315818e-12,8.020461e-17,7.620702e-15,4.65863e-18
3.4879916e-20,6.2027844e-20,1.2947465e-17,3.5445084e-16,2.9183337e-18,1.6624739e-18,2.0552744e-15,7.808902e-21
2.8201825e-20,4.9810358e-20,3.8208763e-17,3.1385831e-24,7.495729e-12,6.272846e-17,2.0189982e-17,8.829506e-18
3.9425437e-15,9.455962e-14,5.517976e-16,1.614217e-14,9.967694e-18,2.526099e-18,1.4867016e-24,8.300639e-16
2.017179e-19,3.37173e-14,4.676206e-17,3.1495434e-25,9.569652e-18,4.2384573e-21,7.8458626e-22,4.2884862e-20
3.118984e-17,5.919746e-15,1.2385236e-16,1.4705428e-15,9.649543e-15,5.357456e-16,2.0311808e-13,1.8226346e-18
9.7042994e-20,7.607612e-20,1.1823577e-16,9.618628e-24,2.934313e-11,3.588452e-16,3.5094044e-17,9.056425e-18
1.1421797e-15,3.3919158e-20,8.2122776e-20,1.3602701e-20,2.825544e-21,7.2293337e-20,9.907255e-28,7.759857e-18
8.2247755e-15,3.3725247e-12,5.50339e-15,1.3499752e-24,1.6463001e-13,8.224265e-17,1.8547248e-16,2.5458725e-18
3.388455e-17,1.13745395e-14,5.595728e-16,2.4080346e-15,1.5688527e-14,8.546799e-16,3.1450602e-13,8.351225e-18
1.6165268e-19,8.530008e-20,1.7459656e-16,1.3837251e-23,5.3965853e-11,7.8762645e-16,3.94433e-17,7.851058e-18
1.1520653e-14,2.2395657e-15,9.016094e-18,1.3851779e-15,1.0398249e-20,7.5347763e-19,2.443918e-26,1.2498098e-16
4.463461e-14,1.2202582e-11,9.879166e-15,3.5126734e-24,4.9825167e-13,1.0259226e-16,5.007509e-16,4.61716e-18
2.7418675e-17,1.4672962e-14,9.33964e-16,2.6298895e-15,1.7786079e-14,8.8649854e-16,3.803876e-13,1.4250909e-17
6.009268e-18,4.9212237e-19,2.8561995e-15,1.7752207e-23,1.17469e-09,1.5498123e-14,3.478883e-16,1.389251e-17
1.0558847e-14,5.6771977e-15,2.8039246e-17,2.8113498e-15,6.6526615e-20,1.1651631e-18,9.71742e-26,2.5563168e-16
9.5083026e-14,2.0829194e-11,1.14827005e-14,4.376532e-24,8.029523e-13,9.1795224e-17,7.658058e-16,4.6332868e-18
6.8276257e-18,2.424609e-14,3.858391e-15,3.4804376e-15,1.1733596e-13,1.992329e-15,5.8580467e-12,1.00751585e-16
4.193945e-18,6.1031516e-19,2.435314e-15,3.215834e-23,1.7281832e-09,1.8684962e-14,3.290161e-16,1.0349195e-17
9.1884305e-15,8.080415e-15,4.3210234e-17,3.735033e-15,1.436546e-19,1.1765928e-18,1.4744897e-25,2.9533792e-16
4.887463e-12,1.6740505e-10,1.0831491e-14,1.9228644e-23,5.935629e-12,1.1471394e-16,1.1926236e-14,3.6691763e-18
5.595124e-18,3.8648816e-14,4.2844587e-15,4.9251586e-15,1.143975e-13,2.3579214e-15,5.293586e-12,1.3313142e-16
8.405041e-19,2.2473063e-19,5.8809175e-16,9.2906705e-24,1.0630044e-09,5.184433e-15,1.6050999e-16,5.188045e-18
9.230412e-15,6.04893e-14,5.2437417e-16,4.4558483e-14,3.117603e-18,1.1480276e-17,2.5211815e-24,8.0823836e-16
3.5121925e-12,1.6168733e-10,1.17581006e-14,2.1296515e-23,8.253138e-12,9.8882805e-17,1.0185225e-14,2.8312016e-18
1.4857932e-18,1.5270947e-14,4.4012632e-15,2.0211038e-15,8.1571014e-14,1.8934653e-15,4.4153114e-12,2.4121508e-17
3.482916e-18,2.983063e-19,1.8910616e-15,2.124126e-23,1.2899821e-09,2.3118973e-14,2.2765604e-16,6.976911e-18
9.359761e-15,5.900709e-14,4.6232276e-16,4.9364186e-14,3.9821087e-18,1.0292932e-17,1.6721236e-24,8.537415e-16
4.687557e-13,2.5263067e-10,4.8419995e-15,3.0961773e-24,5.6136883e-12,6.4986366e-17,2.291303e-15,1.2717683e-18
5.587915e-18,2.918524e-14,4.204604e-15,3.8133372e-15,8.842197e-14,1.5360796e-15,3.3397501e-12,1.0774075e-16
3.893231e-19,1.0892497e-19,3.843229e-16,2.3009448e-24,5.050766e-10,2.6909e-15,5.9658734e-17,1.5614223e-18
2.0049547e-15,1.0938871e-14,7.6825154e-17,8.557146e-15,4.5395274e-19,2.02506e-18,1.5972081e-24,7.211912e-16
4.3918528e-12,1.8415011e-10,1.4116153e-14,1.4554351e-23,6.5092974e-12,7.8249896e-17,8.439758e-15,3.2645783e-18
1.0898655e-18,9.485601e-15,6.22071e-16,1.3141493e-15,3.1727503e-14,5.4523585e-16,1.6759238e-12,1.738017e-17
2.5048433e-19,8.422112e-20,2.3051626e-16,5.3925126e-25,2.0961684e-10,1.1501327e-15,4.0133122e-17,1.4994814e-18
6.1770615e-15,7.0331754e-14,4.3006676e-16,3.0025705e-14,4.47999e-18,5.354385e-18,1.1604619e-24,6.530524e-16
5.153107e-13,3.6315777e-11,3.2756856e-15,1.2445951e-24,1.5811288e-12,1.4605343e-17,1.9035827e-15,4.756622e-19
8.3888336e-19,5.06967e-15,1.7220536e-16,8.4655173e-16,2.2003253e-14,2.9922765e-16,1.4798895e-12,6.459878e-18
7.6003645e-19,8.5955646e-20,5.106487e-16,3.8537693e-24,4.36237e-10,1.327806e-14,6.985224e-17,1.9154897e-18
1.924039e-15,1.727612e-14,7.004943e-17,1.13878675e-14,4.4224265e-19,1.838984e-18,1.0546068e-25,1.1543076e-16
3.474783e-13,1.374616e-11,2.0208802e-15,4.197787e-25,5.3580664e-13,8.393959e-18,1.6969613e-15,3.1669742e-19
2.015296e-18,1.2253944e-14,1.36126e-15,1.4679423e-15,4.2508592e-14,7.410901e-16,1.2618005e-12,3.688376e-17
6.821088e-19,1.1900165e-19,3.329211e-16,4.0214684e-23,8.228531e-10,2.965739e-14,1.7199789e-16,1.7903501e-18
1.918293e-15,1.4122374e-14,5.2879317e-17,1.0488514e-14,1.8664399e-19,1.6130841e-18,3.6188137e-26,4.4474527e-17
1.9272518e-12,6.9777344e-11,7.767658e-15,3.3387362e-24,2.3264175e-12,2.7110097e-17,3.084685e-15,1.4260255e-18
1.8677728e-18,2.82633e-14,4.094564e-15,1.1469168e-15,1.0128391e-13,2.8789195e-15,1.5534926e-12,1.9450701e-16
5.533874e-22,1.9274195e-21,1.3023503e-17,2.0592095e-27,1.7142551e-11,7.044593e-20,3.376584e-17,1.2434315e-18
1.541933e-15,4.356798e-14,2.0680533e-16,8.751088e-15,2.4379873e-18,9.896988e-19,1.7157182e-25,2.5917144e-16
4.830329e-12,2.2737377e-10,2.7374719e-14,1.6479475e-23,7.605612e-12,5.9784035e-17,2.871494e-15,1.1017874e-18
5.0327772e-20,4.9325546e-20,1.0258242e-17,3.1971433e-16,4.3005807e-18,7.0888877e-19,1.9782956e-15,3.409674e-21
1.0738432e-21,4.4525872e-21,2.79871e-17,7.241566e-26,1.3922024e-11,1.4477964e-19,2.1272787e-17,9.801785e-18
8.952016e-16,1.4117211e-13,4.1123606e-16,2.9215242e-15,2.3465322e-17,2.2028476e-19,1.2317574e-24,7.3607793e-16
1.7061164e-19,4.8560975e-14,6.402792e-17,1.5129266e-25,1.067584e-17,2.970433e-21,4.410054e-22,4.2540584e-20
2.6717675e-19,5.5496106e-19,9.7942406e-17,4.812607e-16,6.082774e-17,3.3483252e-18,2.7771037e-14,4.01384e-21
2.1866772e-22,7.3089924e-22,5.1672666e-18,6.265852e-28,7.961785e-12,2.972078e-20,1.4641378e-17,7.804532e-19
1.2671505e-15,2.0754227e-20,5.565784e-20,7.471856e-21,1.6730325e-21,3.574455e-20,5.481647e-28,6.722799e-18
1.7440932e-18,6.5765584e-13,1.03122e-15,3.5211235e-25,1.1781884e-16,8.240201e-21,5.280604e-21,2.6009906e-19
4.1698204e-20,2.3752579e-20,3.805949e-18,1.8136962e-16,2.1228112e-18,3.3125856e-19,5.9999515e-16,1.3699658e-21
1.6122932e-22,3.8115353e-22,5.4900634e-19,1.2975675e-28,2.1552603e-12,1.570165e-20,6.7887987e-18,2.9464543e-19
5.778293e-15,6.7178734e-19,6.1104194e-19,2.5948745e-20,5.0481565e-21,7.1544376e-20,5.0154524e-27,1.528357e-17
9.402716e-20,2.7299686e-14,3.152381e-17,4.452321e-26,4.445686e-18,1.6322642e-21,2.6300908e-22,2.37688e-20
6.34264e-20,6.859176e-21,4.85227e-19,7.1425306e-17,2.4937661e-18,9.049336e-20,1.3492701e-16,1.9533473e-22
1.9773929e-20,4.2495005e-20,2.7235206e-17,2.783018e-24,3.7718075e-12,2.8486125e-17,1.5088062e-17,1.073997e-17
5.9782474e-16,1.0284714e-20,2.836983e-20,4.460611e-21,5.152238e-22,1.3847146e-20,1.6025511e-28,3.0046728e-18
6.715462e-20,2.5011878e-14,1.7570223e-17,5.5342826e-27,1.9601815e-18,5.9409445e-22,1.4913836e-22,1.4393867e-20
2.9439183e-17,4.3317557e-15,7.5574106e-17,1.1036147e-15,7.520262e-15,4.4793283e-16,1.7506333e-13,8.106827e-19
3.065296e-22,1.0372295e-21,5.0553524e-18,1.0539823e-27,9.216211e-12,3.5863233e-20,1.6702236e-17,8.565326e-19
3.249647e-16,1.66789e-21,1.3762311e-20,2.1682221e-21,6.88213e-23,3.6027076e-21,5.903333e-29,1.2642129e-18
4.460676e-15,2.0175903e-12,4.8297133e-15,1.0084038e-24,8.594411e-14,6.5060535e-17,1.1583747e-16,2.02235e-18
3.8945214e-20,3.0266532e-20,4.2487433e-18,2.0294156e-16,2.6737368e-18,3.22738e-19,8.7180305e-16,1.1644724e-21
1.4195289e-18,2.6178628e-19,1.1209341e-15,1.0081273e-23,5.499794e-10,1.2247589e-14,9.395524e-17,4.6496823e-18
1.0963518e-14,1.4348019e-15,6.4794005e-18,7.596927e-16,5.8839764e-21,5.6720126e-19,2.029537e-26,9.105307e-17
1.2408579e-19,3.652189e-14,3.7732512e-17,4.4959103e-26,6.305279e-18,1.3969327e-21,2.7424566e-22,2.3497264e-20
6.3185936e-18,2.7006245e-14,2.2982797e-15,4.431453e-15,6.1321865e-14,8.3030135e-16,3.1500809e-12,4.8109526e-17
5.05759e-18,1.4090892e-18,2.7537674e-15,2.9792376e-22,3.6100003e-09,7.767988e-14,5.6828944e-16,1.0412674e-17
7.920797e-16,8.1150804e-21,2.9482068e-20,4.43029e-21,5.8936775e-22,1.29398416e-20,2.1114372e-28,3.1269882e-18
1.3721295e-12,4.8699992e-11,1.109944e-14,5.486407e-24,2.4880198e-12,3.7729346e-17,4.1784296e-15,3.337893e-18
9.5659285e-18,1.6246764e-13,1.4261074e-14,1.39184445e-14,3.2866976e-13,6.5662735e-15,9.669935e-12,5.5817e-16
2.087223e-18,1.9764749e-18,1.7111712e-15,4.152417e-23,6.132936e-10,6.0253214e-15,5.142515e-16,2.9554177e-17
4.682994e-15,3.8619044e-14,2.1621898e-16,2.5325494e-14,2.0023605e-18,3.519243e-18,3.2192063e-25,3.2153672e-16
5.4426645e-12,2.585664e-10,3.9573576e-14,1.1782748e-22,2.9641827e-11,2.1201509e-16,1.12882175e-14,4.3118994e-18
2.2287485e-17,4.449767e-14,1.5657728e-15,1.39067165e-14,9.994156e-14,5.4064436e-15,2.57853e-12,8.698891e-17
1.4480063e-19,2.5822958e-19,1.5017898e-16,9.951207e-25,2.5006525e-11,1.5884527e-16,1.1531634e-16,8.220936e-18
1.0339897e-14,1.8155474e-13,9.630893e-16,7.360843e-14,2.9095317e-17,1.1263339e-17,2.926776e-24,2.5398431e-15
1.8058046e-13,2.6119135e-11,1.6506856e-14,5.351105e-23,1.5990589e-12,2.1747548e-16,4.4003904e-15,7.602485e-18
9.508809e-18,4.417596e-15,5.4726097e-17,1.7302788e-15,1.5995423e-14,1.031468e-15,4.8355346e-13,3.6428455e-18
8.1312475e-23,4.9481536e-22,8.544704e-18,2.7013936e-28,7.490812e-12,1.4674234e-20,8.1707875e-18,3.5153633e-19
4.3872603e-14,2.309002e-14,3.448704e-16,3.0896916e-14,2.0165954e-18,3.3490806e-17,9.499747e-25,1.5951999e-15
1.7105358e-14,2.3196336e-12,2.6468077e-15,2.6563544e-24,1.2082577e-13,5.9468555e-17,5.8717716e-16,1.8228641e-18
9.41538e-21,9.812582e-21,2.718682e-18,4.7847617e-17,1.4185923e-18,6.377094e-19,7.739466e-16,1.4802356e-21
6.1167775e-22,3.3144653e-21,4.5950932e-17,3.9536045e-27,2.4181468e-11,8.87864e-20,3.813872e-17,1.9560729e-18
1.177983e-14,2.8795895e-15,2.0302045e-17,3.1179643e-15,4.082529e-20,4.0512415e-18,6.4201525e-26,1.424108e-16
6.248524e-20,2.0899442e-14,1.9886292e-17,3.3342272e-26,3.0429218e-18,1.1387869e-21,4.413723e-22,8.722299e-21
3.9915187e-20,5.622484e-20,1.6779445e-17,2.195653e-16,6.767055e-18,3.1536664e-18,3.621831e-15,8.6479205e-21
8.884798e-22,4.5542493e-21,4.4552126e-17,1.5381176e-26,2.5179735e-11,1.1377157e-19,3.9045387e-17,4.363925e-18
4.9719336e-16,3.8703955e-20,3.5211864e-20,6.0407227e-21,3.3602567e-22,1.8747879e-20,2.522167e-28,2.1264423e-18
2.7572096e-19,7.237979e-14,6.9975986e-17,4.6826133e-25,1.869014e-17,5.5312812e-21,1.8772416e-21,4.4015883e-20
1.01384885e-19,1.1991852e-19,4.0878654e-17,3.2171828e-16,1.35985705e-17,3.1611944e-18,9.431299e-15,1.1132907e-20
3.5160422e-22,3.21893e-21,2.5134985e-17,1.1889637e-27,1.9546515e-11,4.7282713e-20,4.7632544e-17,1.4350569e-18
1.8783578e-15,1.4325785e-19,1.7816829e-19,2.3996655e-20,2.8455437e-21,1.0172385e-19,2.4928696e-27,1.4316731e-17
5.78492e-19,1.633205e-13,2.5440013e-16,7.1067626e-25,3.943382e-17,8.7445205e-21,3.0383008e-21,8.3042956e-20
4.9350578e-20,5.506253e-20,7.415503e-18,2.9629602e-16,2.1672163e-18,1.5264801e-18,1.1858726e-15,1.0718139e-20
8.430718e-22,3.271143e-21,2.7679723e-17,3.254183e-26,1.8334603e-11,1.1094755e-19,2.6803044e-17,6.7554997e-18
3.5254693e-15,3.5533024e-19,3.4117985e-19,3.3395963e-20,5.060593e-21,1.1123785e-19,5.256991e-27,1.6713963e-17
2.376709e-19,3.1524577e-14,5.658339e-17,1.7051936e-25,7.358974e-18,5.9620396e-21,1.444733e-21,5.5674625e-20
1.217698e-19,2.0546275e-19,7.041782e-17,4.1317957e-16,2.5324586e-17,1.901439e-18,1.891517e-14,4.327052e-21
1.9282285e-21,4.6733075e-21,6.8077304e-18,3.8459943e-27,1.1073533e-11,1.8543683e-19,6.17821e-17,3.057128e-18
1.0849847e-15,5.369045e-20,6.912187e-20,1.7854921e-20,1.80536e-21,5.7065614e-20,8.521355e-28,4.344922e-18
6.717617e-19,3.603739e-13,6.291182e-16,4.1936423e-25,6.085141e-17,5.0957327e-21,2.2168475e-21,1.2133348e-19
3.9579215e-19,8.52399e-20,6.2017966e-18,6.232302e-16,1.679366e-17,8.6047556e-19,1.1551717e-15,3.9595484e-21
6.347862e-22,1.8175636e-21,3.2903963e-18,1.5734932e-27,7.0418944e-12,6.4256605e-20,2.2621714e-17,1.2822809e-18
4.8681876e-15,4.319503e-19,3.739288e-19,1.4876234e-20,5.434777e-21,5.9575635e-20,3.772829e-27,1.3683756e-17
5.3730225e-19,1.06492404e-13,1.01542945e-16,1.9183201e-25,2.050472e-17,6.799856e-21,1.6302107e-21,1.0939553e-19
1.4655947e-19,3.9999634e-20,3.3919968e-18,2.3313388e-16,7.464745e-18,4.1723846e-19,8.2279727e-16,1.2913209e-21
1.7098683e-20,3.5198968e-20,1.4063353e-17,2.299953e-24,3.2709649e-12,2.4099068e-17,1.4098104e-17,1.0878141e-17
2.2796812e-15,2.524016e-20,1.4201618e-19,2.3576816e-20,1.343453e-21,3.7218533e-20,1.4301429e-27,1.278301e-17
2.5299647e-19,7.258938e-14,7.94179e-17,5.310609e-26,9.917629e-18,2.6882552e-21,6.759919e-22,5.0744558e-20
3.9749926e-17,3.5062637e-15,6.814671e-17,1.0409944e-15,7.354803e-15,2.677894e-16,1.2944726e-13,8.627039e-19
1.7656651e-22,5.711847e-22,5.477909e-19,1.3533814e-27,1.1503319e-12,1.1903066e-20,4.1999326e-18,1.1507365e-18
1.1877786e-15,1.3376239e-20,6.0496966e-20,8.493897e-21,5.576532e-22,1.6171425e-20,4.963149e-28,4.7633067e-18
5.5985706e-15,2.7202051e-12,5.1155953e-15,7.863229e-25,1.1761806e-13,5.844305e-17,1.034257e-16,1.8714887e-18
1.2039522e-19,1.7695035e-20,1.7672792e-18,6.341537e-17,1.3024297e-17,1.2960745e-19,1.1368893e-15,1.1103461e-22
1.9903197e-19,4.8298666e-20,1.1235708e-16,7.831562e-24,7.078701e-11,1.8907298e-15,7.753795e-17,5.332066e-18
1.0583365e-14,1.1035305e-15,5.9665084e-18,6.9795536e-16,4.3813826e-21,3.131762e-19,1.5826322e-26,7.5949236e-17
1.6565478e-19,1.321896e-13,1.06031545e-16,6.931147e-27,6.777569e-18,4.352229e-22,3.755794e-22,2.6417979e-20
7.793795e-18,7.4968896e-15,8.660785e-16,9.099305e-16,2.8059244e-14,1.121794e-15,3.5389608e-13,2.6305492e-17
7.4800947e-22,2.5044107e-21,6.030141e-18,3.8212672e-26,3.3763734e-12,2.0098515e-19,7.313024e-18,4.205496e-18
1.1789713e-15,1.0982489e-20,6.0006945e-20,1.5187585e-21,1.0586027e-22,3.3752634e-21,2.7105702e-28,1.4292986e-18
4.806102e-13,4.901403e-11,1.28526094e-14,9.4062836e-24,1.7246702e-12,1.1739803e-16,8.683777e-16,1.9322887e-18
7.3364065e-19,2.6892337e-18,2.6413584e-17,2.4382037e-16,1.1397157e-16,3.748945e-18,1.9210477e-14,6.780714e-21
2.24744e-22,2.0608423e-21,1.9366065e-17,8.841056e-28,1.3438005e-11,3.1208003e-20,2.8167786e-17,1.3374416e-18
2.3840418e-15,2.2772098e-14,9.94362e-17,1.621879e-15,7.5777545e-19,3.1388542e-19,2.0958804e-25,4.637765e-16
1.15482685e-17,5.53975e-13,7.821383e-16,7.685851e-26,4.0667762e-16,4.922986e-20,4.9705958e-20,1.9428053e-19
5.485141e-20,4.5626675e-20,6.555777e-18,2.548975e-16,1.5839614e-18,1.147042e-18,8.7204917e-16,6.517169e-21
7.4433154e-23,5.565779e-22,4.8254148e-18,2.2057134e-28,6.9907864e-12,1.8504877e-20,1.0454305e-17,3.8430478e-19
3.3875795e-15,2.8257528e-18,4.3504763e-19,2.7451196e-19,1.0202804e-21,3.3106256e-20,1.672083e-27,6.913064e-18
1.6162307e-19,2.5882838e-14,4.837656e-17,1.0803864e-25,5.1522686e-18,4.4426615e-21,1.018309e-21,5.3496232e-20
3.0409224e-20,1.9096219e-20,2.540091e-18,1.375772e-16,7.8202074e-19,2.8980418e-19,4.2539533e-16,1.5443299e-21
7.9585065e-23,4.8180847e-22,2.1490717e-18,1.0519058e-27,3.4700229e-12,1.4031285e-20,4.5479192e-18,8.202012e-19
8.892047e-16,3.778186e-20,4.9128367e-20,1.30393416e-20,1.0951148e-21,4.105377e-20,4.8299944e-28,3.2192052e-18
5.8271766e-20,1.7747414e-14,3.9896377e-17,1.5128566e-26,2.0424845e-18,1.593103e-21,3.0383688e-22,2.7224882e-20
6.032735e-20,1.6885687e-20,4.6229234e-18,6.912804e-17,3.4370639e-18,2.4338973e-19,1.2618829e-15,6.580795e-22
8.180167e-20,3.9011382e-20,4.3459854e-17,1.9642106e-23,2.2236301e-11,5.189515e-16,6.867333e-17,1.075116e-17
5.149228e-16,1.7296805e-20,1.5049926e-20,4.6115202e-21,3.1635642e-22,1.147334e-20,8.6672385e-29,1.0488412e-18
9.4304115e-20,6.1161844e-14,1.2028203e-16,1.8087333e-26,4.749517e-18,1.127604e-21,3.8073353e-22,2.2052173e-20
2.4368077e-17,7.2613305e-15,6.2542843e-16,9.022951e-16,1.9889889e-14,1.6659429e-15,1.1772176e-13,1.6427053e-17
5.5857355e-20,3.9329504e-20,5.2943298e-17,6.908403e-24,1.8435772e-11,2.4972334e-16,3.404599e-17,8.0807415e-18
9.078122e-16,4.2935608e-20,5.4175997e-20,3.8880772e-21,2.7289632e-22,7.225746e-21,2.6700946e-28,1.5674079e-18
1.4721186e-13,3.8286648e-11,1.655036e-14,1.430937e-23,1.2900393e-12,2.9033576e-16,3.7277862e-16,2.699203e-18
2.3384363e-17,6.7613367e-15,3.6333145e-16,1.2461209e-15,1.1270146e-14,8.4223535e-16,1.3421623e-13,6.582892e-18
5.137154e-19,2.4767848e-19,1.4070281e-16,1.9875092e-22,8.8652996e-10,4.5679145e-14,6.4148235e-16,3.3753202e-18
4.485572e-15,1.00593845e-14,5.0371637e-17,7.002462e-16,2.3350197e-19,1.8006163e-19,2.2863494e-25,6.676064e-16
4.533828e-14,1.4303045e-11,9.247893e-15,3.688489e-24,5.053794e-13,1.2348535e-16,3.0710754e-16,3.0133962e-18
1.6506193e-18,4.1341645e-14,5.2646892e-15,1.3388781e-15,2.1287243e-13,7.0728297e-15,2.0551562e-12,3.9031556e-16
1.911373e-18,1.9111022e-19,1.018693e-15,6.274212e-24,6.631576e-10,7.9535005e-15,1.4776667e-16,5.7552084e-18
6.2763236e-15,4.547961e-15,2.2508263e-17,1.045623e-15,6.070433e-20,3.8588244e-19,6.866778e-26,2.7008228e-16
1.254944e-11,5.056405e-10,8.486591e-14,1.0987883e-22,2.9210228e-11,1.8943675e-16,2.0161832e-15,8.759086e-19
2.9574689e-18,1.2955168e-14,1.6226155e-15,1.8556457e-15,6.043683e-14,8.1450916e-16,3.162078e-12,3.8293248e-17
7.050135e-19,2.7509166e-19,5.499001e-16,8.4780215e-24,3.735933e-10,6.013428e-15,8.40752e-17,4.124894e-18
5.7684024e-16,3.0998167e-13,7.7545093e-16,1.4344515e-15,1.3719828e-16,7.35602e-20,2.1719768e-24,1.5916745e-15
2.7638274e-12,1.0057238e-10,7.884626e-15,5.62758e-24,3.3862281e-12,4.0688846e-17,5.1860346e-15,1.5285603e-18
5.3997168e-18,2.5064698e-14,1.0285368e-15,3.8325437e-15,4.198275e-14,8.227313e-16,1.9209617e-12,2.1265649e-17
1.2306474e-19,5.7364846e-20,1.1269102e-16,2.5429516e-25,8.8852196e-11,6.860058e-16,1.9639845e-17,1.136905e-18
3.9655313e-15,4.227734e-14,2.505143e-16,1.8587142e-14,1.6584772e-18,3.170747e-18,5.474738e-25,2.9942406e-16
6.6693406e-13,3.692378e-11,1.3953293e-14,3.129604e-24,1.5268895e-12,3.1419483e-17,2.682353e-15,3.0737682e-18
9.142853e-19,3.7813533e-15,7.5666406e-17,7.1935035e-16,1.2253057e-14,1.7210815e-16,8.131754e-13,2.130055e-18
3.394686e-20,1.9443168e-20,3.185467e-17,2.5533415e-26,4.02778e-11,1.4184747e-16,1.07688105e-17,4.834828e-19
4.205149e-15,2.3830067e-14,1.2028798e-16,1.294282e-14,1.2060167e-18,2.2983377e-18,1.743741e-25,1.9311926e-16
1.3923338e-13,6.5717093e-12,2.1322208e-15,1.6954578e-25,2.1658542e-13,5.498723e-18,9.360684e-16,3.893068e-19
2.5886573e-19,7.279381e-16,1.13244715e-17,1.9537335e-16,3.9420774e-15,7.801265e-17,2.2780538e-13,8.924589e-19
2.9896706e-19,3.1140335e-20,1.6337634e-16,1.3082311e-24,2.7622177e-10,6.502785e-15,4.1800196e-17,9.496117e-19
1.6164561e-15,7.156339e-15,2.7552566e-17,5.5175154e-15,8.8220906e-20,7.968639e-19,1.1382283e-26,2.4998153e-17
2.7346955e-14,1.6803988e-12,5.080761e-16,5.917591e-26,5.4880783e-14,3.10166e-18,3.567991e-16,6.313191e-20
6.0320704e-19,4.934825e-15,5.987125e-16,5.770383e-16,2.5287459e-14,3.1292227e-16,8.3359215e-13,1.5764994e-17
5.0711683e-19,1.6862909e-19,1.2744748e-16,1.2890709e-22,9.058535e-10,4.623735e-14,4.697502e-16,2.3542327e-18
9.232625e-16,2.620346e-15,1.0557462e-17,2.5276833e-15,1.8507843e-20,4.2769872e-19,2.1827215e-27,1.1614006e-17
1.7846787e-12,5.741732e-11,4.6777805e-15,1.4838346e-24,2.0448296e-12,1.28541584e-17,1.2645911e-15,3.9660976e-19
9.12975e-19,2.9859053e-14,5.2462256e-15,1.015155e-15,2.0740172e-13,4.3186716e-15,3.060737e-12,2.9786102e-16
6.734985e-20,1.5587663e-20,3.695474e-17,4.2196245e-24,4.7476138e-11,1.1036147e-15,3.3831594e-17,1.9007136e-18
5.5608084e-16,2.8733584e-14,1.0941489e-16,3.3782105e-15,1.530877e-18,2.317927e-19,5.0606955e-26,1.2532426e-16
1.7574735e-11,5.356634e-10,6.5499906e-14,9.0698853e-23,3.9234605e-11,1.1154055e-16,1.6821888e-15,5.1069076e-19
2.1823483e-18,4.1968e-15,4.779967e-16,3.2216287e-16,1.5089897e-14,6.497004e-16,1.841934e-13,1.2871873e-17
1.3812862e-19,3.895859e-20,5.1634665e-17,2.5901634e-23,5.230133e-10,1.5883997e-14,1.0357415e-16,4.7299516e-19
3.6265435e-16,3.44788e-13,7.217748e-16,1.5147708e-15,1.4387528e-16,6.217993e-20,1.4152586e-24,1.1981772e-15
3.8821726e-13,4.341442e-11,7.730265e-15,3.9058057e-24,1.5441514e-12,5.4262525e-17,3.4863622e-16,5.2180125e-19
2.1430946e-19,1.3799256e-14,1.6558121e-15,2.7060204e-16,8.077137e-14,2.0092348e-15,1.244064e-12,7.710907e-17
1.3359055e-20,6.0900058e-21,5.645292e-18,1.6178805e-23,4.6962597e-11,9.408727e-16,2.113238e-17,2.983006e-19
7.776667e-16,1.3969723e-14,5.0067036e-17,5.390769e-16,5.2920224e-19,6.566233e-20,6.615087e-26,2.411867e-16
4.9540623e-12,2.1001141e-10,2.098136e-14,1.0334093e-23,1.1151298e-11,2.458366e-17,6.2314695e-16,1.2432601e-19
3.3997806e-19,5.373997e-15,4.440267e-16,6.9881555e-17,2.6510837e-14,1.4721761e-15,1.5059972e-13,1.4933742e-17
1.8583107e-21,2.070211e-21,5.2743476e-19,1.8447055e-23,1.2112287e-11,2.6246965e-16,1.4601609e-17,9.523828e-20
1.2527023e-16,1.1785993e-13,1.8525115e-16,4.661657e-16,3.4539817e-17,1.6977856e-20,3.1018738e-25,3.8890663e-16
3.2230718e-13,6.189339e-11,8.6794755e-15,2.4759567e-24,2.4483492e-12,2.2715017e-17,8.5520457e-17,4.9670134e-20
1.6690562e-19,3.2295056e-15,1.3079221e-16,1.7825616e-17,2.4759456e-14,2.6230963e-15,3.6937176e-14,7.446487e-18
3.1583601e-19,2.5496602e-20,2.1682937e-16,1.1795913e-24,2.1344192e-10,5.2358893e-15,2.7576963e-17,8.0405487e-19
1.3257749e-16,1.6420689e-14,2.2816973e-17,5.2704107e-17,1.5322851e-18,2.6462548e-21,9.618655e-26,2.4107722e-16
6.9847414e-14,3.683051e-11,5.688818e-15,1.2054152e-24,1.2848579e-12,2.0212097e-17,1.6445049e-17,9.607751e-21
7.5286283e-19,4.6905928e-15,6.168417e-16,4.552159e-16,1.8550735e-14,3.6236808e-16,5.922553e-13,1.3227837e-17
1.5856457e-21,3.880476e-21,3.992208e-18,9.575346e-26,1.1297663e-12,4.3251277e-18,1.6855265e-18,1.0263718e-18
5.604099e-17,6.9896295e-15,6.1022007e-18,4.912036e-18,6.5596756e-19,1.928154e-22,6.54568e-26,2.312314e-16
1.2511337e-12,4.2708826e-11,3.8458125e-15,1.2266135e-24,1.2320657e-12,1.2348528e-17,1.1684988e-15,5.289459e-19
3.122673e-18,6.9879466e-16,7.971744e-18,1.6725326e-16,9.562253e-16,8.351166e-17,2.3092927e-14,7.550022e-20
2.1165322e-22,8.0421625e-22,4.3321128e-18,1.2365959e-26,1.9553404e-12,7.0329397e-20,1.955573e-18,1.3795859e-18
5.499966e-16,1.7749072e-14,8.550088e-17,2.6621185e-15,1.0115429e-18,2.7295815e-19,6.4049614e-26,1.3001719e-16
7.813689e-16,4.838551e-13,7.1793036e-16,3.4204128e-26,1.502525e-14,7.832392e-18,1.8587114e-17,2.633237e-19
1.7418317e-19,1.370914e-18,1.2545668e-17,9.4005066e-17,3.271299e-17,2.2660828e-18,1.0115334e-14,1.8466579e-21
6.9848865e-22,1.4818683e-21,3.2929688e-19,2.5838139e-26,2.522504e-13,8.950261e-19,6.6898966e-19,6.510292e-19
1.6130188e-15,2.022653e-16,6.7601103e-19,1.3702514e-16,4.1618226e-22,6.0663584e-20,6.193774e-28,1.0847146e-17
3.5050546e-18,2.0901085e-13,3.0675746e-16,1.9817667e-26,1.4086607e-16,1.5807787e-20,1.6865859e-20,7.144455e-20
6.688598e-18,4.9418658e-17,1.407542e-18,7.8521403e-17,4.3455564e-16,1.0612174e-17,1.7051371e-15,8.1453186e-21
1.4423618e-18,1.3711801e-19,8.1672743e-16,1.4555072e-23,3.7889214e-10,1.3047914e-14,8.701081e-17,4.617248e-18
1.2674211e-15,1.1518126e-18,1.3339252e-19,9.714337e-20,3.4359429e-22,1.526432e-20,4.0069565e-28,2.644987e-18
1.4668162e-16,3.823005e-13,2.9251134e-16,5.3038847e-27,2.1254316e-15,8.842445e-19,2.2663595e-18,1.404527e-19
4.3319304e-18,1.8285193e-14,2.3916022e-15,1.6596316e-15,4.6326512e-14,1.3587229e-15,1.4762161e-12,4.2367685e-17
3.5864212e-19,6.546924e-20,1.3589659e-16,4.5419954e-23,4.5418522e-10,1.5314816e-14,9.208246e-17,1.7358826e-18
9.406825e-16,7.996414e-18,3.415705e-19,1.4229669e-17,4.7365503e-23,8.561789e-21,3.219938e-28,4.5164537e-18
3.171985e-12,1.0640465e-10,1.4175619e-14,8.900903e-24,3.3022953e-12,5.5530474e-17,3.9231754e-15,2.7831859e-18
1.0235331e-18,1.9700878e-14,2.6772416e-15,5.8357976e-16,6.1798934e-14,2.0875606e-15,9.6156e-13,7.577617e-17
7.579085e-19,1.546265e-19,5.7051576e-16,2.9089774e-24,3.8624873e-10,2.6472924e-15,8.467289e-17,3.8885574e-18
2.4204214e-15,4.3187804e-14,2.845551e-16,8.571324e-15,3.423599e-18,1.3448445e-18,5.9200555e-25,4.4453173e-16
5.6230107e-12,2.4695743e-10,2.2666795e-14,1.14158255e-23,9.115705e-12,4.468301e-17,1.3678342e-15,5.029862e-19
1.3224753e-18,7.738142e-15,7.520689e-16,1.0451364e-15,3.687882e-14,7.6513127e-16,2.5208219e-12,1.2492087e-17
2.7550766e-18,6.230629e-19,1.3398284e-15,5.853546e-23,1.8013845e-09,1.5064591e-14,3.4520862e-16,1.619392e-17
5.284466e-16,6.850964e-14,2.5754037e-16,1.2759445e-15,1.5433319e-17,6.749053e-20,5.5602314e-25,5.1497586e-16
9.977819e-13,5.502383e-11,3.4190102e-15,1.8239785e-24,1.6054278e-12,2.2560698e-17,2.764208e-15,7.2859547e-19
3.3027955e-18,3.9936553e-14,1.0608709e-14,3.7471204e-15,1.4750473e-13,5.1130394e-15,7.2294315e-12,6.245817e-17
9.74467e-18,4.206972e-18,4.2815995e-15,7.7175386e-22,4.376824e-09,8.879006e-14,1.6824072e-15,2.5842988e-17
2.2070492e-15,1.5705145e-14,1.050452e-16,1.09610925e-14,4.7383847e-19,1.9669828e-18,3.2764564e-25,1.580788e-16
1.4892989e-12,5.9187566e-10,1.2485675e-14,1.5945911e-23,1.3962045e-11,1.7419472e-16,6.4636843e-15,2.9731131e-18
1.536676e-17,2.2686009e-13,1.880366e-14,1.8034563e-14,4.7488944e-13,1.6755804e-14,1.3902308e-11,9.409336e-16
3.9971758e-18,5.4744416e-19,1.9888209e-15,2.703916e-23,1.1242093e-09,1.27184614e-14,3.4407272e-16,1.5325547e-17
4.655759e-15,2.6479858e-14,2.5857203e-16,1.7306923e-14,2.0650006e-18,4.1638324e-18,6.398107e-24,1.9041637e-15
9.835807e-12,4.5531623e-10,7.151689e-14,3.6657548e-22,4.56746e-11,4.984011e-16,2.0519304e-14,8.274232e-18
4.6944162e-18,2.8341523e-14,5.1968474e-15,2.933339e-15,1.10350416e-13,3.413901e-15,5.2302975e-12,6.177597e-17
2.5947192e-18,2.7541506e-19,1.0175859e-15,4.0143084e-24,5.7878496e-10,6.6522724e-15,3.1385718e-16,8.169604e-18
1.404445e-14,2.5031602e-13,1.6815472e-15,7.800533e-14,6.105231e-17,1.9120229e-17,1.3360207e-23,4.2375e-15
2.4799418e-12,2.779478e-10,1.0934614e-14,1.5216158e-23,6.73071e-12,1.4083758e-16,8.817873e-15,3.7447e-18
2.7884248e-18,9.50585e-15,1.4284995e-15,1.4116524e-15,7.6161726e-14,1.2273633e-15,3.948586e-12,4.074787e-17
6.1025494e-18,8.902487e-19,2.3488181e-15,4.9679342e-23,5.450129e-10,2.4296828e-14,6.1274686e-16,2.53861e-17
5.191973e-15,3.1869483e-14,3.21695e-16,1.9396407e-14,2.1958686e-18,5.811798e-18,4.7132964e-24,1.1441813e-15
2.9308491e-12,1.1917756e-10,6.4057553e-15,7.481713e-24,3.2012927e-12,7.685828e-17,6.188099e-15,1.8572715e-18
2.9222233e-17,4.8201453e-14,4.4730467e-15,7.2375755e-15,1.4477621e-13,3.6893647e-15,4.171619e-12,1.647463e-16
1.4873974e-19,4.231902e-19,3.4652803e-16,5.5878765e-24,3.000245e-11,4.3769144e-17,3.7261511e-16,6.0568414e-17
3.4973402e-15,3.0799365e-14,2.4577108e-16,1.4028439e-14,1.4618823e-18,3.7815637e-18,1.3169585e-24,4.332811e-16
4.690797e-12,1.4855953e-10,3.6532826e-14,6.3001897e-23,6.1125055e-12,3.0381576e-16,1.2910323e-14,1.6544276e-17
3.2531802e-17,1.0413638e-15,2.4182052e-16,4.437103e-15,7.678333e-15,1.1133062e-15,4.4199686e-13,3.8647487e-18
1.2571999e-20,5.2397123e-20,2.6485942e-16,7.4234587e-25,7.4194345e-11,1.1216897e-18,3.0279061e-16,5.3486107e-17
1.392511e-14,9.4957604e-14,7.038241e-16,2.6611905e-14,7.633871e-18,8.801728e-18,3.8409566e-24,1.481415e-15
2.3551256e-15,3.2250474e-12,5.7335893e-15,2.815363e-23,5.808286e-14,4.968386e-17,6.8402205e-17,5.653956e-18
1.7273151e-18,2.1830895e-18,5.827655e-16,3.2542633e-15,2.2320933e-16,1.8715181e-17,1.4160872e-13,6.633959e-20
3.3298248e-21,9.820034e-21,2.7491568e-17,1.256937e-26,3.1110798e-11,2.9162625e-19,1.5136667e-16,5.5507575e-18
5.7693874e-14,8.134595e-16,2.0682415e-17,3.8085672e-16,6.603358e-20,7.516322e-18,4.426362e-25,5.089723e-16
7.617029e-18,1.9924234e-12,4.7957858e-15,8.451737e-24,4.5781766e-16,6.926995e-20,3.362658e-20,2.0072015e-18
4.0038576e-19,1.8446108e-19,2.5755006e-17,1.2122408e-15,2.1956097e-17,1.9701668e-18,4.969073e-15,1.616976e-20
9.125179e-21,5.429177e-23,7.545189e-19,9.6260327e-26,1.5614306e-15,9.24157e-17,1.7333944e-18,2.0538507e-20
3.7063292e-14,4.5591925e-18,3.4593332e-18,1.8106933e-19,6.654667e-20,9.863143e-19,1.4155547e-25,9.7589214e-17
8.975288e-19,1.570566e-13,2.2526997e-16,8.672151e-25,4.2978773e-17,1.4997201e-20,2.5975674e-21,2.0934178e-19
2.2330278e-18,3.6636918e-19,4.5351485e-19,1.9390691e-16,2.4160474e-16,1.4486478e-18,2.1997009e-17,3.1279365e-22
4.0456758e-21,7.358205e-21,3.422058e-18,4.4522504e-27,6.0977052e-12,2.6954766e-19,7.424564e-17,4.3544467e-18
4.440489e-15,8.5194394e-20,2.5731803e-19,4.0146536e-20,6.1673896e-21,1.3761319e-19,4.565907e-27,2.3628083e-17
8.803739e-19,2.0468177e-14,4.6647965e-20,1.0355431e-25,4.3979317e-19,8.164192e-23,2.2942533e-20,1.5411631e-22
1.4940402e-18,8.267505e-20,3.1967253e-18,7.2211893e-16,4.0148435e-17,8.05799e-19,7.240636e-16,2.7166148e-21
4.6441797e-21,1.2747494e-20,2.3490847e-17,1.8309338e-26,2.6028527e-11,3.7500587e-19,1.4617053e-16,7.212648e-18
8.341488e-17,6.907626e-20,1.1007288e-18,7.6756196e-20,3.2643582e-23,5.661874e-19,4.816839e-28,1.3418825e-18
9.301049e-19,1.5496088e-13,9.5302026e-17,1.575555e-25,2.295903e-17,8.278956e-21,2.9602072e-21,1.801681e-19
6.4544066e-19,2.40301e-19,2.2704794e-17,1.3866476e-15,3.0950663e-17,2.221634e-18,4.331607e-15,1.2547181e-20
3.0851462e-21,6.419826e-21,4.633799e-18,4.6688567e-27,8.380883e-12,2.4060738e-19,7.420035e-17,3.7766767e-18
3.292699e-15,1.488248e-20,2.186172e-19,3.7114466e-20,7.2060886e-22,3.6646124e-20,2.4624927e-27,1.7497785e-17
1.2215324e-18,2.0056721e-13,2.4918854e-16,7.9200954e-25,4.909023e-17,1.6399604e-20,3.576062e-21,2.729165e-19
8.76674e-19,8.440606e-20,4.504169e-18,7.3739877e-16,3.0705937e-17,8.538379e-19,9.83922e-16,3.2388592e-21
9.540077e-21,2.8346245e-20,2.4611624e-17,1.3303088e-24,7.756788e-12,3.1511528e-18,3.082988e-17,2.0960568e-17
5.256001e-15,7.070896e-20,3.1754784e-19,4.9270254e-20,5.406716e-21,1.2910661e-19,5.6269914e-27,2.759243e-17
7.34789e-19,1.3799763e-13,1.02064115e-16,1.8202935e-25,2.2514531e-17,7.6261464e-21,2.2015434e-21,1.4669483e-19
9.450768e-18,1.0565122e-16,1.1900002e-16,1.222667e-15,1.4537209e-15,4.953058e-17,1.1429087e-13,1.1066857e-19
1.768368e-22,7.0273815e-22,2.416349e-18,1.3109869e-27,4.6962213e-12,2.0919477e-20,8.215356e-18,9.809861e-19
3.0397473e-15,1.899233e-20,1.9118752e-19,3.15133e-20,1.0177304e-21,4.051176e-20,2.1051088e-27,1.630917e-17
2.182942e-16,2.3302144e-12,5.200655e-15,1.128097e-24,7.333009e-15,1.6364189e-18,1.9505516e-18,1.4158567e-18
7.002261e-20,2.6186507e-20,4.213541e-18,1.2216501e-16,3.6373187e-18,2.0340626e-19,1.1719538e-15,7.6421305e-22
2.3119542e-22,8.580781e-22,2.61498e-18,6.318875e-28,5.261907e-12,2.3435497e-20,1.2720212e-17,8.0665087e-19
1.5472309e-14,6.0974335e-17,3.735982e-18,9.6010606e-18,8.446625e-21,2.960097e-19,2.6174744e-26,5.217321e-17
1.4290145e-19,5.867288e-14,8.294178e-17,2.7352316e-26,7.095276e-18,1.2543297e-21,3.5558326e-22,2.61108e-20
6.078126e-20,2.5414257e-20,2.4203528e-18,1.6957438e-16,2.4209992e-18,2.01761e-19,5.589392e-16,7.5935135e-22
1.6511465e-20,2.9466778e-20,1.7089123e-17,2.7827842e-24,3.684764e-12,2.51323e-17,1.2109639e-17,1.00318165e-17
9.024809e-16,1.6541727e-20,3.626038e-20,3.7752596e-21,3.658672e-22,7.6738596e-21,2.3314222e-28,2.0871514e-18
1.3294193e-19,3.5914478e-14,3.8133046e-17,2.221947e-26,4.8455765e-18,1.18203e-21,3.005595e-22,2.9297083e-20
3.0758575e-17,4.6881423e-15,7.7125546e-17,9.384746e-16,6.251974e-15,3.1110715e-16,1.5474026e-13,8.763697e-19
9.053687e-20,3.5628016e-20,5.5268417e-17,1.21309626e-23,1.2102772e-11,2.2326979e-16,4.0567495e-17,1.6199297e-17
6.8367026e-16,5.489618e-21,2.1772741e-20,3.572667e-21,3.0861337e-22,8.002322e-21,1.4306223e-28,1.9298357e-18
5.813869e-15,2.944448e-12,5.1084184e-15,7.6921023e-25,1.3362134e-13,6.323902e-17,1.2371259e-16,1.7488701e-18
5.815593e-17,6.9777473e-15,4.5357095e-16,1.2166048e-15,1.2944202e-14,9.49164e-16,1.093631e-13,7.890992e-18
1.4955847e-19,4.2997892e-20,6.7194435e-17,2.9567507e-23,2.7468852e-11,7.74561e-16,7.161547e-17,1.36902296e-17
1.1263269e-14,1.3642542e-15,5.5262067e-18,7.005668e-16,4.8749e-21,3.6886535e-19,1.4252094e-26,7.7014995e-17
5.766461e-14,1.9810181e-11,1.09115724e-14,7.574383e-24,6.365253e-13,2.6667212e-16,4.0618615e-16,4.7939492e-18
2.947604e-17,9.925477e-15,9.66774e-16,1.0547047e-15,2.6592422e-14,1.741038e-15,1.9093702e-13,2.043795e-17
4.1859746e-23,1.4660512e-22,2.822261e-19,1.4295204e-28,1.0168716e-12,4.9526316e-21,1.7781124e-18,2.443414e-19
1.09021695e-14,4.5883893e-15,2.987268e-17,1.0732651e-15,4.9587216e-20,4.835842e-19,1.4259716e-25,4.6554376e-16
2.4905162e-13,5.2685373e-11,1.8439682e-14,2.1939621e-23,2.0445683e-12,3.4378148e-16,5.76684e-16,3.340428e-18
3.2334416e-20,4.3073552e-21,5.4123756e-19,2.6955722e-17,1.6679178e-18,4.3877744e-20,2.1966329e-16,9.017412e-23
4.354319e-23,1.2780737e-22,1.4295324e-19,1.0549875e-28,6.2081796e-13,4.371516e-21,1.3159732e-18,1.9871939e-19
5.4473506e-15,1.3836655e-14,7.454221e-17,1.079848e-15,3.275904e-19,3.01772e-19,3.2449372e-25,8.8079843e-16
3.886122e-20,2.4348648e-14,2.2033542e-17,2.4433387e-27,1.6545089e-18,2.5122173e-22,9.117584e-23,5.7014446e-21
3.7514305e-20,2.9253515e-21,2.7122583e-19,1.8635818e-17,1.9649127e-18,3.2038027e-20,1.3895646e-16,4.5432087e-23
1.6841116e-19,3.0877618e-20,8.728208e-17,1.1796054e-23,4.84944e-11,1.1932738e-15,4.581686e-17,5.8847937e-18
3.0137787e-16,2.79737e-21,1.1320394e-20,9.711178e-22,3.48949e-23,1.2425951e-21,3.562133e-29,5.700254e-19
3.7442676e-20,2.507737e-14,1.6049766e-17,1.3935379e-27,1.4271248e-18,1.7739558e-22,8.537058e-23,4.331065e-21
9.519624e-18,8.377754e-15,8.4503845e-16,7.146814e-16,1.9704714e-14,1.0548576e-15,2.2584383e-13,1.6596424e-17
1.4881578e-19,5.382826e-20,5.2471004e-17,5.361382e-23,5.6369093e-11,1.889951e-15,1.1220074e-16,7.997756e-18
2.7565618e-16,1.57345e-21,1.06137766e-20,8.4296576e-22,1.7155172e-23,7.971393e-22,3.1140906e-29,4.9811715e-19
3.6527484e-13,5.239226e-11,1.1152749e-14,7.688381e-24,1.6753423e-12,1.2871979e-16,6.972316e-16,1.900924e-18
1.17843955e-17,1.3206454e-14,1.332072e-15,8.4589316e-16,4.6591017e-14,2.6492927e-15,3.10413e-13,3.8718928e-17
1.03975e-19,8.724999e-20,2.4065353e-17,3.3427283e-22,1.201847e-10,4.8310215e-15,2.8281175e-16,3.696318e-18
3.058159e-15,1.21209805e-14,6.9118544e-17,1.1782385e-15,3.8988789e-19,2.6379322e-19,1.7443066e-25,4.80166e-16
6.4649485e-13,9.8950084e-11,2.7564122e-14,3.1735827e-23,4.3018002e-12,2.8752414e-16,6.090137e-16,1.6845109e-18
3.79033e-18,2.7203476e-14,2.0734653e-15,5.187061e-16,1.4837976e-13,1.0252624e-14,6.2582193e-13,1.1292987e-16
1.196142e-20,3.2860008e-21,7.264976e-18,6.394638e-25,2.285462e-12,2.7995104e-17,4.5912887e-18,2.9369848e-18
2.4235533e-15,2.971934e-14,1.2326884e-16,8.303806e-16,1.559797e-18,1.3092329e-19,4.778486e-25,1.0114983e-15
1.5365101e-12,2.4240912e-10,6.823174e-14,8.512377e-23,1.3259199e-11,3.0581108e-16,4.5771463e-16,5.376201e-19
1.489818e-17,1.0908529e-15,5.3991836e-17,1.9899735e-16,2.3377163e-15,1.3375602e-16,1.5597376e-14,7.3170934e-19
1.2811006e-21,3.1368757e-21,1.6714019e-18,1.2975497e-25,7.427341e-13,2.4702566e-18,1.487347e-18,1.3950815e-18
8.209005e-16,9.811981e-14,1.9088318e-16,2.731346e-16,1.673738e-17,2.1746593e-20,1.8939188e-24,1.820407e-15
1.06098026e-14,5.2069954e-12,1.6647422e-15,3.4410793e-25,1.0941171e-13,4.3087117e-17,7.823229e-17,7.696793e-19
6.4648578e-18,5.417363e-16,8.03865e-18,1.6416287e-16,8.898222e-16,3.8551795e-17,1.9059998e-14,7.2355685e-20
1.0798988e-20,1.1076692e-20,1.4007187e-17,1.2473043e-24,3.5390297e-12,2.3426504e-17,6.503073e-18,4.6327565e-18
3.0305429e-15,5.484504e-16,4.1794913e-18,2.2056594e-16,2.4197307e-21,6.4586896e-20,7.757928e-27,7.360999e-17
7.5021496e-16,6.1131547e-13,9.387468e-16,2.9143394e-26,1.4981638e-14,6.984395e-18,1.3626352e-17,2.6118383e-19
1.591788e-17,2.5586796e-15,6.520738e-17,4.900045e-16,3.205657e-15,2.2811066e-16,6.290972e-14,6.6334307e-19
5.697357e-21,1.3750661e-20,6.237314e-18,8.660315e-25,2.3198947e-12,1.1972302e-17,6.064375e-18,4.124941e-18
2.052446e-15,1.2847401e-16,6.6381896e-19,9.046658e-17,2.9386258e-22,3.433876e-20,6.4822103e-28,8.327207e-18
5.6047247e-15,3.038135e-12,2.915334e-15,3.908934e-25,9.5456805e-14,4.094982e-17,8.9429666e-17,1.146071e-18
2.1864495e-17,1.9850236e-15,3.2940903e-17,5.782414e-16,2.724999e-15,1.4787213e-16,4.5684556e-14,4.0593457e-19
3.4923816e-22,1.6477731e-21,4.1835743e-18,8.179296e-27,5.2386845e-12,3.314467e-20,1.13728285e-17,3.0242557e-18
5.760862e-15,8.886113e-16,4.018181e-18,4.5020775e-16,3.3594761e-21,2.0203752e-19,8.0094134e-27,5.869551e-17
2.7187278e-15,1.8489147e-12,3.1918804e-15,1.9603387e-25,5.064589e-14,2.8677475e-17,5.4274946e-17,1.1083171e-18
2.0145799e-19,6.4081094e-20,1.2385466e-17,1.8129008e-16,1.4053858e-17,5.0051706e-19,4.5986926e-15,9.979886e-22
1.449651e-22,4.384005e-22,3.48136e-19,1.3219288e-28,1.3695801e-12,1.4750054e-20,5.2551107e-18,3.0739073e-19
5.513539e-15,5.1131345e-16,2.6356805e-18,3.4554593e-16,1.7939092e-21,1.4159263e-19,4.789851e-27,3.090088e-17
4.2472012e-19,2.3235117e-13,3.6302808e-16,5.0033016e-26,1.6997713e-17,2.156262e-21,1.2625338e-21,7.4811016e-20
1.1924706e-19,6.2788905e-21,3.4842432e-19,6.651378e-17,2.993187e-18,8.0237844e-20,1.3090103e-16,1.5240915e-22
3.7577426e-22,1.5324054e-21,5.584271e-18,1.4847163e-26,5.7608935e-12,2.9672523e-20,1.06947935e-17,4.5321763e-18
2.9753184e-15,8.961872e-20,1.6271244e-19,8.2710646e-21,7.3461413e-22,1.797191e-20,1.42011815e-27,3.2139904e-18
8.4646924e-20,3.260366e-14,2.187392e-17,2.8190757e-27,1.8243528e-18,5.552906e-22,2.5104543e-22,1.7020592e-20
1.4215114e-19,9.933634e-20,2.2433173e-17,1.9691393e-16,1.8212942e-17,5.3313724e-19,9.46684e-15,7.305118e-22
4.3162844e-22,2.5348986e-21,1.1248439e-17,1.8917572e-27,1.3144804e-11,7.1250495e-20,3.380089e-17,1.4504119e-18
5.345738e-16,2.1509384e-21,1.6462723e-20,3.667897e-21,3.613453e-23,3.0572632e-21,7.608535e-29,8.536132e-19
5.8133245e-19,3.8922408e-13,4.7838886e-16,5.146335e-26,2.7333773e-17,1.5485242e-21,1.2626735e-21,8.712427e-20
1.5437778e-19,6.7238184e-20,7.789575e-18,4.2085814e-16,3.4082488e-18,7.158426e-19,1.4017251e-15,4.1708523e-21
3.5587386e-21,1.7482346e-20,1.2409828e-16,8.588918e-26,5.7549212e-11,4.779904e-19,1.3363974e-16,1.2455827e-17
3.7395666e-15,1.05272485e-19,1.8321212e-19,5.056212e-21,1.0350239e-21,1.7679651e-20,1.4171039e-27,3.2806579e-18
2.9703678e-19,6.477572e-14,1.3151065e-16,6.6667147e-26,7.560376e-18,5.1062602e-21,1.3094614e-21,1.1466389e-19
4.562983e-19,4.193143e-19,1.2379285e-16,1.0818272e-15,3.628507e-17,7.881125e-18,2.0576446e-14,4.109027e-20
1.142625e-21,8.162488e-21,3.0470002e-17,6.4331422e-27,2.2343993e-11,1.3050992e-19,8.607128e-17,5.099708e-18
1.9027913e-15,4.264213e-20,5.9229615e-20,1.7829057e-20,1.093345e-21,3.756127e-20,6.990783e-28,3.1159027e-18
2.0363464e-18,4.3429613e-13,9.005723e-16,2.7083845e-24,9.650564e-17,3.6148235e-20,1.12359424e-20,3.6571844e-19
2.5675032e-19,1.3379e-19,1.6772084e-17,7.333676e-16,7.487418e-18,2.268115e-18,2.2672882e-15,1.7726182e-20
9.628844e-22,6.4213445e-21,4.649312e-17,3.3107402e-27,3.0052162e-11,1.3918595e-19,9.630778e-17,2.737884e-18
1.0779224e-14,1.1278208e-18,1.0166649e-18,1.3218642e-19,1.8256946e-20,3.5211075e-19,2.9199033e-26,3.9748106e-17
8.1681656e-19,9.096537e-14,1.3885896e-16,4.4661183e-25,1.9775468e-17,1.3231955e-20,4.0101975e-21,1.5734397e-19
1.7440722e-19,1.0862621e-19,1.629437e-17,6.2133355e-16,4.75336e-18,2.6969694e-18,2.1797893e-15,2.2364526e-20
2.613702e-19,5.756699e-19,1.7029264e-16,2.883678e-23,2.1814823e-11,2.0399715e-16,2.2736702e-16,9.112744e-17
2.935018e-15,9.628045e-20,2.289979e-19,5.2324612e-20,3.494302e-21,8.556764e-20,3.296009e-27,1.027767e-17
6.753898e-19,8.005464e-14,1.6797255e-16,3.2549052e-25,1.2326643e-17,1.6368854e-20,4.432606e-21,1.8910506e-19
1.7944614e-16,1.8585477e-14,3.9075507e-16,7.8068104e-15,3.53041e-14,2.0481676e-15,9.10953e-13,7.192481e-18
1.9983286e-21,8.871695e-21,5.0459142e-17,5.0619697e-26,3.5224584e-11,3.364828e-19,7.135151e-17,9.310212e-18
2.6705807e-15,1.7791767e-19,1.7476154e-19,6.3151414e-20,3.731461e-21,1.4012411e-19,3.5224365e-27,7.160178e-18
2.4837786e-14,1.1045414e-11,3.3146734e-14,1.535968e-23,3.723805e-13,3.9252094e-16,8.003625e-16,1.7656968e-17
3.328e-19,2.989032e-19,8.186173e-17,7.957412e-16,2.6535787e-17,3.4446638e-18,1.3038188e-14,2.1146297e-20
7.431888e-21,2.4530789e-20,1.292921e-16,3.1793597e-25,4.259404e-11,1.0187302e-18,1.3452614e-16,2.7139377e-17
9.6372434e-14,7.179061e-15,4.907469e-17,3.9994393e-15,8.026631e-20,6.0723155e-18,4.0893142e-25,4.8372707e-16
1.2650332e-18,3.34518e-13,7.1496505e-16,1.2848721e-24,7.471387e-17,2.1174953e-20,5.5315975e-21,2.1907636e-19
1.0892296e-18,2.3815022e-18,2.3977854e-16,1.6302405e-15,1.802612e-16,1.6729847e-17,7.537239e-14,4.4048298e-20
2.7871182e-17,3.1572655e-18,8.5929316e-15,2.6868494e-22,2.130792e-09,1.10245655e-13,1.7188124e-15,8.931545e-17
7.0029207e-15,6.160506e-19,6.598049e-19,6.1059196e-20,1.0781414e-20,1.2742396e-19,1.0347252e-26,2.8042243e-17
1.067242e-17,1.569902e-12,2.5536186e-15,2.817059e-24,4.8037303e-16,8.0593377e-20,5.618603e-20,9.412123e-19
1.0496509e-16,1.4189179e-13,2.267847e-14,2.8374896e-14,4.294764e-13,7.198668e-15,1.2303028e-11,8.236326e-16
2.1597783e-20,4.590321e-20,3.4434172e-17,6.903048e-26,3.675171e-11,1.7707546e-18,4.3093384e-16,1.9464569e-17
2.1871743e-14,5.819119e-18,2.4095653e-18,3.431861e-19,2.5677077e-20,5.0636683e-19,5.229113e-26,5.761846e-17
1.9158253e-11,4.7309745e-10,1.3049388e-13,2.5127827e-22,1.7149027e-11,7.2753005e-16,4.8571715e-14,6.039353e-17
3.4953873e-18,5.2279743e-19,3.7531825e-17,3.1439055e-15,1.459989e-16,5.131477e-18,6.0581643e-15,3.9613786e-20
3.9536164e-21,1.3147427e-20,8.1806164e-17,8.567386e-26,5.3433962e-11,4.5684e-19,1.3242485e-16,1.3848541e-17
4.1913464e-14,3.9319443e-13,3.525698e-15,1.3352554e-13,4.3339496e-17,3.262414e-17,2.1922807e-23,3.8024724e-15
4.624722e-18,5.690669e-13,6.146549e-16,2.7966186e-24,1.3550525e-16,6.4206134e-20,1.6873775e-20,8.182636e-19
4.108857e-19,4.1076347e-19,1.3101392e-16,1.2391008e-15,4.007422e-17,4.417623e-18,2.1678826e-14,3.4222113e-20
3.4922004e-19,2.2694465e-19,2.084806e-16,3.9434604e-23,4.7119256e-11,9.912079e-16,1.8058537e-16,3.953459e-17
1.4697865e-14,2.236428e-19,1.4756992e-18,2.276852e-19,1.2184735e-20,3.0747635e-19,3.5489952e-26,9.202101e-17
1.9586938e-18,4.315094e-13,7.906397e-16,2.8047703e-24,1.2180763e-16,2.795931e-20,6.3936267e-21,2.799604e-19
1.3187738e-16,2.0034382e-14,1.3810836e-15,4.9946526e-15,4.7715727e-14,2.329544e-15,5.547554e-13,3.6496625e-17
4.9253694e-21,1.3122224e-20,2.4945186e-17,1.7368369e-25,1.7188848e-11,2.974121e-19,9.163708e-17,2.6334304e-17
9.528504e-15,6.723924e-19,8.2700003e-19,7.838183e-20,1.9683768e-20,2.2080216e-19,1.782574e-26,4.392202e-17
1.7101321e-13,4.0053485e-11,3.463169e-14,2.6875245e-23,1.4364579e-12,5.196211e-16,1.5415624e-15,1.5194626e-17
1.2104276e-18,4.4437e-19,1.0703861e-16,1.1107695e-15,1.6886172e-16,2.8628272e-18,3.564172e-14,8.005436e-21
1.29515465e-20,5.5041256e-22,1.0231551e-17,1.5939691e-25,9.0719336e-14,3.3817532e-17,1.483936e-17,2.3134572e-19
2.7581214e-14,2.2291727e-14,1.20874e-16,5.3140226e-15,3.2248699e-19,2.4825092e-18,7.1267435e-25,9.15662e-16
3.0962572e-18,1.2831583e-12,1.6214398e-15,1.2692394e-24,1.7333435e-16,1.3559752e-20,7.8167994e-21,4.513058e-19
1.1023843e-18,5.932009e-19,5.3436728e-18,6.6858253e-16,1.34481e-16,4.2276287e-18,2.8504617e-16,3.9882138e-21
1.14910355e-20,1.37142e-20,2.1848224e-18,3.8558516e-27,5.852384e-12,5.415659e-19,1.7341106e-16,3.811296e-18
1.6556203e-14,6.2190644e-19,1.5234551e-18,3.9794774e-20,9.699002e-21,1.3199696e-19,2.7255452e-26,3.611287e-17
1.5217649e-18,5.2933884e-14,8.6207233e-19,9.262709e-25,3.7760286e-18,8.858907e-22,2.1016501e-20,1.9712914e-21
3.21388e-18,6.27377e-20,1.9475403e-18,8.4619656e-16,1.03208926e-16,8.174805e-19,6.896792e-16,3.1968669e-21
5.751447e-21,6.642337e-21,1.4141942e-18,2.0283286e-27,4.7110245e-12,2.8401572e-19,9.480201e-17,2.3357783e-18
5.358437e-16,2.1089675e-19,1.458902e-18,1.3089983e-19,6.7190674e-22,9.683706e-19,2.7395117e-27,8.154969e-18
1.5644032e-18,2.5086183e-13,9.7466076e-17,1.8747474e-25,3.133187e-17,1.10310666e-20,4.2461443e-21,2.2859465e-19
1.6377678e-18,3.953498e-20,1.3955552e-18,5.3268065e-16,6.6217065e-17,5.346749e-19,5.0300236e-16,1.5849017e-21
7.043245e-21,9.590833e-21,4.385787e-18,6.5573986e-27,8.287383e-12,4.875909e-19,1.1650709e-16,5.1038917e-18
5.4477043e-15,1.1357422e-20,3.2376154e-19,5.7865064e-20,6.4558746e-22,5.253742e-20,5.849538e-27,2.7172733e-17
9.338058e-19,1.8308831e-13,6.890977e-17,9.515809e-26,2.0414108e-17,6.0007603e-21,2.1419317e-21,1.2895057e-19
1.8746324e-18,8.156703e-20,3.934095e-18,9.89055e-16,7.163242e-17,1.115179e-18,8.378037e-16,3.800053e-21
5.195385e-21,4.035241e-21,2.2383228e-19,5.477383e-28,1.2314314e-12,1.9194972e-19,4.8033058e-17,1.231235e-18
3.0233609e-15,7.299745e-21,1.8925372e-19,3.1819034e-20,4.0945655e-22,3.1631813e-20,2.3956323e-27,1.6649372e-17
1.1809051e-18,2.0069539e-13,8.9075235e-17,2.994318e-25,3.0882967e-17,1.0328868e-20,3.3987656e-21,1.7255823e-19
2.7746731e-18,1.4193865e-20,1.939599e-19,2.709388e-16,8.011868e-17,2.0160483e-19,9.4633995e-17,2.928588e-22
1.730221e-21,1.5666223e-21,1.0426018e-19,1.8819671e-28,7.5740065e-13,6.3030116e-20,1.9970372e-17,5.6281736e-19
4.281926e-15,1.996082e-20,3.7368068e-19,5.831001e-20,1.0578363e-21,6.1130754e-20,4.292727e-27,3.2047852e-17
7.3500767e-19,1.3626901e-13,2.3570737e-17,1.699932e-26,9.269424e-18,2.542016e-21,1.606658e-21,7.190965e-20
1.1430583e-18,6.7728547e-21,1.0391592e-19,1.28627e-16,3.4214986e-17,8.2322566e-20,6.2148965e-17,1.0689424e-22
7.3906927e-22,4.9747073e-22,2.2715851e-20,3.1904697e-29,2.7180255e-13,2.6181412e-20,7.6772965e-18,1.9571992e-19
1.8533324e-15,1.2105042e-21,1.1247612e-19,2.2324637e-20,5.8015494e-23,9.09425e-21,1.0037622e-27,9.409004e-18
3.2293876e-19,8.0205035e-14,1.5542737e-17,5.1232583e-27,4.574157e-18,9.381889e-22,5.9890027e-22,3.4010888e-20
5.581968e-19,1.8575453e-21,1.8870428e-20,5.2120296e-17,1.7395094e-17,2.4214126e-20,1.3843577e-17,1.9390548e-23
1.7616091e-21,3.533793e-21,1.1476023e-18,5.0493572e-26,1.1089801e-12,4.6846997e-19,5.769673e-18,3.3447507e-18
9.201229e-16,5.4350436e-22,4.1153334e-20,7.852813e-21,2.3749369e-23,3.6853445e-21,2.8384435e-28,3.4568928e-18
1.2852186e-19,3.766742e-14,3.6927522e-18,8.461268e-28,1.5900696e-18,2.4655912e-22,1.9237972e-22,1.03268184e-20
3.4000676e-18,7.122448e-18,6.494396e-18,1.9430083e-16,5.191e-16,4.5199866e-18,9.764369e-15,5.5968454e-21
4.5995407e-20,1.0083597e-20,1.682354e-17,2.0125469e-24,5.169047e-12,1.02477646e-16,1.10523125e-17,5.5492962e-18
3.7573246e-16,8.5290833e-23,1.3725768e-20,2.6998268e-21,4.0128234e-24,8.694855e-22,5.307644e-29,1.4371552e-18
4.1364143e-17,8.363282e-13,6.602414e-16,4.0270194e-26,1.0201201e-15,1.4657458e-19,2.476284e-19,1.7517935e-19
3.902692e-17,2.4352674e-15,1.2939226e-16,5.129584e-16,7.468545e-15,2.7240206e-16,3.149321e-14,2.0540015e-18
2.7248854e-22,4.632234e-22,1.07635016e-19,6.8756566e-28,4.0335262e-13,9.698558e-21,3.2749059e-18,8.182481e-19
3.866244e-15,2.9502687e-18,6.746251e-19,1.2548869e-18,3.413355e-22,2.2954e-20,1.7871417e-27,8.975567e-18
2.711717e-14,1.0845338e-11,2.9169358e-15,9.811514e-25,2.541842e-13,7.727957e-17,2.0394269e-16,1.8730955e-18
2.3703168e-19,7.7588984e-21,3.9011999e-19,4.0567184e-17,2.7512864e-17,5.720008e-20,4.28704e-16,2.212832e-23
9.851851e-21,2.4038604e-21,2.1431363e-18,4.2097666e-25,1.5104657e-12,3.5087754e-17,3.9779943e-18,1.3683226e-18
6.0226795e-15,1.0392247e-15,1.17283375e-17,6.8125436e-16,7.031192e-21,1.8190703e-19,3.1140716e-26,1.9556569e-16
1.9142689e-19,1.731565e-13,5.0226576e-17,1.968107e-27,4.9745467e-18,1.891293e-22,2.9441465e-22,1.7820286e-20
1.745099e-17,6.662783e-16,2.4406776e-17,1.3539725e-16,3.71874e-15,1.1275725e-16,5.7034853e-15,5.1890524e-19
1.8683125e-20,4.717423e-21,9.959522e-18,1.0254568e-24,3.5794564e-12,5.992857e-17,6.69825e-18,2.8013148e-18
1.1274699e-15,2.1031808e-21,4.9957454e-20,1.1011218e-21,2.2571477e-23,1.5098741e-21,2.149364e-28,1.1016696e-18
1.1190805e-14,6.0153523e-12,1.1470262e-15,1.8034152e-25,9.8910877e-14,3.055672e-17,5.690093e-17,4.7510364e-19
1.7389256e-17,1.5206182e-15,8.319401e-17,2.6257982e-16,3.663853e-15,2.2086401e-16,1.7406073e-14,1.362328e-18
7.4639374e-21,2.5553162e-21,3.832114e-18,4.205497e-25,1.8220076e-12,2.5610301e-17,2.8265616e-18,1.4332187e-18
1.6572149e-15,2.9969373e-16,3.823776e-18,1.5763138e-16,1.5653321e-21,2.4143197e-20,6.467517e-27,7.4894494e-17
1.711887e-14,7.885419e-12,2.062028e-15,5.180195e-25,1.6205356e-13,5.388422e-17,1.0859571e-16,1.0186137e-18
1.2453879e-17,9.301738e-16,3.0526313e-17,1.6147541e-16,2.1656744e-15,1.1757818e-16,7.958053e-15,4.442361e-19
1.0484048e-19,2.7499917e-20,4.4256545e-17,2.2878699e-23,2.3689087e-10,5.5481403e-15,6.1825246e-17,5.654945e-19
3.1846804e-15,7.7326204e-16,6.3653823e-18,2.9319725e-16,4.8418185e-21,8.129926e-20,1.4346844e-26,1.1746612e-16
6.0287015e-15,3.9385066e-12,1.101037e-15,1.43698e-25,7.427409e-14,2.5549703e-17,5.378032e-17,5.57012e-19
7.5812814e-19,1.2667306e-14,1.2153894e-15,2.414822e-16,5.3291698e-14,2.1135382e-15,4.9826023e-13,5.673512e-17
2.7888582e-20,1.11175005e-20,7.9878474e-18,1.30460886e-23,2.7628379e-11,7.3846286e-16,3.6015742e-17,8.904763e-19
2.1006377e-15,2.7542282e-16,2.7475726e-18,1.63589e-16,1.3288603e-21,4.0962724e-20,4.0644887e-27,5.779015e-17
1.354918e-12,1.2700742e-10,1.5457235e-14,3.9970265e-24,3.2516687e-12,2.9319936e-17,5.8949327e-16,2.268088e-19
2.755308e-18,4.9152674e-15,3.0062578e-16,1.5458662e-16,2.630864e-14,1.7379458e-15,6.589375e-14,1.4533036e-17
1.3536386e-21,4.291512e-21,1.763481e-18,1.4305481e-25,9.142236e-13,3.3417154e-18,2.1696898e-18,1.2426871e-18
3.537511e-16,4.7539856e-14,9.389826e-17,3.775903e-16,6.1711173e-18,2.2526954e-20,4.7359126e-25,3.412975e-16
1.8444617e-13,5.3328682e-11,7.859941e-15,2.4221467e-24,1.1140046e-12,5.6245304e-17,1.7030627e-16,2.3822825e-19
9.8381595e-18,4.7052495e-16,9.501955e-18,2.4775163e-16,9.743304e-16,4.140851e-17,1.21739006e-14,1.0204683e-19
2.163561e-22,6.177158e-22,4.925337e-19,5.1676375e-27,6.070478e-13,7.84219e-20,1.3709036e-18,6.957002e-19
6.7036766e-16,8.44169e-15,2.669305e-17,1.187257e-16,4.0484437e-19,9.955366e-21,1.9245134e-25,3.564998e-16
6.3143114e-16,6.701424e-13,1.115721e-15,3.2591274e-26,1.1276253e-14,6.802331e-18,1.1995205e-17,4.249892e-19
5.6040716e-19,1.2892211e-18,2.3490209e-18,5.899248e-17,7.846871e-17,1.1466264e-18,3.175921e-15,1.0950604e-21
1.1507606e-22,6.8655875e-22,2.343731e-18,3.3058938e-27,2.8678804e-12,1.1850601e-20,4.8525872e-18,1.637349e-18
2.0597482e-15,1.00786564e-16,7.803519e-19,7.8526797e-17,3.7243348e-22,3.7706844e-20,9.467716e-28,9.6342636e-18
6.4816748e-18,2.3217306e-13,1.9026889e-16,4.921598e-27,1.7471582e-16,2.2130548e-20,3.1647743e-20,4.919682e-20
7.2836995e-20,3.6453717e-20,7.766609e-18,9.619506e-17,7.6654745e-18,2.8131679e-19,3.0899374e-15,2.5966544e-22
3.83389e-22,1.919942e-21,7.823881e-18,2.1817652e-26,5.6560438e-12,7.844135e-20,8.405591e-18,3.0077573e-18
1.0377946e-15,5.615863e-19,1.154874e-19,1.9105628e-19,7.0282086e-23,5.8742207e-21,1.8369204e-28,1.7871907e-18
1.8140742e-19,1.6296422e-13,2.4219626e-16,1.2450402e-26,7.217327e-18,6.389235e-22,4.71296e-22,4.8195604e-20
3.0314849e-19,4.7983196e-19,2.8959782e-17,2.4272716e-16,3.1926687e-17,1.844858e-18,9.738218e-15,2.3334416e-21
1.8623548e-22,9.921051e-22,3.3258947e-18,4.5465278e-27,3.849781e-12,1.7695374e-20,7.766549e-18,2.031474e-18
1.5700194e-15,3.7370472e-20,7.629467e-20,1.8825914e-21,3.3870633e-22,7.724022e-21,4.120139e-28,1.2967428e-18
1.9352246e-18,4.649543e-13,6.423762e-16,4.810435e-26,6.9321607e-17,7.633247e-21,6.967034e-21,1.8575046e-19
1.0377213e-19,4.2748154e-20,9.8878226e-18,1.3001174e-16,9.970699e-18,3.5374922e-19,3.955273e-15,4.522237e-22
1.1819404e-20,7.488892e-21,6.1617317e-18,1.112138e-24,2.930318e-12,3.451558e-17,6.1594288e-18,2.6335495e-18
3.254102e-15,4.897701e-19,2.4674394e-19,3.47438e-20,1.0196229e-21,3.0609056e-20,1.5857376e-27,3.974278e-18
2.3113138e-19,1.818795e-13,2.633864e-16,2.3139346e-26,9.517555e-18,9.774582e-22,6.208554e-22,5.8227544e-20
2.2457489e-17,1.7342239e-15,4.831459e-17,3.4752486e-16,3.2296284e-15,1.870427e-16,1.7396315e-14,7.6092996e-19
1.2271649e-18,1.0223775e-19,6.741193e-16,8.1427895e-24,6.1322225e-10,1.7786416e-14,1.0907109e-16,2.7281568e-18
2.2196128e-15,4.8358956e-20,9.849114e-20,2.950579e-21,4.800272e-22,1.2308253e-20,6.8748963e-28,1.9050036e-18
7.661072e-15,5.0271753e-12,2.3963235e-15,3.1103338e-25,1.09899875e-13,4.1019238e-17,7.784559e-17,1.0715615e-18
3.097746e-18,1.4586573e-14,2.7487926e-15,1.7395046e-15,4.3389934e-14,8.4319663e-16,1.4196766e-12,7.1169654e-17
3.7478706e-19,1.551281e-19,1.3563712e-16,1.4603633e-22,4.237463e-10,1.3711522e-14,3.4244383e-16,3.0603954e-18
4.0272876e-15,4.325578e-16,3.8438703e-18,2.8683617e-16,2.6787144e-21,8.618417e-20,8.957021e-27,7.1441115e-17
4.027624e-12,1.3885779e-10,1.3118735e-14,6.466713e-24,3.777488e-12,4.0064596e-17,3.8299277e-15,2.2325082e-18
4.0829536e-18,3.4897724e-14,3.286249e-15,1.0551433e-15,1.1172277e-13,7.121644e-15,8.7887504e-13,2.0795002e-16
1.3542027e-19,5.361309e-20,1.1111376e-16,1.5922128e-25,1.2756582e-10,5.9078775e-16,2.7309284e-17,1.0252018e-18
1.9571433e-15,5.1032695e-14,2.7635106e-16,8.50566e-15,4.6097857e-18,9.690062e-19,4.3864576e-25,3.4783916e-16
2.7357261e-12,2.606744e-10,5.09893e-14,3.9494372e-23,8.391312e-12,1.763624e-16,1.4601346e-15,1.3739139e-18
6.42483e-19,2.6235967e-15,7.299315e-17,5.823388e-16,1.1841327e-14,1.4204891e-16,9.344572e-13,3.7403598e-18
9.6580994e-20,3.6433558e-20,7.441634e-17,1.419578e-25,1.2743911e-10,5.006535e-16,1.8194539e-17,7.1716285e-19
1.4621021e-15,9.543296e-14,2.6180968e-16,9.764476e-16,2.0502843e-17,1.01596656e-19,2.6574288e-24,1.265122e-15
2.2034806e-13,8.33874e-12,1.596119e-15,1.7033214e-25,2.5685348e-13,5.0312653e-18,1.301845e-15,2.27713e-19
4.3231954e-19,2.687033e-15,5.704916e-17,4.4122886e-16,8.435542e-15,1.2330411e-16,6.137093e-13,2.9539848e-18
2.3508302e-19,6.333259e-20,2.5646583e-16,7.2165853e-25,2.296787e-10,1.2015505e-15,3.323271e-17,1.4338476e-18
1.6531044e-15,9.658971e-15,3.53376e-17,7.96905e-15,1.0098307e-19,9.835153e-19,1.3744746e-26,1.9760989e-17
1.3370929e-13,7.927947e-12,1.3522853e-15,1.098992e-25,2.3253738e-13,4.294384e-18,1.1005877e-15,1.3579688e-19
1.0211035e-18,4.539173e-15,3.088027e-16,9.275375e-16,1.8273098e-14,2.3891025e-16,1.4194058e-12,8.126988e-18
3.2404674e-20,5.3699464e-20,4.0781768e-17,4.6888334e-25,7.536212e-12,5.3703848e-17,2.7034913e-17,5.038583e-18
1.5209604e-15,7.3783244e-15,2.4471664e-17,6.0393818e-15,7.201533e-20,7.5681344e-19,7.97259e-27,1.692628e-17
4.4463337e-13,1.8672059e-11,2.3487734e-15,4.589942e-25,6.399045e-13,7.119568e-18,1.4076623e-15,3.7435837e-19
9.195779e-18,2.541345e-15,3.3330343e-17,8.954134e-16,7.624017e-15,3.9622933e-16,1.9075828e-13,1.0562613e-18
3.414112e-21,1.1732614e-20,1.8386061e-17,1.659965e-25,4.074541e-12,2.3643397e-18,1.6133926e-17,5.5819074e-18
1.6448389e-15,1.4795662e-14,5.1980715e-17,9.86941e-15,2.1902455e-19,1.212632e-18,4.7522155e-26,4.3219304e-17
9.547096e-15,1.8675755e-12,2.2368848e-15,4.8574224e-25,6.234139e-14,3.4248153e-17,2.6099597e-16,1.1808419e-18
3.478574e-18,7.865601e-17,3.271449e-17,5.901953e-16,7.0358786e-16,4.7330964e-17,4.733862e-14,7.10914e-20
2.5158902e-22,9.923965e-22,7.355494e-18,1.1191927e-27,1.0352267e-11,3.8240637e-20,1.5133946e-17,9.519692e-19
7.020574e-15,2.1204674e-15,8.739464e-18,1.4643124e-15,8.84058e-21,8.943947e-19,1.5861982e-26,5.205791e-17
1.279009e-16,7.4403005e-13,1.64371e-15,2.4219977e-25,2.9048989e-15,1.6033787e-18,2.1303069e-18,7.6926256e-19
4.9875954e-20,3.6582292e-20,5.8345888e-18,1.8948662e-16,2.455469e-18,4.9067144e-19,9.40783e-16,1.5787048e-21
5.0728633e-22,2.4155532e-21,1.4829514e-17,1.9638846e-27,1.3836939e-11,5.9067837e-20,3.405807e-17,2.0554516e-18
6.718656e-15,6.1580453e-17,1.4286934e-18,1.050251e-17,2.5400483e-21,2.0395093e-19,5.2186485e-27,2.2214147e-17
1.3970406e-19,4.5202117e-14,7.046861e-17,4.5765297e-26,5.5316694e-18,2.2720172e-21,4.42463e-22,4.0466037e-20
8.9993515e-20,5.8498937e-20,8.112121e-18,3.5854142e-16,3.6208996e-18,1.0896285e-18,1.0402798e-15,4.836816e-21
7.322891e-22,2.8278512e-21,2.7065457e-17,6.594172e-27,2.5955202e-11,9.24459e-20,3.461249e-17,2.4605697e-18
8.3662837e-16,2.0806625e-20,3.9442637e-20,6.0422438e-21,7.3882127e-22,1.914078e-20,2.848227e-28,3.0061059e-18
2.6802609e-19,4.5279776e-14,6.0182174e-17,1.5068386e-25,8.484745e-18,4.7428646e-21,1.0287848e-21,6.055076e-20
6.016372e-20,9.6633314e-20,2.047775e-17,3.8506107e-16,5.0890968e-18,1.4495047e-18,3.1313142e-15,4.931141e-21
8.503326e-22,2.4125694e-21,9.71468e-18,3.55154e-27,1.5226731e-11,9.640909e-20,3.6608734e-17,1.9857248e-18
1.1354072e-15,3.1218003e-20,8.202352e-20,1.5676753e-20,1.452641e-21,3.856998e-20,7.373015e-28,5.791083e-18
3.509575e-19,8.740233e-14,1.193437e-16,2.6510386e-25,1.8147266e-17,4.8756255e-21,9.876606e-22,6.231457e-20
1.08411364e-19,6.252649e-20,9.482222e-18,3.831474e-16,7.081701e-18,7.1269566e-19,1.6600115e-15,2.9437549e-21
3.2841088e-21,1.2838947e-20,1.3426776e-16,1.5071663e-25,6.506098e-11,4.7268486e-19,9.2512e-17,1.4872343e-17
1.7684013e-15,5.546349e-20,1.04530174e-19,1.5099726e-20,3.0960758e-21,5.3713393e-20,1.2486973e-27,8.749906e-18
3.2742052e-19,8.7542813e-14,9.061543e-17,1.431427e-25,1.5203904e-17,3.842252e-21,7.7038904e-22,5.797333e-20
2.4410756e-19,3.5818272e-19,1.9367702e-16,9.658781e-16,4.7320498e-17,7.842378e-18,2.6149401e-14,3.3200225e-20
4.209759e-21,1.0842207e-20,2.078723e-16,1.5160522e-25,2.8327136e-11,1.4111602e-18,9.166191e-17,5.4548703e-18
1.6738544e-15,2.4855768e-20,8.5141765e-20,1.2090972e-20,1.51079e-21,3.0403195e-20,8.343509e-28,7.641679e-18
1.3672164e-18,4.159485e-13,5.99286e-16,5.019384e-24,1.2683781e-16,2.540001e-20,5.8202423e-21,1.7590055e-19
1.3809385e-19,5.3220046e-19,1.4369922e-16,1.210217e-15,4.1555195e-17,1.21705855e-17,1.6421282e-14,6.84914e-20
2.8182886e-21,1.7518663e-20,1.391851e-16,1.7104176e-26,6.847173e-11,3.0593195e-19,1.9486794e-16,5.669701e-18
9.608477e-15,8.989474e-19,1.3626554e-18,9.269626e-20,2.2806148e-20,2.944005e-19,2.4638001e-26,7.584356e-17
1.3817243e-18,1.4678764e-13,8.8991346e-17,8.75008e-24,6.990182e-17,1.5943868e-20,9.003363e-21,6.339737e-20
1.3240343e-19,2.23186e-19,4.698181e-17,1.0369438e-15,1.229077e-17,7.04366e-18,7.004256e-15,4.7623932e-20
2.6451975e-19,5.3562824e-19,3.217993e-16,1.9325777e-24,4.329625e-11,3.101119e-16,2.6922746e-16,1.4132781e-17
5.146796e-15,7.546657e-19,1.4624847e-18,1.3004626e-19,2.3848998e-20,7.615223e-19,1.6393864e-26,6.461631e-17
8.6352047e-19,1.106497e-13,1.6372134e-16,2.3638363e-24,4.0899082e-17,2.1781131e-20,4.707194e-21,1.8717018e-19
2.1696329e-17,4.734925e-15,9.7975666e-17,3.0006682e-15,1.8551865e-14,2.210976e-15,4.4519935e-13,1.2858033e-17
1.4253054e-21,6.791041e-21,7.5176444e-17,2.1504162e-26,3.754117e-11,1.674394e-19,6.354177e-17,6.0674757e-18
4.2923107e-15,1.874896e-19,3.791963e-19,6.8112824e-20,1.4025826e-20,3.6228184e-19,9.945201e-27,3.3064404e-17
1.6691975e-14,2.4728474e-12,3.182118e-15,1.2263662e-23,1.6458574e-13,1.7464119e-16,7.717502e-16,3.1553028e-18
1.08182086e-19,1.3596431e-19,5.7537406e-17,4.0701132e-16,1.9421107e-17,5.2004092e-18,1.18661074e-14,1.9312992e-20
2.7823548e-20,9.322642e-20,1.7926754e-16,1.1519978e-24,3.1852396e-11,4.958764e-18,1.9356769e-16,3.958952e-17
2.007914e-14,4.0179885e-15,3.2382483e-17,6.4225155e-15,7.796404e-20,9.369927e-18,1.904074e-25,4.277565e-16
8.1936624e-19,2.0626793e-13,2.3169493e-16,1.5052825e-24,5.8769e-17,1.2083457e-20,4.340294e-21,9.257329e-20
4.079606e-18,4.7909537e-17,2.0053438e-16,2.1715892e-15,1.2471958e-15,1.4294308e-16,1.7657169e-13,3.2782918e-19
3.451525e-21,1.4749661e-20,8.6005634e-17,3.3779727e-26,6.294294e-11,3.3621077e-19,1.8244869e-16,8.978649e-18
4.477947e-15,4.6982835e-19,5.397036e-19,5.456779e-20,8.0760454e-21,1.848168e-19,9.5376835e-27,2.9798136e-17
1.4699418e-16,1.9843263e-12,3.0352867e-15,8.274018e-24,5.16694e-15,1.6188601e-18,1.8654658e-18,1.68671e-18
2.356451e-19,3.445937e-19,7.865841e-17,1.3761295e-15,1.926049e-17,4.0502216e-18,1.3077489e-14,4.0227477e-20
7.1892295e-22,2.7991097e-21,7.325057e-18,1.6920446e-27,1.06138865e-11,7.599259e-20,4.591484e-17,2.2689544e-18
2.7918736e-14,5.819077e-17,7.33767e-18,9.656487e-18,3.921654e-20,1.7119326e-18,1.169505e-25,1.6272449e-16
1.382283e-18,2.1526381e-13,3.9653625e-16,2.1873091e-24,7.798974e-17,2.271299e-20,4.419167e-21,2.3770899e-19
1.7082003e-19,5.246252e-20,5.954253e-18,4.020056e-16,6.2421216e-18,6.312086e-19,1.103341e-15,4.9004995e-21
1.857028e-21,4.329347e-21,1.03474976e-17,4.5745898e-27,1.3696801e-11,2.0083417e-19,6.39242e-17,3.863319e-18
6.2345166e-15,2.6368153e-19,4.0487523e-19,5.925674e-20,1.7359073e-20,2.3256772e-19,9.738641e-27,3.0854707e-17
3.7592826e-19,6.7248256e-14,7.047184e-17,1.3103483e-25,1.3616946e-17,4.7528263e-21,1.2384261e-21,6.780665e-20
3.077204e-19,8.367097e-20,8.522568e-18,6.8762754e-16,1.4618497e-17,1.0484092e-18,1.266353e-15,5.4093363e-21
1.2230131e-21,4.1477195e-21,1.2687309e-17,4.738727e-27,1.7681823e-11,1.4513631e-19,6.27354e-17,2.9522725e-18
1.6625845e-15,2.7940332e-20,8.821854e-20,1.637966e-20,1.081564e-21,2.7004978e-20,8.0127704e-28,6.312595e-18
5.1090904e-19,1.0039762e-13,7.796891e-17,3.0391409e-25,2.2841795e-17,6.8342866e-21,1.586759e-21,9.150141e-20
2.2064642e-19,1.0772908e-19,1.2972236e-17,6.212174e-16,1.0640955e-17,1.0075418e-18,2.3807428e-15,6.898828e-21
1.3967568e-21,4.465804e-21,1.39972e-17,4.5905673e-27,1.6942028e-11,1.5133007e-19,6.2609406e-17,3.1419823e-18
2.3493829e-15,3.2498514e-20,1.7974936e-19,2.5701083e-20,1.7696647e-21,4.611048e-20,1.5260014e-27,1.727237e-17
5.106479e-19,1.0741447e-13,1.6200232e-16,2.5054375e-25,2.2676144e-17,7.835338e-21,1.5582602e-21,1.1569819e-19
1.9637502e-19,9.631094e-20,1.1020149e-17,6.2753384e-16,9.9100266e-18,1.1405278e-18,1.7947703e-15,6.1762894e-21
2.1659558e-22,5.526406e-22,9.67086e-19,2.792658e-28,3.1191885e-12,2.2353779e-20,9.78307e-18,5.19432e-19
2.3885387e-15,5.489537e-20,1.2600525e-19,2.077094e-20,2.5178501e-21,4.937374e-20,1.4353734e-27,1.0206173e-17
4.2789133e-19,8.5854324e-14,9.709127e-17,2.8149195e-25,2.0016818e-17,6.7609026e-21,1.3623258e-21,9.304664e-20
7.698669e-20,1.3151541e-20,1.0785373e-18,1.0849924e-16,3.165273e-18,1.218172e-19,3.0348563e-16,4.2002607e-22
2.6252892e-22,8.536152e-22,2.405625e-18,6.711468e-27,3.115514e-12,1.9702399e-20,6.9014437e-18,3.1727435e-18
2.2723275e-15,3.512051e-20,1.3159024e-19,2.0425603e-20,2.192333e-21,5.0473695e-20,1.4125648e-27,1.2482178e-17
1.1881297e-19,3.9823525e-14,3.113373e-17,1.0788457e-26,4.189148e-18,9.129525e-22,2.6578976e-22,2.1021954e-20
1.2591059e-19,5.1430145e-20,1.1722925e-17,1.2575669e-16,1.9578508e-17,3.1446189e-19,5.51049e-15,3.6411431e-22
2.4613813e-22,1.09811e-21,6.025841e-18,6.910791e-27,5.9665944e-12,2.9189543e-20,9.549704e-18,2.8412856e-18
5.575401e-16,4.2405273e-21,1.9851928e-20,3.2852237e-21,1.3893907e-22,4.816893e-21,1.0084363e-28,1.6342354e-18
4.073151e-19,3.2997062e-13,3.0889815e-16,2.8174534e-26,2.1296172e-17,8.91685e-22,7.7613806e-22,5.3847774e-20
9.1006056e-20,6.214555e-20,1.8538396e-17,1.554737e-16,1.0552629e-17,5.2566315e-19,6.082502e-15,1.1567688e-21
1.5362735e-22,9.161343e-22,1.1395455e-17,8.650991e-28,1.0098309e-11,3.043313e-20,1.5812815e-17,1.7025997e-18
2.404739e-15,6.522992e-20,1.4052505e-19,3.0328583e-21,5.0189487e-22,8.889717e-21,7.8002994e-28,2.69221e-18
2.941109e-19,1.905223e-13,3.151024e-16,6.6002655e-26,1.8858082e-17,1.797608e-21,8.808428e-22,5.5192276e-20
5.5300184e-20,4.0258793e-20,7.483363e-18,2.5824475e-16,1.4176889e-18,5.083487e-19,7.031344e-16,3.899723e-21
2.616441e-22,2.01894e-21,2.1200689e-17,1.4822766e-27,1.4202461e-11,4.3506563e-20,3.018184e-17,2.084128e-18
2.3046623e-15,1.232917e-19,1.3934214e-19,4.905231e-21,1.0552205e-21,1.6217945e-20,9.633701e-28,3.7352838e-18
1.4492773e-19,3.3038988e-14,4.1595637e-17,7.1934944e-26,6.553477e-18,2.837317e-21,6.5194277e-22,3.9698042e-20
8.1172823e-20,6.146771e-20,1.02308875e-17,3.4044321e-16,2.125023e-18,1.055959e-18,1.1166152e-15,8.2270414e-21
2.923498e-22,2.0511014e-21,1.4798999e-17,1.1859965e-27,1.5359188e-11,4.466181e-20,3.2050175e-17,1.1919662e-18
8.626066e-16,3.2091357e-20,4.0263404e-20,8.1047164e-21,7.6169556e-22,1.6066219e-20,1.939272e-28,3.1447043e-18
2.3213338e-19,3.9205892e-14,6.2615144e-17,1.5143529e-25,8.387654e-18,5.4706365e-21,1.3103508e-21,6.434515e-20
6.3138166e-20,5.342648e-20,7.863107e-18,3.044202e-16,2.1871741e-18,8.269905e-19,1.337061e-15,5.650756e-21
6.4284e-22,2.002877e-21,2.7879463e-18,9.241167e-28,5.2281634e-12,7.3758855e-20,2.9538398e-17,1.5492357e-18
1.2093216e-15,5.79793e-20,6.336111e-20,1.5997844e-20,1.3850098e-21,3.5287434e-20,5.4136523e-28,4.264331e-18
1.9683101e-19,3.83161e-14,8.2027405e-17,9.4353484e-26,6.8881877e-18,4.3836396e-21,8.838249e-22,6.192949e-20
3.220653e-19,3.4333388e-20,2.4359977e-18,3.3555787e-16,7.157966e-18,3.630649e-19,4.570185e-16,1.8031164e-21
8.794135e-20,3.9370482e-20,5.198845e-17,1.5331523e-23,2.5135637e-11,5.4698365e-16,6.237364e-17,1.0329828e-17
1.1642406e-15,4.1286203e-20,4.6752e-20,1.2066505e-20,1.3218983e-21,3.7418975e-20,5.1186066e-28,3.2074865e-18
3.0489273e-19,6.637485e-14,5.7563314e-17,4.3494983e-26,7.923932e-18,3.352103e-21,1.0625803e-21,7.183151e-20
2.4976227e-17,7.0151396e-15,6.4474523e-16,1.0285995e-15,1.9261033e-14,1.3509189e-15,1.4034466e-13,1.5886578e-17
3.0742372e-18,3.3478507e-19,1.0368568e-15,4.3269983e-23,1.1933661e-09,4.8738296e-14,4.5940616e-16,8.4847125e-18
1.4499161e-15,1.3254082e-20,6.343415e-20,1.469625e-20,3.705897e-22,1.5015519e-20,4.8006413e-28,4.2646566e-18
1.4779986e-13,3.6474816e-11,1.5646123e-14,1.1448577e-23,1.1732887e-12,2.3563914e-16,4.4043514e-16,2.8356767e-18
5.789471e-18,2.9850115e-14,6.9894165e-15,3.9488655e-15,1.6879114e-13,2.1749136e-15,4.6819293e-12,2.3167728e-16
4.2857923e-18,6.2782026e-19,1.3825332e-15,1.620692e-22,1.4758891e-09,7.754073e-14,6.9185053e-16,1.3396175e-17
4.8247043e-15,1.13768815e-14,5.3867576e-17,9.717767e-16,2.1723554e-19,2.4467718e-19,1.9371305e-25,5.4091434e-16
1.3344038e-11,3.6292255e-10,3.7537752e-14,4.832753e-23,1.6059123e-11,1.2474568e-16,7.338185e-15,3.523622e-18
1.0419509e-17,6.607095e-14,1.19948564e-14,5.136205e-15,2.1837698e-13,5.2034534e-15,4.145666e-12,4.92649e-16
4.5951434e-18,3.28786e-19,1.822102e-15,2.0287739e-23,9.032034e-10,2.694476e-14,2.6968592e-16,8.89913e-18
3.3592175e-15,2.0579988e-13,9.218513e-16,1.7247902e-14,2.5551555e-17,1.6209118e-18,1.8941503e-24,1.1031979e-15
1.5843507e-11,4.9071214e-10,7.28186e-14,1.2234138e-22,2.1748062e-11,2.6823207e-16,1.0275766e-14,6.754133e-18
6.478782e-18,2.7520361e-14,3.708201e-15,3.2143632e-15,1.040023e-13,1.5899693e-15,3.8256334e-12,9.5325664e-17
2.2597896e-18,2.982153e-19,1.1583842e-15,1.6958476e-23,8.588595e-10,2.355284e-14,1.8661864e-16,5.8812703e-18
4.3162995e-15,2.4917468e-13,1.4558632e-15,1.4420814e-14,5.915835e-17,1.6643016e-18,5.0629598e-24,2.2225785e-15
6.3163116e-12,1.8758059e-10,1.9377215e-14,1.9817696e-23,6.5310487e-12,9.2801486e-17,9.604776e-15,4.2596323e-18
5.332066e-18,2.872564e-14,2.9226165e-15,3.8839823e-15,7.806606e-14,1.2985319e-15,2.7331705e-12,7.223087e-17
1.8975116e-18,2.359005e-19,8.5348093e-16,1.8132886e-23,7.0816497e-10,2.6371946e-14,2.1083595e-16,4.7366885e-18
5.671137e-15,8.688988e-14,5.50681e-16,2.3077824e-14,6.4151355e-18,4.275195e-18,1.472922e-24,7.3487705e-16
3.7955147e-12,1.3352727e-10,1.96612e-14,1.1035049e-23,4.775848e-12,5.918611e-17,6.354693e-15,3.8421257e-18
3.978419e-18,2.3746535e-14,2.9540683e-15,2.6480702e-15,8.5728327e-14,1.5554619e-15,2.3625754e-12,8.50987e-17
5.213735e-19,6.491169e-20,3.3602027e-16,1.5549564e-24,2.717029e-10,5.967177e-15,5.406562e-17,2.047688e-18
4.203257e-15,6.5869375e-14,3.8798196e-16,1.9090523e-14,5.6480926e-18,2.6680719e-18,6.3427207e-25,4.8855235e-16
5.1594627e-12,1.5323731e-10,2.1061952e-14,1.6531607e-23,5.9331845e-12,7.064976e-17,5.040417e-15,2.9288958e-18
1.885656e-18,6.851327e-15,7.2092165e-16,1.184819e-15,2.9587725e-14,3.8958518e-16,1.2674617e-12,1.8826598e-17
2.0924517e-19,1.0602371e-19,5.2602675e-17,8.904778e-23,7.8699214e-10,4.2876737e-14,4.3978874e-16,1.078093e-18
2.3770404e-15,8.236963e-14,4.366144e-16,1.1473944e-14,8.8869175e-18,1.4651316e-18,7.503174e-25,5.8030974e-16
1.3401882e-12,4.484828e-11,6.2218767e-15,1.6880243e-24,1.3825986e-12,1.8210371e-17,2.2366544e-15,1.0832171e-18
3.8451884e-19,2.1237227e-14,3.3252654e-15,5.9503985e-16,1.9992631e-13,4.1961597e-15,2.1674834e-12,2.6675249e-16
5.2344005e-19,1.8503405e-19,1.2646338e-16,2.6397502e-22,9.863658e-10,4.6997562e-14,5.053911e-16,2.3793956e-18
1.5462681e-15,3.4266565e-14,1.3793348e-16,8.0313386e-15,1.1172483e-18,8.153006e-19,9.6233894e-26,1.3658103e-16
1.4784993e-11,4.8000903e-10,5.7409894e-14,6.909171e-23,3.659907e-11,8.486335e-17,9.708614e-16,2.0903296e-19
1.0777148e-18,4.0036388e-14,7.3963036e-15,9.900364e-16,2.8519182e-13,5.7282547e-15,4.0479868e-12,4.0110184e-16
3.5376774e-21,2.668424e-21,3.342021e-18,2.399046e-25,1.2604464e-12,8.287721e-18,2.2676565e-18,1.8616198e-18
1.458308e-16,3.9120535e-13,5.920602e-16,7.134066e-16,1.9011289e-16,2.0862894e-20,7.5053213e-25,9.375872e-16
1.955207e-11,6.535528e-10,8.9827776e-14,1.2022936e-22,4.9183723e-11,1.2594729e-16,1.6310367e-15,5.115682e-19
8.893734e-18,7.139348e-16,2.1412662e-17,1.6529964e-16,1.6219657e-15,6.989009e-17,1.8410795e-14,2.3419331e-19
8.171029e-20,2.9488927e-20,2.9848647e-17,4.055932e-23,3.9340958e-10,9.154424e-15,8.7908944e-17,3.7079958e-19
3.8116485e-16,4.358845e-13,7.551305e-16,1.2900593e-15,1.9848937e-16,5.4089056e-20,2.6182759e-24,1.4708345e-15
2.9478544e-15,1.7887991e-12,1.1207076e-15,9.8244306e-26,4.927097e-14,1.6567265e-17,3.2391748e-17,3.7913697e-19
2.1225024e-19,1.499004e-14,1.5137369e-15,1.7588809e-16,8.154053e-14,2.6101604e-15,1.0180126e-12,7.616945e-17
1.5766594e-20,7.3227545e-21,6.3820376e-18,1.7263885e-23,1.05060946e-10,2.0006533e-15,3.107464e-17,1.5964325e-19
2.1680547e-15,3.3498485e-16,1.6655145e-18,1.6627232e-16,7.6481673e-22,4.2968052e-20,1.91329e-27,2.552866e-17
2.8391703e-12,1.9601705e-10,2.260385e-14,8.4087405e-24,9.305217e-12,2.3959918e-17,4.0050254e-16,8.6098076e-20
1.4867336e-19,6.385652e-15,5.7998e-16,5.989954e-17,3.9037926e-14,1.8356085e-15,2.5930633e-13,2.9298582e-17
1.4085396e-20,1.1330763e-20,5.1688436e-18,6.3821914e-23,1.3195982e-10,2.6089756e-15,5.3351826e-17,1.5929347e-19
1.2910286e-16,9.572701e-14,1.1536737e-16,2.119415e-16,2.6816034e-17,8.203475e-21,4.268971e-25,3.945852e-16
6.450279e-13,8.850918e-11,9.945527e-15,2.043437e-24,3.0332362e-12,1.4056593e-17,1.08262755e-16,2.8982173e-20
1.1830733e-19,1.1295195e-14,7.8160145e-16,5.886099e-17,6.675892e-14,3.9745416e-15,3.8661668e-13,4.3080542e-17
3.5583177e-21,1.1639307e-21,2.856315e-18,1.0466278e-24,2.5164947e-11,3.006728e-16,4.12979e-18,6.585522e-20
7.8639214e-17,3.1405807e-14,3.054087e-17,4.876267e-17,4.941185e-18,1.5824491e-21,1.6430056e-25,2.166136e-16
8.018856e-13,1.2742987e-10,1.8393947e-14,5.4831217e-24,6.054535e-12,2.1963721e-17,8.8713413e-17,2.4527233e-20
7.508777e-20,1.5424271e-15,1.01516614e-16,2.227465e-17,4.9951862e-15,3.7278711e-16,4.0304016e-14,3.0601615e-18
4.388324e-21,3.7966774e-21,2.1369481e-18,1.3448308e-23,1.9399296e-10,3.0515167e-15,2.584476e-17,2.073571e-20
6.174158e-17,4.725364e-14,3.572088e-17,2.820004e-17,1.3642736e-17,9.939841e-22,3.1319553e-25,3.5887529e-16
8.383065e-14,1.8974966e-11,1.8299874e-15,1.8250075e-25,4.720646e-13,4.453375e-18,3.6468097e-17,1.5897164e-20
1.0573284e-20,5.543317e-15,3.5757303e-16,1.8052812e-17,3.2365613e-14,2.0971066e-15,2.3382492e-13,3.0326446e-17
7.936958e-21,2.3850353e-21,4.997485e-18,2.3096244e-24,1.9065709e-10,2.4174869e-15,8.920882e-18,2.1926435e-20
4.9741507e-17,4.3793073e-15,5.6823027e-18,2.3638901e-17,2.1919924e-19,1.10171e-21,8.963412e-27,5.1487344e-17
8.5763205e-13,1.0484236e-10,8.393268e-15,9.44007e-25,3.7916072e-12,4.194185e-18,4.5178858e-17,3.9889137e-21
1.08379466e-20,3.0948922e-15,2.7091396e-16,2.3252181e-17,1.2951809e-14,4.1285974e-16,2.2891606e-13,9.801561e-18
4.0540468e-22,6.356852e-22,1.3484088e-19,8.842625e-24,1.9809163e-11,3.0851187e-16,6.0338917e-18,6.900091e-21
9.31213e-18,4.4141872e-14,1.9218142e-17,9.427507e-18,2.0117329e-17,1.5172812e-22,7.9759705e-26,1.0992738e-16
9.023704e-13,6.697916e-11,3.539335e-15,2.8524066e-25,2.3233798e-12,1.6785646e-18,6.5091815e-17,6.403903e-21
7.115513e-21,2.3703398e-15,6.558582e-17,3.2961754e-18,1.736863e-14,2.0893213e-15,3.158139e-14,4.8969754e-18
3.5645792e-22,7.0819035e-22,1.3818396e-19,1.1680527e-23,3.839319e-11,5.2678414e-16,7.197833e-18,4.5544403e-21
1.1550955e-17,1.8843944e-14,1.5600358e-17,3.117117e-17,4.718888e-18,5.9790724e-22,1.7262081e-26,4.3057543e-17
7.534551e-14,3.5218606e-11,2.9437076e-15,1.8004389e-25,1.0801587e-12,2.8185832e-18,5.7632494e-18,6.869333e-22
2.3961334e-21,2.7677954e-15,9.757619e-17,2.8674615e-18,1.9532471e-14,1.9612165e-15,6.023923e-14,6.7240557e-18
3.9843364e-21,1.1647473e-22,5.684059e-18,4.597086e-27,3.0872045e-11,1.514019e-16,2.076667e-19,1.1268306e-20
5.538785e-18,6.2004815e-15,2.5009301e-18,7.557373e-19,1.5706519e-18,1.28793975e-23,1.9526355e-26,7.0669434e-17
1.9402153e-13,5.2563624e-11,4.425709e-15,2.3179906e-25,1.957023e-12,2.0311484e-18,5.31874e-18,3.9050054e-22
6.1129548e-21,1.6667684e-16,2.4200865e-17,9.974616e-18,4.366394e-16,4.3931715e-18,3.1050934e-14,1.4564488e-19
4.956977e-22,3.077587e-22,3.9565623e-19,8.58961e-25,8.7723294e-11,5.6771526e-16,1.8879306e-18,1.5141538e-21
2.228288e-18,1.1484629e-14,3.461749e-18,6.4103375e-19,5.998618e-18,7.403242e-24,1.7055442e-26,5.352632e-17
9.3578906e-14,6.1520624e-12,9.0550476e-17,1.8012547e-27,1.0752926e-13,1.002752e-19,3.612582e-17,4.075603e-21
7.087741e-22,1.4393685e-15,5.813952e-17,2.3676974e-18,4.8410944e-15,2.955487e-16,5.567203e-14,2.5972342e-18
9.190115e-22,2.6421061e-23,2.1193157e-18,3.4703652e-28,9.980413e-12,2.0903238e-17,4.5862076e-20,3.4357742e-21
1.6245586e-17,5.072066e-16,1.6170147e-18,1.01169066e-16,8.7292225e-21,2.6190689e-21,8.135844e-29,2.0071403e-18
1.8063421e-13,3.165598e-11,1.2286095e-15,2.2986091e-26,8.1781055e-13,2.5854399e-19,8.079416e-18,3.4751582e-22
1.6507615e-21,4.2021946e-17,3.0967181e-18,2.463547e-18,1.2378954e-16,1.1224131e-18,1.2071054e-14,1.5160272e-20
1.6174318e-21,3.7416345e-23,2.9628553e-18,5.0146656e-28,1.5902786e-11,3.5901753e-17,7.356609e-20,5.066001e-21
1.3602456e-18,5.545263e-15,2.0199368e-18,1.4280451e-18,1.9609741e-18,1.5089742e-23,2.8508266e-27,1.13773854e-17
1.5282865e-14,1.3729462e-12,1.6284053e-17,1.1318622e-28,1.5916569e-14,2.4244444e-20,1.27950125e-17,7.4067526e-22
2.3188888e-21,5.5512475e-17,4.982086e-18,3.5950386e-18,1.688437e-16,1.3441725e-18,1.5919696e-14,2.6923e-20
2.5107133e-22,1.541757e-22,2.0213695e-19,2.2191784e-25,5.5921993e-11,4.669417e-16,1.1299525e-18,1.002361e-21
8.350684e-18,1.3569509e-16,3.208097e-19,4.9791816e-17,4.8229577e-22,1.5000742e-21,9.336438e-30,3.3179476e-19
2.460814e-14,2.111092e-12,2.3066039e-17,2.1690745e-28,2.66964e-14,3.7579617e-20,1.817158e-17,1.1721022e-21
2.7045981e-22,6.0195296e-16,2.926864e-17,1.5906097e-18,2.835962e-15,1.08829195e-16,3.724144e-14,1.0735705e-18
3.8768934e-22,1.049487e-23,9.311736e-19,2.0711829e-28,7.811128e-12,2.6668927e-17,2.1299311e-20,1.0635942e-21
1.11832346e-17,1.7226252e-16,4.812269e-19,6.894684e-17,8.840273e-22,2.1721708e-21,1.4296668e-29,5.604392e-19
2.2656821e-13,2.2663846e-11,7.621629e-16,1.6047304e-26,7.9640895e-13,1.6458775e-19,4.684684e-18,1.6869317e-22
7.0886597e-22,3.128529e-17,2.8957225e-18,1.4457661e-18,7.277822e-17,8.933104e-19,5.357867e-15,1.4848624e-20
1.8437989e-22,1.1121004e-23,3.582196e-19,6.849792e-28,1.3135531e-11,5.0548733e-17,3.978582e-20,6.8857833e-22
4.2463754e-19,4.629106e-15,1.942969e-18,1.3077911e-18,1.5091162e-18,8.2884866e-24,4.782546e-28,5.7464117e-18
1.4451378e-14,1.2893947e-12,1.4419224e-17,8.015273e-29,1.6564004e-14,1.2520214e-20,6.5332834e-18,4.9478896e-22
3.3823894e-22,4.375779e-17,4.651314e-18,1.2480221e-18,1.1102266e-16,1.6100409e-18,4.8253858e-15,4.0275844e-20
3.9338168e-22,9.330663e-24,9.119899e-19,1.4567035e-28,7.761095e-12,1.926049e-17,2.0620701e-20,1.1082435e-21
2.4974692e-18,1.00635965e-16,2.2685291e-19,1.8280877e-17,8.0824517e-22,3.644186e-22,3.3795256e-30,2.880803e-19
2.904003e-14,2.7605294e-12,3.154751e-17,2.1819879e-28,4.9036215e-14,1.7015008e-20,3.9590705e-18,2.3913656e-22
6.1255335e-22,2.5290794e-17,2.2409727e-18,1.288577e-18,6.290795e-17,6.278154e-19,5.738512e-15,1.04187364e-20
1.7656315e-22,7.054986e-24,4.354328e-19,4.156749e-28,9.713394e-12,2.6125482e-17,1.6279431e-20,4.793172e-22
8.261802e-19,2.1060926e-16,3.2789295e-19,7.2449946e-18,5.0111837e-21,6.687485e-23,4.2175195e-30,4.4407853e-19
1.3314503e-14,1.1919449e-12,1.09189255e-17,5.4316045e-29,1.4450523e-14,1.0707718e-20,6.0275195e-18,3.9504937e-22
3.150329e-22,3.9557815e-17,3.6189665e-18,9.035129e-19,6.25958e-17,9.514392e-19,4.167541e-15,1.8239265e-20
4.332812e-23,9.092259e-24,1.860476e-19,9.5988416e-30,2.3144056e-12,8.685321e-19,8.294351e-21,5.8137595e-22
2.8637667e-18,7.553432e-17,1.791374e-19,1.9008668e-17,4.795348e-22,4.004234e-22,2.6538141e-30,2.1687288e-19
1.6443756e-14,1.7650007e-12,1.897614e-17,7.0735074e-29,2.4673985e-14,8.5812436e-21,3.2612797e-18,2.4910796e-22
1.2886138e-22,7.127639e-18,1.0894824e-19,5.229291e-19,2.992572e-17,2.6024694e-19,5.427086e-15,9.085056e-22
6.8232865e-23,5.5911814e-24,2.0840476e-19,1.942099e-29,3.1425615e-12,1.1611961e-18,8.502941e-21,1.365083e-21
9.981881e-19,8.2329604e-17,1.5433363e-19,5.731678e-18,1.6191356e-21,8.6077586e-23,2.7758524e-30,2.468249e-19
1.1039095e-15,9.426933e-14,1.846069e-18,3.9052428e-30,1.832097e-15,2.1120005e-21,1.8329049e-18,3.9412046e-23
9.097641e-23,5.9888546e-18,7.1349813e-19,3.4438605e-19,4.5846227e-17,4.9347776e-19,9.567257e-15,4.3144244e-22
8.739476e-23,4.262285e-24,2.2443077e-19,2.6954235e-28,8.907189e-12,2.002438e-17,1.2384408e-20,2.3054807e-22
1.7040618e-18,1.9237433e-17,3.4386473e-20,1.888551e-17,2.4179292e-23,3.381796e-22,1.9265278e-31,2.2881525e-20
8.0194247e-16,8.602304e-13,1.4712418e-18,3.5019726e-30,4.976813e-15,5.120636e-21,1.4799273e-18,6.6655553e-23
1.3736543e-22,2.9392612e-17,2.3708063e-18,4.929453e-19,5.3189047e-17,8.4338834e-19,3.0638804e-15,1.4130064e-20
2.9062393e-23,4.8603323e-25,1.1363537e-19,3.106579e-30,2.0111241e-12,1.5911984e-18,1.5417164e-21,9.857067e-23
1.0465751e-18,6.9465304e-18,2.3322323e-20,6.587665e-18,1.00056064e-23,1.6916746e-22,1.8590325e-30,1.0795452e-19
1.26184506e-14,1.4468243e-12,1.488977e-17,4.0279347e-29,1.9410915e-14,5.267365e-21,1.916769e-18,1.0727742e-22
4.784912e-23,3.0226412e-18,1.8056855e-19,1.3362933e-19,7.822628e-18,5.0083007e-20,9.317612e-16,6.1001864e-22
1.3970111e-23,3.1581232e-24,6.323241e-20,5.3098483e-30,2.2092848e-12,4.611226e-19,3.0918977e-21,2.9622277e-22
4.620382e-19,7.116423e-17,1.03155245e-19,2.7886376e-18,1.6106405e-21,3.12045e-23,1.7026543e-30,1.7452836e-19
1.5673504e-15,2.0464792e-13,9.990186e-19,9.480025e-31,1.6804187e-15,8.714147e-22,8.016721e-19,2.2038265e-23
3.2062674e-23,4.8742006e-18,1.3341084e-19,2.4569668e-19,1.9749986e-17,2.2857634e-19,4.155714e-15,2.2021722e-22
3.3266858e-23,1.1554882e-24,1.5363462e-19,7.194083e-30,2.7628102e-12,2.0172495e-18,2.3871558e-21,1.5330888e-22
4.5494784e-19,9.195814e-18,1.4956009e-20,3.3965155e-18,1.5388477e-23,4.7226035e-23,5.2047587e-32,1.641857e-20
2.2262853e-16,1.7801087e-13,8.0869664e-19,7.977076e-31,2.007151e-15,1.2931645e-21,6.423605e-19,1.6278848e-23
6.4977987e-23,5.4896474e-18,2.1636963e-19,2.5036105e-19,1.239681e-17,1.01093685e-19,1.4390884e-15,7.621605e-22
2.0814611e-23,1.3157133e-24,7.506686e-20,2.4439874e-30,1.5496454e-12,4.346163e-19,2.700311e-21,3.1656647e-22
6.0346486e-19,4.5472426e-18,8.8164335e-21,5.1058393e-18,4.9715533e-24,9.945145e-23,1.1897188e-31,2.5797345e-20
1.3145655e-15,2.0579559e-13,1.281386e-18,1.5360622e-30,2.184101e-15,1.2127968e-21,1.0181669e-18,2.937515e-23
2.6085273e-23,2.0305288e-18,1.3936393e-19,1.0956383e-19,1.6003731e-17,1.3025179e-19,3.2455357e-15,1.5887024e-22
2.86764e-23,4.7057846e-25,1.1342532e-19,4.718787e-30,2.7566987e-12,1.9481123e-18,1.321878e-21,9.6273323e-23
6.9358567e-19,1.1744814e-17,1.9252307e-20,5.5126894e-18,2.0805164e-23,8.576556e-23,7.637982e-32,2.3794476e-20
4.762167e-16,2.4968563e-13,5.0646537e-19,7.0420547e-31,1.7282867e-15,1.347081e-21,6.1996406e-19,1.4930904e-23
4.0723972e-23,3.791458e-18,2.4724522e-19,1.4713758e-19,5.879521e-18,5.112636e-20,7.6661543e-16,6.481513e-22
2.421141e-23,9.90062e-25,9.1992436e-20,4.0464905e-30,1.6763396e-12,6.364578e-19,2.2169743e-21,2.4673792e-22
4.0821888e-19,3.6115057e-18,9.767468e-21,3.2501026e-18,3.630723e-24,5.899703e-23,1.687014e-31,2.7060147e-20
1.7159758e-15,3.116059e-13,1.0933091e-18,9.137183e-31,2.3519744e-15,7.8490363e-22,8.0762994e-19,2.379308e-23
2.8814568e-23,2.4385824e-18,2.810529e-19,1.11851e-19,1.3500727e-17,1.3009537e-19,2.5764366e-15,1.7439898e-22
1.9105006e-23,3.8272792e-25,7.0644527e-20,1.1368199e-30,1.1708631e-12,6.264494e-19,1.0660882e-21,1.03944705e-22
4.3300447e-19,7.193798e-18,1.3911793e-20,2.9741339e-18,1.812044e-23,3.6117167e-23,5.133026e-32,1.7768358e-20
5.167055e-16,4.2347977e-13,5.733118e-19,6.760611e-31,1.9196913e-15,1.4065202e-21,5.709743e-19,2.3605757e-23
2.1154656e-23,1.6255866e-18,7.408484e-20,6.9217646e-20,7.011008e-18,4.1507442e-20,1.1687082e-15,1.6564759e-22
4.1092206e-25,1.6454331e-25,2.3719877e-21,1.5019094e-32,1.2335207e-13,1.462885e-20,2.2919855e-22,8.7077914e-24
3.38224e-19,2.696805e-18,7.586164e-21,2.009408e-18,3.846851e-24,4.6811e-23,2.9455483e-31,3.1272116e-20
8.556912e-16,1.3457897e-13,4.1054106e-19,3.942196e-31,1.090832e-15,5.9983994e-22,5.4652816e-19,9.701096e-24
2.735443e-24,2.0219789e-19,5.606672e-22,1.2216009e-20,7.460528e-19,9.2335886e-21,1.2782091e-16,1.3880762e-23
3.0004257e-24,4.4628657e-25,1.7138714e-20,7.6142186e-31,1.0231244e-12,1.2320988e-19,5.728431e-22,7.573665e-23
3.4644552e-19,4.542717e-18,8.65538e-21,2.703294e-18,4.491338e-24,3.722614e-23,2.9697025e-32,1.1500596e-20
1.126914e-17,1.80715e-15,5.823999e-20,1.5800515e-32,2.9723547e-17,9.599865e-23,5.2139708e-20,4.6457823e-25
5.068583e-24,1.3308713e-18,5.584201e-20,5.138582e-20,5.8397107e-18,6.862949e-20,1.4318712e-15,2.924456e-23
2.107347e-23,4.50759e-25,8.703956e-20,1.9111644e-30,1.5200725e-12,9.034578e-19,1.254679e-21,9.58658e-23
9.0349184e-20,4.067685e-19,4.841779e-22,5.8230243e-19,1.6421975e-25,8.898866e-24,2.586308e-34,5.4747674e-22
6.604099e-17,1.2144893e-13,1.9212699e-19,7.6132555e-32,7.870347e-16,3.249885e-22,1.4698219e-19,3.4734453e-24
2.957134e-23,2.2065072e-18,1.1130619e-19,9.610065e-20,7.272213e-18,4.8992315e-20,1.0370585e-15,2.723337e-22
1.1143676e-24,1.3499589e-25,9.1539765e-21,2.5104429e-31,6.2711007e-13,7.027469e-20,2.0074655e-22,1.9756857e-23
1.107032e-19,7.8291027e-19,1.717955e-21,1.0247325e-18,6.7318086e-25,1.456546e-23,2.1893037e-32,9.051093e-21
9.527226e-16,1.6497892e-13,6.0317023e-19,5.28864e-31,1.2627641e-15,6.8894093e-22,6.054455e-19,1.4332315e-23
2.6567092e-24,7.27171e-19,1.8789834e-20,2.812072e-20,2.3762932e-18,1.950676e-20,5.6330793e-16,2.4208456e-23
1.6340872e-24,3.3380085e-25,1.01312524e-20,2.3115114e-31,5.8507404e-13,5.272675e-20,4.544979e-22,5.965719e-23
3.7741974e-19,5.7307156e-18,9.871791e-21,2.797054e-18,7.0185065e-24,4.176054e-23,4.077788e-32,1.3084334e-20
6.5742125e-17,3.8389176e-14,1.0881035e-19,2.985901e-32,4.1178075e-16,8.719196e-23,7.804855e-20,1.0636128e-24
2.7926954e-24,6.180019e-19,2.511204e-20,2.9193666e-20,4.931317e-18,4.7743075e-20,1.5114691e-15,1.2190759e-23
2.8054018e-24,3.6424153e-25,1.533032e-20,4.0781167e-31,7.501488e-13,8.5093375e-20,5.780301e-22,9.017757e-23
6.7087786e-20,8.1137883e-19,1.1075503e-21,7.8514433e-19,5.1726916e-25,6.4044304e-24,2.4611329e-33,2.3923158e-21
4.0326947e-17,6.8291374e-14,9.7378965e-20,3.4020543e-32,4.4578836e-16,2.14942e-22,8.5514455e-20,1.8720827e-24
3.7189076e-24,7.4190935e-19,4.7219987e-20,3.174496e-20,5.693347e-18,6.5321555e-20,1.5411979e-15,1.6513456e-23
1.0341739e-24,2.517173e-25,7.6495425e-21,2.8724458e-31,6.8414615e-13,5.539498e-20,2.9678828e-22,3.555044e-23
6.6884635e-20,4.579724e-19,1.0139019e-21,7.050511e-19,2.5947491e-25,9.570316e-24,1.2189402e-32,5.3377973e-21
6.0150734e-17,1.369279e-13,1.2199437e-19,5.4692913e-32,6.279194e-16,3.4337805e-22,1.2660607e-19,3.0593004e-24
2.2218729e-24,8.2433537e-19,2.9215166e-20,3.0531272e-20,3.6660004e-18,4.6596567e-20,1.0082853e-15,1.2006339e-23
2.6620756e-24,9.977468e-26,1.4639791e-20,3.4412788e-31,7.53082e-13,1.6847284e-19,2.4382332e-22,2.4266518e-23
8.238854e-20,5.1810013e-19,1.4618521e-21,7.185128e-19,3.6229317e-25,1.1170879e-23,2.9013963e-32,9.199028e-21
2.357865e-17,7.53402e-14,1.0252481e-19,2.257456e-32,4.4450293e-16,1.6153592e-22,6.927735e-20,1.6700775e-24
3.6849034e-24,7.7550886e-19,3.9525178e-20,2.6213092e-20,2.3744447e-18,1.867208e-20,4.9051694e-16,2.8072123e-23
4.4949354e-25,1.1316954e-25,3.1882562e-21,1.017046e-31,4.7865244e-13,2.424167e-20,1.7724338e-22,3.034637e-23
5.507765e-20,3.747027e-19,6.9827024e-22,5.107317e-19,2.4219514e-25,7.372101e-24,8.052278e-33,4.658943e-21
1.2794189e-16,1.05271606e-13,1.4530083e-19,3.8516518e-32,5.395974e-16,1.4603243e-22,1.1793198e-19,2.3913176e-24
7.1905076e-25,3.3971227e-19,3.3883334e-20,1.26051816e-20,3.092374e-18,4.1002432e-20,9.824218e-16,2.7340142e-24
1.0559841e-24,6.1228814e-26,6.1585495e-21,6.1725097e-32,3.619507e-13,4.1280377e-20,1.5418923e-22,2.1149814e-23
8.0383674e-20,7.9655694e-19,1.334942e-21,5.7097863e-19,6.986315e-25,6.2803662e-24,6.189365e-33,4.00109e-21
6.5589037e-18,1.3088524e-13,4.0985232e-20,5.845773e-33,3.4062247e-16,1.4632854e-22,2.670635e-20,9.550544e-25
1.1988483e-24,2.5429884e-19,1.23143105e-20,9.6846944e-21,1.8975333e-18,1.3244984e-20,4.975102e-16,7.283546e-24
1.5876419e-30,9.679442e-30,4.3966287e-24,6.7765695e-38,5.54027e-16,1.06505255e-27,2.3596922e-24,9.2583606e-26
1.784498e-20,8.4355847e-20,2.2355631e-22,1.4061944e-19,4.3603464e-26,2.3558248e-24,1.05238865e-32,5.6481484e-21
5.5588966e-17,4.9767963e-14,4.5633816e-20,1.2380694e-32,2.682085e-16,8.8188465e-23,5.7329407e-20,7.054902e-25
4.2512347e-28,3.0496943e-27,8.757889e-25,6.928966e-23,4.4447377e-25,1.02606663e-25,3.3931433e-21,1.8910842e-29
2.5467085e-25,8.532162e-26,2.0621399e-21,8.5068845e-32,4.987004e-13,3.146573e-20,9.0429385e-23,5.5062416e-24
3.5602613e-20,3.2937226e-19,6.996006e-22,3.5026066e-19,1.614377e-25,3.288504e-24,2.5865166e-33,2.3682268e-21
1.6339608e-26,1.9914969e-19,2.2029102e-23,9.060558e-36,2.7196177e-24,2.8615118e-29,1.2611954e-29,5.10743e-28
6.94187e-25,7.4253786e-19,9.749601e-21,1.6550057e-20,1.143512e-18,2.0481236e-20,2.6261288e-16,6.501713e-24
3.0862115e-25,9.710491e-26,1.9443234e-21,2.3410693e-32,1.7394433e-13,1.9217309e-20,1.0850677e-22,3.706996e-24
1.2826752e-21,1.5765394e-27,1.5135602e-27,2.1381523e-28,4.5133604e-30,8.365499e-28,0.0,5.110517e-25
5.6260727e-18,3.5228497e-14,5.959155e-20,3.5918997e-33,1.8708552e-16,5.124031e-23,3.3611958e-20,6.2751183e-25
1.3652057e-24,4.6100476e-19,9.804757e-22,1.2596578e-20,6.9352477e-19,7.357054e-21,1.2893011e-16,1.046864e-23
1.105813e-25,2.3400765e-26,1.2136252e-21,3.1075712e-32,3.1593814e-13,1.5410176e-20,3.286662e-23,2.9103205e-24
2.755137e-20,1.3746315e-19,1.7202954e-22,1.5869847e-19,1.0363494e-25,3.095303e-24,8.803805e-34,1.3795366e-21
1.360677e-17,3.6662157e-15,6.477293e-20,5.2978832e-33,5.092712e-17,3.9747836e-23,5.000798e-20,4.3018454e-25
2.999554e-25,2.8783533e-19,6.0766162e-21,7.101817e-21,6.2254016e-19,8.053095e-21,1.591795e-16,2.922224e-24
3.2483803e-25,7.305606e-26,2.576065e-21,3.8839047e-32,2.7966876e-13,1.427913e-20,1.2187279e-22,1.5646619e-23
5.354891e-20,3.165247e-19,2.9202767e-22,3.02744e-19,1.7613302e-25,5.102163e-24,1.4700519e-34,3.3880066e-22
5.1080405e-18,2.3624918e-14,2.6638791e-20,1.4432314e-33,1.329888e-16,1.9549565e-23,1.5116729e-20,1.9795991e-25
5.249141e-25,1.9684829e-19,1.0460153e-20,7.9299075e-21,1.7649751e-18,1.814177e-20,6.4331544e-16,2.115174e-24
3.017778e-26,1.398678e-26,3.7584307e-22,2.0780075e-33,3.637888e-14,1.41265e-21,2.6233058e-23,1.5697007e-24
1.2201338e-20,1.0194411e-19,1.1208405e-22,1.091654e-19,4.7132738e-26,1.0196135e-24,2.7361704e-34,7.044505e-22
9.5789285e-18,4.5187114e-14,2.7648758e-20,3.819184e-33,1.7954815e-16,6.2822383e-23,2.1276896e-20,4.877494e-25
5.0221005e-25,2.9571048e-20,1.348803e-22,2.5216565e-21,7.993204e-20,1.8730998e-21,1.4593757e-17,1.534433e-24
1.2880809e-25,3.92856e-26,1.341026e-21,2.2785487e-32,2.6266887e-13,9.612846e-21,6.171925e-23,7.0499016e-24
1.5156396e-20,8.968815e-20,1.9842443e-22,1.436261e-19,3.9075458e-26,1.7834804e-24,2.8877361e-33,1.9257585e-21
6.87797e-19,4.48114e-16,1.1308914e-20,1.8513652e-33,5.602108e-18,1.491104e-23,3.2853992e-21,6.376876e-26
2.7873195e-25,1.7071646e-19,9.0046e-21,6.190725e-21,1.1378335e-18,1.3866759e-20,4.0300978e-16,1.3778829e-24
1.2063943e-25,3.036462e-26,1.2436336e-21,3.3707154e-32,3.4597976e-13,1.7959846e-20,3.671253e-23,2.3772471e-24
2.3013972e-20,3.3336397e-20,4.265817e-23,5.3640908e-20,1.2516642e-26,1.0081461e-24,1.5414056e-35,1.5054504e-22
3.5779644e-18,3.817626e-14,1.8665101e-20,1.41202705e-33,1.3582041e-16,3.6443787e-23,1.1298911e-20,2.9039868e-25
3.3888676e-25,3.826561e-19,4.8807057e-21,8.395676e-21,5.498741e-19,8.7019926e-21,1.3247386e-16,3.8445333e-24
2.6893254e-26,1.587203e-26,3.4977146e-22,1.1183661e-32,2.119293e-13,3.8162507e-21,2.272639e-23,3.938753e-24
8.495257e-21,5.101414e-20,8.830898e-23,8.021152e-20,1.9846491e-26,1.0340594e-24,1.2068865e-33,1.3141805e-21
4.9714738e-18,2.0055524e-14,3.2509423e-20,1.5539708e-33,1.1928408e-16,1.96676e-23,1.9171326e-20,2.3516843e-25
6.6842354e-26,1.0472256e-19,1.3819021e-20,2.9730745e-21,7.5635746e-19,1.529527e-20,3.0995813e-16,2.463557e-25
1.2541216e-25,2.1192264e-26,1.1813086e-21,1.2723707e-32,1.9591433e-13,7.9334166e-21,4.286092e-23,6.011084e-24
1.555814e-20,1.0883608e-19,1.1232245e-22,1.1904887e-19,6.2039713e-26,1.3987008e-24,2.2646643e-34,5.8883516e-22
3.4534377e-19,7.987361e-14,7.877386e-21,1.9623574e-34,1.06748684e-16,2.5879114e-23,3.0047826e-21,1.568766e-25
2.1549585e-25,1.0613135e-19,5.3732223e-21,3.760096e-21,8.311082e-19,7.358767e-21,3.0509214e-16,1.0829989e-24
2.168914e-31,1.3422839e-30,9.46856e-25,1.3832397e-38,1.9549336e-16,1.7871136e-28,3.4663487e-25,2.3312291e-26
2.0507494e-21,7.64263e-21,1.5142734e-23,1.3663862e-20,2.483492e-27,2.3633575e-25,1.2078905e-33,1.5493515e-21
5.770245e-18,2.879102e-14,1.3766302e-20,1.14788245e-33,1.1608121e-16,2.4838287e-23,1.0919283e-20,1.671262e-25
6.6400305e-29,5.8643483e-28,2.6499566e-25,1.3609012e-23,1.3269983e-25,2.2587548e-26,1.3928408e-21,2.2455542e-30
3.0514416e-26,1.8434927e-26,3.4340428e-22,1.13616855e-32,2.3927954e-13,5.312e-21,2.163436e-23,2.704451e-24
7.987896e-21,5.690041e-20,1.01453583e-22,8.072322e-20,1.806816e-26,7.0044607e-25,5.71081e-34,8.809537e-22
3.292302e-27,8.684323e-20,6.688323e-24,1.1689365e-36,8.435435e-25,3.872399e-30,1.9200796e-30,6.3426356e-29
7.10413e-26,1.6322783e-19,8.56009e-21,3.5776587e-21,5.633608e-19,1.3969814e-20,2.0514118e-16,3.636168e-25
1.3940484e-27,9.467066e-28,5.0017256e-23,1.8186956e-34,9.206851e-15,5.999495e-23,4.1727555e-24,2.7199382e-25
3.9943933e-22,4.339732e-28,3.9548998e-28,3.63142e-29,7.446466e-31,1.2329724e-28,0.0,1.3015802e-25
3.8224032e-19,5.599641e-14,9.927644e-21,2.0226731e-34,9.288507e-17,2.2020953e-23,4.4321666e-21,1.6149252e-25
7.169004e-26,1.5527832e-21,3.0901846e-23,4.6749987e-22,6.1390352e-21,2.7029379e-22,1.3648091e-18,1.1192235e-25
1.8497765e-26,6.3097255e-27,2.2799514e-22,3.4427195e-33,1.4959658e-13,3.8287476e-21,9.842258e-24,6.394663e-25
3.0429982e-21,9.747592e-21,1.6552432e-23,1.7456889e-20,4.1060826e-27,3.404715e-25,5.687114e-34,1.0993213e-21
1.5314945e-20,9.3584654e-17,1.8472425e-21,2.1556884e-34,5.1479043e-19,1.2348719e-24,6.8834684e-23,8.10531e-27
4.6054433e-26,1.0169901e-19,2.0362812e-21,1.9658244e-21,2.375114e-19,3.6951705e-21,7.2168345e-17,4.2217957e-25
2.669914e-26,7.061599e-27,2.3528273e-22,2.0497279e-33,8.79448e-14,3.9252442e-21,1.060336e-23,3.5281153e-25
6.82884e-21,1.2323467e-21,2.5075709e-24,1.4408528e-21,7.1242595e-28,1.0469348e-25,9.760424e-37,3.6613928e-23
6.5443806e-19,1.390584e-14,6.981374e-21,1.1109663e-34,4.4196482e-17,6.4594893e-24,3.4587737e-21,5.497631e-26
8.670691e-26,1.2412366e-19,3.9114904e-22,2.2846714e-21,1.4462728e-19,1.3385471e-21,3.8788408e-17,9.807548e-25
3.172779e-26,8.177829e-27,3.192356e-22,3.567184e-33,1.2699923e-13,5.1790202e-21,1.2095568e-23,5.2812177e-25
2.5733347e-21,1.35353074e-20,1.4404447e-23,1.7286845e-20,5.2247837e-27,2.2851203e-25,5.476068e-35,2.5387876e-22
1.9617597e-18,2.686992e-15,1.0917784e-20,1.5809062e-34,2.2112943e-17,3.8884867e-24,6.358019e-21,4.715756e-26
9.8925364e-26,1.4527922e-19,8.3577735e-22,2.740722e-21,1.9937847e-19,2.259476e-21,5.20589e-17,1.1438618e-24
2.8943855e-26,7.232535e-27,2.6837661e-22,2.1530843e-33,9.5677176e-14,4.1131184e-21,1.1129747e-23,3.8923282e-25
5.8758116e-21,3.4321472e-20,2.4447981e-23,3.0249336e-20,1.4956763e-26,3.7754104e-25,9.363802e-36,6.8121295e-23
1.9565506e-18,5.2341914e-15,1.2464316e-20,2.2100947e-34,3.411476e-17,5.3522453e-24,7.2867536e-21,6.1834166e-26
8.9278593e-26,1.223523e-19,4.3088486e-22,2.2466698e-21,1.6212015e-19,1.4853205e-21,4.4237467e-17,9.799171e-25
2.4448785e-26,6.0123816e-27,3.1546944e-22,4.376311e-33,1.446142e-13,4.783858e-21,8.255164e-24,5.0549295e-25
5.954561e-21,4.2285276e-20,3.182093e-23,3.7681534e-20,1.7078945e-26,4.5875087e-25,2.1156625e-35,1.2428173e-22
2.2362075e-18,3.0292367e-15,1.12787135e-20,1.7503975e-34,2.3986989e-17,3.9773905e-24,6.829126e-21,4.8210168e-26
6.79245e-26,1.2394576e-19,1.175308e-21,2.223428e-21,1.7046265e-19,2.4824577e-21,4.6370726e-17,7.586843e-25
7.692388e-27,3.2184048e-27,1.0417375e-22,1.6264614e-33,1.3265459e-13,2.3023443e-21,5.5553585e-24,4.092295e-25
5.949362e-21,4.1008846e-20,2.8858895e-23,3.5730506e-20,1.6285779e-26,4.2318734e-25,1.0653326e-35,7.2536044e-23
1.5580129e-18,7.427348e-15,9.471434e-21,1.7554395e-34,3.8330077e-17,4.43688e-24,5.3996872e-21,4.8007557e-26
2.0297537e-26,6.5013546e-20,2.103173e-21,1.2424529e-21,1.8108522e-19,3.016658e-21,5.723553e-17,1.8481338e-25
1.8533292e-26,6.2508148e-27,2.0842032e-22,2.2253658e-33,1.1712087e-13,2.0015709e-21,1.1622036e-23,1.9404377e-24
4.211413e-21,3.0242987e-20,2.6400811e-23,3.3141637e-20,1.2099287e-26,3.0915257e-25,2.456497e-35,1.4313582e-22
1.9892949e-19,1.7686082e-14,3.867722e-21,3.7488265e-35,3.7803252e-17,4.9176457e-24,1.6716927e-21,3.3613647e-26
2.9980428e-26,4.2210817e-20,2.8323535e-21,1.164548e-21,3.572248e-19,4.897827e-21,1.606858e-16,1.1152048e-25
5.4700656e-31,2.0267862e-30,2.5986932e-24,9.1236026e-38,5.3698135e-16,3.9254552e-28,4.597494e-25,7.142471e-26
1.1816602e-21,5.5015468e-21,5.7314638e-24,7.314212e-21,1.6767649e-27,1.043267e-25,3.8328996e-35,2.5212994e-22
4.7268486e-19,2.853636e-14,3.7511995e-21,8.2847734e-35,4.9916194e-17,1.0232689e-23,2.2450936e-21,4.775003e-26
8.77101e-29,9.097028e-28,1.2636981e-24,1.5156604e-23,5.170423e-25,8.302972e-26,4.6834445e-21,2.848713e-30
1.286334e-31,8.616725e-31,6.184056e-25,0.0,1.4502252e-16,9.8020295e-29,1.87971e-25,1.5619044e-26
1.5271359e-21,6.295199e-21,1.2481045e-23,1.3013749e-20,1.5282268e-27,1.336733e-25,1.824491e-34,5.0739665e-22
8.813078e-27,4.973899e-19,1.5389239e-23,5.1121072e-36,3.8994045e-24,5.9010554e-30,3.7125324e-30,7.5936896e-29
3.7758774e-29,4.313572e-28,1.8445841e-25,8.6100855e-24,8.941186e-26,1.415608e-26,1.1934204e-21,1.0032248e-30
1.25451325e-26,4.8625714e-27,1.6902168e-22,2.5654681e-33,1.2693045e-13,2.9633594e-21,6.549358e-24,4.152872e-25
9.484771e-22,1.6546527e-27,1.7594884e-27,1.0419967e-28,2.0476288e-30,3.3932993e-28,0.0,5.242157e-25
2.2247108e-27,6.8760784e-20,5.3434527e-24,5.638566e-37,6.163567e-25,1.8913211e-30,1.0971795e-30,3.8148234e-29
3.534984e-26,9.796991e-20,1.4013894e-21,1.6415305e-21,1.6173408e-19,3.028049e-21,4.700744e-17,3.2069856e-25
1.3552702e-30,2.5319396e-30,4.7100072e-24,2.553415e-37,1.0998826e-15,1.5888318e-27,4.21996e-25,1.03279346e-25
2.8302567e-22,2.387712e-28,2.2581408e-28,1.9329782e-29,4.3049843e-31,6.9534906e-29,0.0,7.437543e-26
4.4301426e-19,1.0483675e-14,6.151999e-21,6.5563456e-35,3.1574357e-17,4.5338053e-24,2.8743238e-21,4.3810037e-26
1.2235547e-28,3.1897918e-27,2.8601223e-24,1.4500652e-23,1.8074107e-24,2.8464066e-25,9.883282e-21,6.1401077e-30
3.931743e-31,1.3698132e-30,1.9489688e-24,6.5464634e-38,4.924499e-16,2.7607541e-28,3.3329699e-25,5.674654e-26
2.0459048e-21,1.0263354e-20,1.0130465e-23,1.2367931e-20,4.0052013e-27,1.7886098e-25,3.0704837e-35,1.7211684e-22
5.488453e-26,1.8133762e-18,2.3060602e-23,8.9391624e-36,2.1844085e-23,1.7864991e-29,2.2361265e-29,8.288023e-29
5.91695e-29,6.7182527e-28,1.0372001e-24,1.1496061e-23,4.114083e-25,6.077713e-26,4.331858e-21,1.8543154e-30
1.9351946e-26,5.0414248e-27,1.7885307e-22,8.707015e-34,5.493786e-14,2.2517922e-21,6.77318e-24,2.4506876e-25
1.1827426e-21,9.772806e-27,6.25444e-27,8.974939e-28,4.012918e-30,6.9567844e-28,0.0,1.2744891e-24
7.485585e-27,4.820151e-19,1.193014e-23,3.2820923e-36,3.6058643e-24,3.8383667e-30,2.679857e-30,5.21926e-29
5.603004e-26,7.6257134e-20,1.3053063e-22,1.3300774e-21,8.671081e-20,7.6874503e-22,2.5376612e-17,4.9828286e-25
8.856092e-32,5.994369e-31,4.5415403e-25,0.0,1.2549743e-16,7.2134605e-29,1.5751824e-25,1.0788457e-26
8.201749e-22,1.2138346e-27,1.32257e-27,7.918026e-29,1.4377002e-30,2.5277055e-28,0.0,3.9630762e-25
2.008044e-18,1.1694263e-15,7.026956e-21,9.073394e-35,1.1289363e-17,2.2287234e-24,4.981242e-21,2.5243353e-26
2.585693e-29,2.9088497e-28,1.447455e-25,6.170251e-24,8.518958e-26,1.17509e-26,1.1137998e-21,7.7396734e-31
2.153823e-26,9.3724225e-27,2.5214822e-22,3.8370285e-33,1.3168805e-13,3.2967988e-21,9.3152995e-24,6.5415393e-25
4.5638143e-21,2.576312e-20,1.971891e-23,2.860488e-20,9.908884e-27,2.717252e-25,3.1827396e-36,3.105168e-23
1.5091152e-27,5.929359e-20,4.1451663e-24,4.2015587e-37,5.180986e-25,1.4032606e-30,7.4922827e-31,2.5047441e-29
4.661278e-26,1.2993667e-19,1.1621649e-21,2.0475208e-21,1.8424378e-19,3.9689846e-21,6.219853e-17,3.0083208e-25
2.5312331e-31,8.889435e-31,1.560935e-24,4.723991e-38,4.043048e-16,1.9376894e-28,2.203883e-25,4.726922e-26
2.356609e-22,2.0924738e-28,1.8058977e-28,1.3354153e-29,3.2028563e-31,5.849131e-29,0.0,6.4256406e-26
6.591332e-19,9.388403e-15,7.660055e-21,9.975595e-35,3.1542935e-17,5.7018275e-24,4.012034e-21,6.0663404e-26
4.4349054e-29,4.71728e-28,9.226069e-25,8.056585e-24,3.4427993e-25,5.2796636e-26,3.2987864e-21,1.2694631e-30
1.1554077e-26,3.9250972e-27,1.6931467e-22,1.683027e-33,9.2499264e-14,1.8622847e-21,5.7879963e-24,6.009659e-25
3.026121e-21,1.05248345e-20,1.3382547e-23,1.8326582e-20,5.2538837e-27,2.783112e-25,4.3690338e-35,1.7771119e-22
5.1358015e-27,4.275666e-19,9.7619044e-24,2.3389401e-36,2.7872676e-24,2.7327545e-30,1.8623825e-30,3.576839e-29
2.6283502e-26,5.196061e-20,1.204369e-21,1.1006346e-21,1.7230433e-19,2.5271743e-21,6.5776244e-17,1.5213068e-25
9.119246e-32,4.944018e-31,5.8733796e-25,0.0,1.4028423e-16,8.417192e-29,1.3552219e-25,1.27071086e-26
6.2297156e-22,1.0622366e-27,1.1293484e-27,5.7135926e-29,1.0298874e-30,1.8282657e-28,0.0,3.301159e-25
5.208129e-19,9.758523e-15,3.832079e-21,5.4889095e-35,2.798016e-17,3.8385838e-24,2.0596397e-21,2.97705e-26
2.5173693e-29,2.2732485e-28,1.5807687e-25,5.825298e-24,6.7007016e-26,1.3478177e-26,7.3235055e-22,8.092256e-31
8.9632764e-27,4.800662e-27,1.2165076e-22,2.0924687e-33,1.219017e-13,2.067709e-21,6.0003163e-24,5.5895154e-25
1.4976842e-21,8.328338e-21,1.0117256e-23,1.31089645e-20,2.3359724e-27,1.2432421e-25,3.402348e-35,1.6204015e-22
1.562142e-27,6.3100846e-20,3.0395943e-24,4.9254794e-37,4.4427714e-25,1.5691691e-30,8.150748e-31,2.2197748e-29
2.2143825e-26,7.700489e-20,1.8902408e-21,1.3226952e-21,1.7590793e-19,4.019893e-21,6.206699e-17,1.3659397e-25
1.746263e-26,5.240853e-27,2.1153134e-22,2.04356e-33,1.08481204e-13,2.0457877e-21,9.053392e-24,1.3112288e-24
2.2500565e-22,2.2662008e-28,2.4751585e-28,1.9173943e-29,3.1480082e-31,5.8026385e-29,0.0,8.2094955e-26
1.9662315e-19,1.7189771e-14,4.319894e-21,3.755898e-35,3.1969465e-17,5.3806597e-24,1.8955048e-21,4.2768578e-26
2.9762668e-26,4.489275e-20,1.8478488e-21,1.1170762e-21,2.6674902e-19,3.4672548e-21,1.1338441e-16,1.364799e-25
3.1548292e-28,2.2481363e-28,1.2419777e-23,1.5545976e-35,2.859677e-15,1.2805863e-23,1.0692227e-24,7.5862596e-26
1.2781912e-21,4.5977663e-21,5.9467214e-24,7.550134e-21,1.6166312e-27,1.1865452e-25,5.284878e-35,2.4411277e-22
6.506221e-19,1.7817385e-14,3.950104e-21,8.2949557e-35,4.2532376e-17,6.782255e-24,2.3812716e-21,3.8007395e-26
1.4843595e-26,3.8524793e-22,4.291866e-24,9.987269e-23,1.9770901e-21,7.0462754e-23,5.4445147e-19,1.6921875e-26
3.589734e-26,6.147359e-27,3.3550946e-22,1.8621454e-33,9.671973e-14,2.3085359e-21,1.3620594e-23,2.4966803e-24
1.6500627e-21,8.418317e-21,1.4029819e-23,1.5473735e-20,2.1097074e-27,1.3274997e-25,8.678262e-35,3.102754e-22
6.4624806e-21,2.5745381e-17,4.7531866e-22,2.5017955e-35,1.329252e-19,3.2124837e-25,2.301016e-23,1.4591067e-27
3.9362853e-26,3.3498802e-20,2.0010289e-21,9.44228e-22,3.49824e-19,3.8523934e-21,1.4766299e-16,1.3640443e-25
1.9927102e-29,2.3340372e-29,8.588992e-24,3.84451e-36,2.0422384e-15,1.1839138e-25,6.8117577e-25,1.2905894e-25
1.9144714e-21,3.9184203e-22,7.170567e-25,5.792375e-22,1.154327e-28,2.3437569e-26,9.986583e-38,7.13284e-24
1.3448238e-18,2.1884262e-14,3.836452e-21,1.3665327e-34,4.3208424e-17,1.0773955e-23,3.47699e-21,5.0599045e-26
1.634465e-27,1.0740711e-24,5.622215e-24,4.6905916e-23,5.3703473e-23,4.8295256e-24,6.728206e-20,3.0389275e-28
8.037541e-27,2.266539e-27,7.6154985e-23,1.6494854e-34,2.4064011e-14,8.245763e-22,3.7922133e-24,1.3056331e-25
1.9677377e-21,9.622422e-21,2.2729164e-23,1.9718714e-20,2.412562e-27,1.7298741e-25,1.8644689e-34,4.297178e-22
1.3439129e-23,9.050484e-18,1.2850107e-22,2.2323358e-35,1.9884964e-21,2.27885e-27,1.5186156e-26,4.198101e-28
2.9301465e-26,2.2628153e-20,3.154344e-23,5.096819e-22,3.9883376e-20,3.0023748e-22,1.2342923e-17,2.280505e-25
1.1769107e-27,6.886918e-28,3.0717442e-23,3.7050104e-35,5.3636955e-15,5.1023605e-23,1.9051068e-24,1.4133101e-25
2.0725893e-21,1.4400042e-24,6.1579234e-26,4.9197074e-25,2.2499883e-29,4.0224877e-27,4.0134225e-38,4.1751757e-24
1.1922209e-18,3.6341462e-16,3.1058223e-21,3.829421e-35,3.930075e-18,1.3047575e-24,2.4440081e-21,8.2755214e-27
2.4912932e-26,1.2812473e-21,6.660494e-24,1.8050286e-22,5.2459088e-21,1.4477225e-22,1.4634446e-18,4.0042253e-26
7.639022e-27,3.5149604e-27,9.108024e-23,9.520055e-34,7.9285584e-14,1.4675514e-21,4.5423747e-24,3.3740597e-25
2.7038052e-21,1.4694734e-20,1.09516794e-23,2.0421789e-20,3.663621e-27,1.2187817e-25,8.0154855e-37,1.2308748e-23
3.8962453e-20,4.6007236e-17,8.494864e-22,4.4578574e-35,3.1399556e-19,7.226172e-25,1.2886038e-22,2.821496e-27
1.7432812e-26,5.7899515e-20,6.802421e-22,9.257178e-22,1.2152988e-19,2.0382861e-21,4.3783004e-17,1.1241745e-25
4.5970684e-27,1.5399955e-27,4.9554993e-23,1.3363443e-34,1.8548646e-14,5.054802e-22,2.4374126e-24,9.252817e-26
2.5519263e-21,1.4762768e-21,2.4605905e-24,3.0549898e-21,3.8063945e-28,5.4751526e-26,2.7222882e-37,1.0256449e-23
2.491549e-19,7.187994e-15,3.5165403e-21,2.5232646e-35,1.8906197e-17,3.1697216e-24,1.7442636e-21,2.5278525e-26
2.1334455e-26,1.887014e-20,2.6209553e-23,4.0458899e-22,2.5943996e-20,2.743807e-22,8.028538e-18,1.3500466e-25
1.9866666e-31,5.207084e-31,1.3517787e-24,3.57329e-38,4.8295823e-16,1.4635545e-28,1.5346896e-25,3.5539814e-26
1.2772312e-21,4.6044888e-21,5.303771e-24,7.209969e-21,1.5348579e-27,1.0176973e-25,1.6310201e-35,1.0727332e-22
4.7329114e-19,2.872895e-16,2.1936717e-21,2.5101698e-35,3.1676526e-18,1.101927e-24,1.2360426e-21,6.2735797e-27
2.2844791e-29,3.0298176e-28,9.298466e-25,5.2100236e-24,2.8123863e-25,4.289406e-26,3.1933804e-21,6.8761445e-31
5.651666e-27,2.6385654e-27,8.2123266e-23,8.85892e-34,8.212647e-14,8.796373e-22,4.2285354e-24,7.3439726e-25
2.0322925e-21,6.6158358e-21,4.9036335e-24,1.06406955e-20,1.7278675e-27,8.096414e-26,5.2347914e-37,1.1946443e-23
4.6268183e-27,5.70417e-19,7.441381e-24,1.5999302e-36,2.9760882e-24,1.4869067e-30,1.1703232e-30,2.1290924e-29
9.888305e-27,2.6030938e-20,1.7350657e-21,5.6898394e-22,1.6594002e-19,3.1369357e-21,8.1985484e-17,3.451042e-26
5.8942027e-27,2.1177221e-27,6.8683083e-23,1.7750888e-34,1.723613e-14,5.3930974e-22,2.9845012e-24,1.2305732e-25
5.025002e-22,7.494409e-28,8.971482e-28,4.5106946e-29,7.742922e-31,1.3951063e-28,0.0,2.874526e-25
1.3708872e-19,2.2171006e-14,1.867777e-21,1.7710636e-35,2.6317034e-17,4.3719263e-24,8.938714e-22,2.1241149e-26
3.2585305e-26,2.1953971e-20,2.5157834e-23,4.8453634e-22,3.146225e-20,3.3379878e-22,8.7998485e-18,1.6658073e-25
7.096922e-27,1.4455665e-27,9.2821735e-23,3.3896925e-34,4.4984168e-14,6.7942517e-22,3.156148e-24,5.48563e-25
5.804231e-22,1.9709454e-21,3.7520954e-24,4.7559456e-21,4.502909e-28,4.8785892e-26,6.652078e-35,2.4757704e-22
6.7322653e-19,2.5795724e-16,2.8332612e-21,3.5355613e-35,2.830651e-18,1.2512931e-24,1.754574e-21,8.380003e-27
8.821991e-27,1.3568496e-20,5.849687e-22,3.0078547e-22,1.0677132e-19,1.2667552e-21,5.2253482e-17,3.108719e-26
4.7743332e-32,1.7900309e-31,3.7763896e-25,0.0,1.5164062e-16,4.4209195e-29,6.279905e-26,1.0578255e-26
2.7878038e-21,1.0462786e-20,7.856097e-24,1.4866137e-20,2.418496e-27,1.2026862e-25,6.671537e-37,1.1241798e-23
4.112401e-19,8.949801e-15,1.2990878e-21,1.67585e-35,1.549987e-17,2.4699194e-24,1.0066527e-21,1.1890912e-26
1.0228366e-29,1.0556074e-28,1.8893719e-25,2.5697306e-24,7.006836e-26,1.00462846e-26,8.885408e-22,2.9185037e-31
8.620359e-27,2.2685026e-27,1.2658946e-22,1.04993e-33,8.662777e-14,1.6296884e-21,3.3826312e-24,3.3400977e-25
5.7390613e-22,2.8497695e-21,5.3666996e-24,5.941356e-21,5.3067757e-28,3.8790895e-26,2.303268e-35,1.0551396e-22
1.1937809e-27,1.1353268e-19,2.4177062e-24,3.0197421e-37,6.0865564e-25,6.102393e-31,3.8477619e-31,8.122104e-30
1.6915099e-26,4.1897034e-20,6.5527134e-22,7.6066174e-22,9.9868275e-20,1.4747965e-21,3.6041034e-17,1.2697133e-25
3.5734332e-27,1.4538007e-27,5.427644e-23,5.6563043e-34,7.938652e-14,1.1506338e-21,2.2220003e-24,1.3804813e-25
1.831608e-22,2.0872362e-28,2.2294247e-28,1.2431495e-29,1.8887177e-31,3.4881483e-29,0.0,7.4326074e-26
5.460155e-19,6.5858662e-15,3.0188914e-21,3.602297e-35,2.1740902e-17,2.2584987e-24,1.7799963e-21,1.6239438e-26
8.5828875e-27,4.183682e-20,6.0445e-22,6.0565024e-22,6.935774e-20,1.2436811e-21,2.2608342e-17,8.013452e-26
2.2401246e-27,9.403646e-28,3.4731286e-23,2.403817e-34,4.8134565e-14,6.2918824e-22,1.3973622e-24,7.109254e-26
1.2616144e-21,7.626815e-21,8.813831e-24,1.28079346e-20,2.1757885e-27,8.7817044e-26,1.1691288e-35,9.531592e-23
1.418332e-19,6.7738055e-15,2.169496e-21,1.108244e-35,1.5614229e-17,1.7134234e-24,9.630055e-22,1.3541361e-26
5.6926252e-27,2.863862e-20,2.4744959e-22,3.8635913e-22,3.941391e-20,6.6136866e-22,1.5124827e-17,4.8661735e-26
2.367262e-27,9.274328e-28,3.2348803e-23,1.537994e-34,4.0128135e-14,3.1757402e-22,2.0305069e-24,4.015532e-25
6.567929e-22,2.6791847e-21,2.7613918e-24,4.045429e-21,9.084024e-28,4.8419537e-26,7.019106e-36,7.5924095e-23
1.1813596e-19,3.2151355e-15,1.5516405e-21,5.3339502e-36,8.440969e-18,8.761532e-25,6.6176994e-22,8.054699e-27
3.2673294e-27,8.718707e-21,6.4001873e-22,1.9381241e-22,9.880348e-20,1.2674464e-21,5.772405e-17,9.699528e-27
1.7731257e-27,1.0476729e-27,2.9041447e-23,2.3633918e-34,4.963629e-14,3.5360164e-22,1.6665136e-24,3.456261e-25
4.938197e-22,1.8342451e-21,1.6514266e-24,2.7973166e-21,5.797022e-28,3.2351713e-26,2.5191759e-36,3.0664405e-23
7.9081006e-20,1.2975397e-14,7.318813e-22,4.5725098e-36,1.3713908e-17,2.0443569e-24,3.8998696e-22,7.034578e-27
2.9664153e-27,1.3229582e-20,9.351411e-22,2.4733634e-22,9.100328e-20,1.8878124e-21,5.0893128e-17,8.641035e-27
2.1650663e-27,9.8908665e-28,3.5461592e-23,2.1825638e-34,4.6683438e-14,4.3338064e-22,1.6726023e-24,2.345574e-25
2.3255402e-22,8.58923e-22,1.6388252e-24,2.086376e-21,1.251873e-28,1.629187e-26,1.9778605e-35,1.1488526e-22
3.7637574e-20,1.6485553e-14,7.694081e-22,3.417709e-36,1.4027774e-17,2.1552388e-24,3.3597053e-22,8.634873e-27
4.1205186e-27,1.4271234e-20,5.1848296e-22,2.7827764e-22,6.955247e-20,1.1651213e-21,3.5926413e-17,1.8676226e-26
1.2008328e-27,4.9494035e-28,2.2069394e-23,1.5526012e-34,5.1313114e-14,4.4405245e-22,9.304143e-25,8.4027035e-26
2.0144693e-22,5.82637e-22,1.0932056e-24,1.606088e-21,1.0302028e-28,1.6239316e-26,2.3296183e-35,1.4231262e-22
8.706812e-20,8.3337674e-15,9.639244e-22,5.151141e-36,1.2339864e-17,1.4637304e-24,4.9056405e-22,7.3130464e-27
2.8339335e-27,1.4982734e-20,4.1898745e-22,2.474628e-22,4.0257106e-20,7.02229e-22,1.685206e-17,2.2901017e-26
2.1537975e-27,5.3990504e-28,3.449152e-23,1.6536561e-34,3.8991342e-14,6.8031213e-22,9.24654e-25,3.335372e-26
3.257643e-22,1.3173727e-21,1.8167287e-24,2.8507697e-21,2.323405e-28,2.2320648e-26,9.766946e-36,7.5695924e-23
5.465696e-20,6.4928455e-15,8.250482e-22,2.840371e-36,1.0339212e-17,8.487628e-25,3.7416652e-22,4.867898e-27
6.0985885e-27,2.5899993e-20,1.0225515e-22,3.339542e-22,2.2140258e-20,2.6776918e-22,7.329194e-18,8.555956e-26
1.0092093e-29,1.0168066e-29,2.1460423e-24,7.3719963e-37,7.6998e-16,1.4685621e-25,1.6807114e-25,2.20975e-26
2.5503191e-22,1.0829676e-21,1.0977021e-24,1.9154504e-21,2.180415e-28,1.6011656e-26,3.2475442e-36,4.8375857e-23
2.6556114e-19,1.230251e-15,1.5122776e-21,5.5983396e-36,6.0670823e-18,4.3092035e-25,7.8637805e-22,4.5931245e-27
7.740365e-28,2.8592494e-24,9.768715e-25,1.459566e-23,5.6810096e-23,3.5657448e-24,4.8542115e-20,2.2661404e-28
2.8773413e-28,1.3553025e-28,6.3796814e-24,8.2726104e-36,3.868457e-15,3.405082e-23,4.249766e-25,1.6326088e-26
6.43635e-22,3.4258275e-21,2.2616455e-24,4.008928e-21,1.1074752e-27,3.0900736e-26,5.37888e-37,1.2354285e-23
3.95817e-23,4.2717067e-18,5.35282e-23,2.37378e-36,2.833553e-21,3.6174176e-27,6.1037354e-26,1.2429462e-28
5.122281e-27,1.4364184e-21,3.7235355e-24,6.870247e-23,2.939199e-21,5.0477663e-23,8.803503e-19,1.8973736e-26
3.841908e-32,1.3551506e-31,3.3615848e-25,0.0,1.614483e-16,3.1960976e-29,4.1323893e-26,8.523537e-27
5.569368e-22,2.833646e-24,3.0385828e-26,2.0551787e-24,5.841257e-30,1.557893e-27,0.0,1.1071516e-24
2.4545486e-20,4.3534023e-17,3.6053316e-22,3.5865955e-36,3.8314396e-19,2.3289992e-25,7.6035393e-23,7.8019364e-28
6.026126e-30,9.5138706e-29,1.7999653e-25,1.9453886e-24,6.224596e-26,9.303993e-27,9.723262e-22,1.3998969e-31
6.8068648e-28,5.293997e-28,1.3065611e-23,1.225139e-34,4.1645154e-14,2.2403014e-22,8.3841695e-25,1.3954919e-25
5.826437e-22,6.8243047e-22,4.776427e-25,1.201446e-21,1.048448e-28,1.1684833e-26,3.2758597e-38,2.9399237e-24
1.0103005e-27,1.2856844e-19,2.1402049e-24,1.9571436e-37,6.283166e-25,3.352188e-31,2.5334163e-31,5.6857808e-30
1.3048052e-27,1.03081624e-20,7.3090757e-22,1.5750466e-22,5.2445316e-20,1.3511982e-21,2.9328215e-17,4.4361616e-27
1.3372228e-32,6.4883074e-32,1.1972207e-25,0.0,7.164854e-17,1.16926615e-29,2.2617986e-26,3.3328903e-27
1.5906733e-22,1.3422443e-28,1.5995217e-28,9.042699e-30,1.4155449e-31,2.9078828e-29,0.0,5.877658e-26
1.264313e-20,1.4673692e-14,4.641308e-22,1.02964075e-36,9.188626e-18,1.2544617e-24,1.6767629e-22,5.133705e-27
3.1362513e-30,4.5208927e-29,6.186861e-26,1.1078782e-24,2.4228467e-26,2.9204143e-27,4.847175e-22,6.8803653e-32
1.1865848e-27,3.1685546e-28,1.874549e-23,6.558797e-35,2.4108347e-14,3.6554355e-22,5.590624e-25,1.8019084e-26
9.908981e-23,2.2980437e-22,4.013556e-25,6.53903e-22,4.244459e-29,7.667925e-27,1.0908543e-35,9.2718754e-23
4.264879e-28,4.7456906e-20,1.1613654e-24,5.293203e-38,2.3043872e-25,1.4542637e-31,1.0385307e-31,2.8672688e-30
3.661623e-27,1.6528229e-20,4.4774672e-23,2.0903505e-22,1.3099367e-20,1.343406e-22,4.6874195e-18,4.691962e-26
4.249824e-28,3.1530006e-28,8.902702e-24,6.554145e-35,3.505777e-14,1.5819714e-22,5.4291917e-25,9.974766e-26
7.6627064e-23,5.0001267e-29,5.086196e-29,3.024745e-30,5.241939e-32,9.657976e-30,0.0,1.8098857e-26
1.7843083e-19,6.3310017e-16,9.895123e-22,2.4253681e-36,3.4141565e-18,2.4136047e-25,4.754093e-22,2.5725026e-27
8.057553e-28,6.740302e-21,5.198495e-22,1.090408e-22,3.810928e-20,9.575767e-22,2.1612486e-17,2.9163175e-27
4.345978e-28,2.8892972e-28,9.3999e-24,4.9599887e-35,2.8332061e-14,1.3587338e-22,5.0538497e-25,7.927195e-26
4.2163464e-22,1.9671973e-21,1.191399e-24,2.3721236e-21,5.8806345e-28,1.7107373e-26,1.8535521e-37,5.8191228e-24
9.062494e-21,1.2459838e-14,3.0330998e-22,5.746312e-37,7.361586e-18,8.710112e-25,1.190755e-22,3.0309868e-27
8.396479e-28,5.777174e-21,3.016242e-22,9.8494364e-23,2.9463068e-20,6.6557005e-22,1.7859377e-17,3.038129e-27
6.0498183e-33,4.2921096e-32,5.524519e-26,0.0,2.9798702e-17,5.7675692e-30,1.4706356e-26,1.2059606e-27
7.0456304e-23,1.7438635e-22,2.8999683e-25,5.096216e-22,2.5194444e-29,4.903121e-27,5.937301e-36,7.03148e-23
1.4044137e-20,7.362046e-15,2.9880244e-22,5.8635386e-37,5.485712e-18,5.9098787e-25,1.2516e-22,2.5187167e-27
2.0509433e-30,2.8958833e-29,1.5439137e-26,8.50711e-25,6.5192374e-27,1.0227908e-27,1.4509069e-22,4.631469e-32
1.6425958e-28,2.1637028e-28,3.9943136e-24,3.7497133e-35,3.1710562e-14,8.576948e-23,3.4606145e-25,7.1775415e-26
7.63292e-23,2.1988732e-22,3.2966288e-25,6.272184e-22,3.175075e-29,5.0273096e-27,3.4445403e-36,3.9865215e-23
1.659051e-28,1.0150595e-20,5.09003e-25,1.4569739e-38,5.550692e-26,9.070536e-32,5.4075115e-32,2.1401086e-30
3.2909068e-28,4.967466e-21,7.258286e-22,7.2622977e-23,3.3350384e-20,1.1755367e-21,2.1241813e-17,9.445819e-28
4.080447e-33,2.2168013e-32,4.445549e-26,0.0,3.5730695e-17,4.062049e-30,9.0363685e-27,1.1287668e-27
3.1336076e-23,1.3657285e-29,1.3686492e-29,1.1214774e-30,2.0729174e-32,3.786853e-30,0.0,5.6691994e-27
1.8088344e-21,2.045288e-14,1.7037789e-22,1.6193139e-37,6.0819824e-18,7.8980414e-25,4.9646005e-23,2.4963432e-27
1.0818024e-30,1.7623076e-29,2.0954717e-26,4.7270685e-25,9.1252895e-27,1.0514043e-27,2.0563493e-22,2.2111763e-32
6.5311623e-34,1.11719784e-32,1.3535523e-26,0.0,6.7820948e-18,7.96619e-31,3.6292494e-27,4.0654017e-28
2.6545324e-23,4.3613175e-23,8.244425e-26,1.5351487e-22,6.0876784e-30,2.2528504e-27,7.4708305e-36,8.423159e-23
1.4573593e-28,1.919921e-20,4.886639e-25,1.2252019e-38,8.106396e-26,4.938191e-32,3.3143836e-32,1.0318378e-30
7.976711e-31,5.438796e-30,2.2264087e-27,2.2098856e-25,9.501762e-28,1.613242e-28,3.5976497e-23,1.06698146e-32
1.3355915e-32,5.5189624e-32,1.4806109e-25,0.0,8.75572e-17,1.17280414e-29,1.8368521e-26,3.5574653e-27
3.1207836e-23,1.5889453e-29,1.5935829e-29,9.031903e-31,1.6412521e-32,3.1753033e-30,0.0,6.4140046e-27
3.8964503e-29,1.4651293e-21,1.6825397e-25,0.0,6.745168e-27,1.4056163e-32,1.6621959e-32,8.298138e-31
2.5654036e-30,3.984715e-29,7.612582e-26,9.161399e-25,2.661301e-26,3.9534238e-27,4.805071e-22,5.209844e-32
3.4379687e-33,2.4070679e-32,3.7087463e-26,0.0,2.5025059e-17,3.5638574e-30,9.1817516e-27,7.8768777e-28
7.966339e-24,3.0477708e-30,2.7803462e-30,1.9446027e-31,2.1257609e-33,9.360935e-31,0.0,8.343668e-28
4.0353192e-28,6.2373076e-20,1.0808363e-24,5.780717e-38,2.5024194e-25,1.2743775e-31,9.4306415e-32,2.4166018e-30
1.1982777e-30,1.6823245e-29,1.1595404e-26,5.147908e-25,5.307609e-27,7.3040648e-28,1.203978e-22,2.6081272e-32
2.6397622e-28,1.3931705e-28,5.816904e-24,2.5366218e-35,2.0050666e-14,1.2421348e-22,2.1757407e-25,1.3267396e-26
7.475812e-23,5.251654e-29,6.1912665e-29,3.2948223e-30,5.2035273e-32,1.13392315e-29,0.0,2.3051596e-26
1.0515e-28,8.815458e-21,3.6652462e-25,0.0,4.1806223e-26,5.372188e-32,3.1724912e-32,1.1564944e-30
6.690045e-28,7.479756e-21,7.5511053e-23,8.223362e-23,9.374453e-21,1.8741567e-22,4.5481442e-18,5.0364848e-27
3.4957678e-29,1.5099717e-29,1.0125552e-24,2.8877869e-36,9.827222e-15,2.0505437e-23,4.2576333e-26,1.2268463e-26
2.3008318e-23,1.0417299e-29,1.0285256e-29,7.4766933e-31,1.2799943e-32,2.5483345e-30,0.0,4.2166572e-27
1.6156072e-20,1.6545934e-15,2.8861114e-22,2.838409e-37,2.5266484e-18,1.8665625e-25,1.1235159e-22,1.4158772e-27
5.115422e-29,7.8758197e-22,1.0562148e-22,9.925584e-24,5.6537746e-21,1.3135182e-22,4.17323e-18,1.499062e-28
2.6475983e-28,6.243894e-30,3.9316374e-24,4.8749184e-36,8.0105625e-15,9.132551e-23,4.9237034e-26,9.712635e-27
7.6345504e-23,2.0154686e-22,1.9001415e-25,4.1767572e-22,4.7060083e-29,3.8782147e-27,3.0060879e-37,8.418818e-24
1.3260042e-21,6.1040028e-15,3.3039842e-23,1.6406838e-38,1.7242737e-18,1.0611199e-25,1.3335257e-23,2.436803e-28
2.3562963e-28,8.122198e-22,1.3611459e-22,8.9673945e-24,3.5975713e-21,2.5108556e-23,2.6947892e-18,7.923407e-28
6.4999034e-24,1.637801e-23,2.698142e-26,5.1188534e-23,1.1589765e-30,2.5899097e-28,3.5429022e-37,1.2760659e-23
4.2834834e-20,6.6534654e-15,9.4640564e-23,7.153717e-38,2.2938531e-18,9.8139424e-26,4.0735313e-23,6.568485e-28
1.8932916e-23,8.208537e-23,1.1115224e-25,8.016338e-23,1.0215029e-29,3.3294447e-28,3.2302822e-37,6.8037636e-24
